https://images.proteinatlas.org/29606/2238_C6_36
https://images.proteinatlas.org/4109/1843_B2_30_cr5af971a2648d6
https://images.proteinatlas.org/43018/2191_F7_60
https://images.proteinatlas.org/4109/1843_B2_17_cr5af971a263864
https://images.proteinatlas.org/43018/2191_F7_48
https://images.proteinatlas.org/29606/2238_C6_29
https://images.proteinatlas.org/43018/2229_E11_11
https://images.proteinatlas.org/17335/2239_G5_1
https://images.proteinatlas.org/43018/2229_E11_16
https://images.proteinatlas.org/17335/2239_G5_43
https://images.proteinatlas.org/17335/2234_B8_21
https://images.proteinatlas.org/17335/2234_B8_42
https://images.proteinatlas.org/9277/1732_B2_13_cr580609aeb2c05
https://images.proteinatlas.org/9277/1732_B2_23_cr580609b816736
https://images.proteinatlas.org/26679/2240_D3_22
https://images.proteinatlas.org/7700/1722_G7_7_cr57f7a802451ae
https://images.proteinatlas.org/26679/2240_D3_36
https://images.proteinatlas.org/26679/2244_E10_36
https://images.proteinatlas.org/26679/2234_B4_21
https://images.proteinatlas.org/26679/2244_E10_48
https://images.proteinatlas.org/26679/2234_B4_63
https://images.proteinatlas.org/35255/2210_H5_1
https://images.proteinatlas.org/35255/2210_H5_70
https://images.proteinatlas.org/7700/1722_G7_2_cr57f7a7f874595
https://images.proteinatlas.org/35255/2153_D12_36
https://images.proteinatlas.org/35255/2153_D12_48
https://images.proteinatlas.org/35255/2148_D10_84
https://images.proteinatlas.org/2946/fp14_E5_1
https://images.proteinatlas.org/35255/2148_D10_21
https://images.proteinatlas.org/2946/fp14_B5_1
https://images.proteinatlas.org/2946/fp14_B5_2
https://images.proteinatlas.org/63788/1797_H2_18_cr5a05873cb9296
https://images.proteinatlas.org/38311/2238_E6_29
https://images.proteinatlas.org/38311/2238_E6_50
https://images.proteinatlas.org/38311/2241_D7_14
https://images.proteinatlas.org/38311/2241_D7_28
https://images.proteinatlas.org/38311/2244_B5_13
https://images.proteinatlas.org/38311/2234_F5_21
https://images.proteinatlas.org/38311/2234_F5_42
https://images.proteinatlas.org/38311/si22_H4_33
https://images.proteinatlas.org/38311/si22_H6_34
https://images.proteinatlas.org/8421/2169_D12_14
https://images.proteinatlas.org/38311/si22_H6_35
https://images.proteinatlas.org/38311/si22_H4_35
https://images.proteinatlas.org/8421/2169_D12_42
https://images.proteinatlas.org/8421/2151_E10_24
https://images.proteinatlas.org/8421/2151_E10_48
https://images.proteinatlas.org/8421/2133_F11_21
https://images.proteinatlas.org/38311/2244_B5_25
https://images.proteinatlas.org/8421/2133_F11_63
https://images.proteinatlas.org/43257/2232_G6_14
https://images.proteinatlas.org/43257/2232_G6_28
https://images.proteinatlas.org/43257/2201_D7_21
https://images.proteinatlas.org/43257/2201_D7_84
https://images.proteinatlas.org/2946/fp14_E5_2
https://images.proteinatlas.org/43257/2228_E6_6
https://images.proteinatlas.org/42866/1744_D12_7_cr57fe1dcf2d888
https://images.proteinatlas.org/43257/2228_E6_26
https://images.proteinatlas.org/55194/2205_F10_6
https://images.proteinatlas.org/42318/2215_B3_6
https://images.proteinatlas.org/27144/2239_D4_36
https://images.proteinatlas.org/42866/1744_D12_21_cr57fe1dda5aad4
https://images.proteinatlas.org/27144/2239_D4_57
https://images.proteinatlas.org/4714/2200_H3_6
https://images.proteinatlas.org/4714/2200_H3_31
https://images.proteinatlas.org/47037/2160_B12_12
https://images.proteinatlas.org/47037/2160_B12_36
https://images.proteinatlas.org/47037/2129_B4_21
https://images.proteinatlas.org/47037/2129_B4_42
https://images.proteinatlas.org/42923/1767_D2_10_cr594ba0be0e8e0
https://images.proteinatlas.org/42923/1767_D2_17_cr594ba0be0e9f7
https://images.proteinatlas.org/77366/1743_G1_13_cr57ff94da182d2
https://images.proteinatlas.org/77366/1743_G1_28_cr57ff94ee6d957
https://images.proteinatlas.org/77366/1760_B11_17_cr594b79e2452cd
https://images.proteinatlas.org/77366/1706_E7_3_cr57e391995f168
https://images.proteinatlas.org/77366/1760_B11_22_cr594b79ecda508
https://images.proteinatlas.org/77366/1706_E7_23_cr57e391b087f38
https://images.proteinatlas.org/19535/si12_H7_2
https://images.proteinatlas.org/19535/si12_H7_3
https://images.proteinatlas.org/19535/si12_H8_4
https://images.proteinatlas.org/19535/si12_H8_3
https://images.proteinatlas.org/19535/si12_H8_8
https://images.proteinatlas.org/19535/si12_H7_5
https://images.proteinatlas.org/19535/si12_H9_2
https://images.proteinatlas.org/19535/si12_H9_3
https://images.proteinatlas.org/19535/si12_H9_7
https://images.proteinatlas.org/8477/2218_G9_21
https://images.proteinatlas.org/8477/2218_G9_41
https://images.proteinatlas.org/39186/2153_C12_48
https://images.proteinatlas.org/39186/2146_C11_43
https://images.proteinatlas.org/55194/2205_F10_31
https://images.proteinatlas.org/39186/2146_C11_84
https://images.proteinatlas.org/20036/2150_G1_24
https://images.proteinatlas.org/20036/2150_G1_48
https://images.proteinatlas.org/20036/2148_D6_42
https://images.proteinatlas.org/20036/2209_G2_11
https://images.proteinatlas.org/20036/2209_G2_21
https://images.proteinatlas.org/20639/2203_A4_11
https://images.proteinatlas.org/20639/2203_A4_16
https://images.proteinatlas.org/30775/fp12_E4_1
https://images.proteinatlas.org/30775/fp12_E4_2
https://images.proteinatlas.org/39186/2153_C12_24
https://images.proteinatlas.org/30775/fp12_B4_3
https://images.proteinatlas.org/30775/fp12_B4_2
https://images.proteinatlas.org/77399/1722_D6_8_cr57f7a8e157f93
https://images.proteinatlas.org/77399/1722_D6_23_cr57f7a8eb40f50
https://images.proteinatlas.org/77399/1732_H7_13_cr5806221908492
https://images.proteinatlas.org/77399/1732_H7_19_cr58062221bc7a2
https://images.proteinatlas.org/34771/2200_H8_1
https://images.proteinatlas.org/34771/2200_H8_26
https://images.proteinatlas.org/23707/1973_G12_3_cr5de780793939f
https://images.proteinatlas.org/23707/1973_G12_13_cr5de78079399f5
https://images.proteinatlas.org/23707/1891_K9_12_cr5bbdbf2dd0d75
https://images.proteinatlas.org/23707/1891_K9_24_cr5bbdbf2dd16e4
https://images.proteinatlas.org/23707/fp15_G4_2
https://images.proteinatlas.org/23707/fp15_G4_3
https://images.proteinatlas.org/23707/fp15_D4_1
https://images.proteinatlas.org/23707/fp15_D4_4
https://images.proteinatlas.org/29635/2183_F6_28
https://images.proteinatlas.org/29635/2183_F6_56
https://images.proteinatlas.org/29635/2184_B7_12
https://images.proteinatlas.org/29635/2184_B7_36
https://images.proteinatlas.org/29635/2199_H6_11
https://images.proteinatlas.org/29635/2199_H6_41
https://images.proteinatlas.org/77157/2166_G2_12
https://images.proteinatlas.org/20036/2148_D6_63
https://images.proteinatlas.org/77157/2166_G2_24
https://images.proteinatlas.org/77157/2201_E3_43
https://images.proteinatlas.org/77157/2201_E3_85
https://images.proteinatlas.org/48962/1918_D3_3_cr5cb482e3de32c
https://images.proteinatlas.org/48962/1918_D3_30_cr5cb482e3e0643
https://images.proteinatlas.org/19077/2145_B6_21
https://images.proteinatlas.org/70227/1872_D3_14_cr5b50506e09f32
https://images.proteinatlas.org/70227/1872_D3_22_cr5b50506e0c173
https://images.proteinatlas.org/77897/1707_H9_13_cr57eaac177a32f
https://images.proteinatlas.org/19077/2145_B6_84
https://images.proteinatlas.org/77897/1707_H9_18_cr57eaac1ee46b5
https://images.proteinatlas.org/77897/1712_E10_8_cr5804d4283fab5
https://images.proteinatlas.org/77897/1712_E10_13_cr5804d43232441
https://images.proteinatlas.org/77897/1692_H10_3_cr57d27f5becb02
https://images.proteinatlas.org/77897/1692_H10_13_cr57d27f620c822
https://images.proteinatlas.org/3525/1912_A12_10_cr5c82688822362
https://images.proteinatlas.org/3525/1912_A12_19_cr5c82688822369
https://images.proteinatlas.org/5434/1752_F10_13_cr5804d3ad2587b
https://images.proteinatlas.org/41779/2147_F8_22
https://images.proteinatlas.org/41779/2147_F8_42
https://images.proteinatlas.org/36449/1788_G7_3_cr5971f5a241d62
https://images.proteinatlas.org/36449/1788_G7_7_cr5971f5a241d6e
https://images.proteinatlas.org/36449/1692_D2_3_cr57d2752068ecc
https://images.proteinatlas.org/36449/1692_D2_23_cr57d277eb20b68
https://images.proteinatlas.org/53470/1874_E11_12_cr5b9e71d55bed5
https://images.proteinatlas.org/53470/1874_E11_28_cr5b9e71d55bed4
https://images.proteinatlas.org/5434/1752_F10_8_cr5804d3a31a161
https://images.proteinatlas.org/23887/2165_F10_12
https://images.proteinatlas.org/23887/2147_E6_21
https://images.proteinatlas.org/23887/2147_E6_84
https://images.proteinatlas.org/8467/2204_C12_26
https://images.proteinatlas.org/8467/2204_C12_11
https://images.proteinatlas.org/23887/2165_F10_37
https://images.proteinatlas.org/19077/2150_C1_36
https://images.proteinatlas.org/21372/2183_B2_56
https://images.proteinatlas.org/21372/2183_B2_70
https://images.proteinatlas.org/21372/2123_C10_48
https://images.proteinatlas.org/21372/2127_G6_21
https://images.proteinatlas.org/21372/2123_C10_24
https://images.proteinatlas.org/35950/1891_G15_2_cr5bbdc5d77d01c
https://images.proteinatlas.org/35950/1891_G15_10_cr5bbdc5d77d438
https://images.proteinatlas.org/37641/2152_C8_36
https://images.proteinatlas.org/37641/2152_C8_48
https://images.proteinatlas.org/29065/2148_E9_21
https://images.proteinatlas.org/29065/2148_E9_63
https://images.proteinatlas.org/40493/2176_G3_42
https://images.proteinatlas.org/40493/2176_G3_70
https://images.proteinatlas.org/40493/2165_G3_36
https://images.proteinatlas.org/40493/2165_G3_12
https://images.proteinatlas.org/40493/2146_E10_42
https://images.proteinatlas.org/40493/2146_E10_84
https://images.proteinatlas.org/4840/1852_D3_20_cr5afd37edbb5e8
https://images.proteinatlas.org/4840/1852_D3_29_cr5afd37edbb5e9
https://images.proteinatlas.org/4840/1914_E5_15_cr5c8770e98e94d
https://images.proteinatlas.org/4840/1914_E5_29_cr5c8770e98ed84
https://images.proteinatlas.org/47699/2177_H5_70
https://images.proteinatlas.org/47699/2161_D5_12
https://images.proteinatlas.org/47699/2161_D5_24
https://images.proteinatlas.org/47699/2177_H5_56
https://images.proteinatlas.org/47699/2149_A1_63
https://images.proteinatlas.org/47699/2149_A1_84
https://images.proteinatlas.org/36696/2171_A11_28
https://images.proteinatlas.org/36696/2171_A11_57
https://images.proteinatlas.org/36696/2152_D11_36
https://images.proteinatlas.org/36696/2152_D11_48
https://images.proteinatlas.org/36696/2129_F8_1
https://images.proteinatlas.org/36696/2129_F8_64
https://images.proteinatlas.org/21372/2127_G6_63
https://images.proteinatlas.org/66751/2160_E4_13
https://images.proteinatlas.org/66751/2160_E4_48
https://images.proteinatlas.org/66751/2147_D9_63
https://images.proteinatlas.org/66751/2147_D9_84
https://images.proteinatlas.org/2044/2183_A5_84
https://images.proteinatlas.org/2044/2191_A7_36
https://images.proteinatlas.org/66751/2176_E12_42
https://images.proteinatlas.org/2044/2191_A7_58
https://images.proteinatlas.org/2044/2199_F5_1
https://images.proteinatlas.org/2044/2199_F5_31
https://images.proteinatlas.org/13657/1878_C6_11_cr5b80377927d90
https://images.proteinatlas.org/37570/2153_E12_12
https://images.proteinatlas.org/13657/1878_C6_27_cr5b8037792853b
https://images.proteinatlas.org/37570/2153_E12_36
https://images.proteinatlas.org/37570/2133_F4_41
https://images.proteinatlas.org/37570/2133_F4_63
https://images.proteinatlas.org/2022/1813_F8_17_cr59f33e96bd992
https://images.proteinatlas.org/2022/1813_F8_24_cr59f33e96be102
https://images.proteinatlas.org/19136/2183_D7_86
https://images.proteinatlas.org/19136/2183_D7_98
https://images.proteinatlas.org/19136/2184_F7_36
https://images.proteinatlas.org/19136/2184_F7_60
https://images.proteinatlas.org/19136/2206_F10_21
https://images.proteinatlas.org/19136/2206_F10_63
https://images.proteinatlas.org/19136/2202_C9_11
https://images.proteinatlas.org/19136/2202_C9_16
https://images.proteinatlas.org/8808/1891_E5_12_cr64086fe9aead0
https://images.proteinatlas.org/8808/1891_E5_24_cr5ba0baf2acf9e
https://images.proteinatlas.org/50378/1925_A6_21_cr5cd569b851897
https://images.proteinatlas.org/50378/1925_A6_29_cr5cd569b8518ba
https://images.proteinatlas.org/50378/1938_G9_14_cr5d63b6b25f871
https://images.proteinatlas.org/50378/1938_G9_17_cr5d24888f97aab
https://images.proteinatlas.org/1154/si26_E4_2
https://images.proteinatlas.org/1154/si26_E4_3
https://images.proteinatlas.org/1154/si26_E4_5
https://images.proteinatlas.org/2044/2183_A5_57
https://images.proteinatlas.org/1154/si26_E4_17
https://images.proteinatlas.org/1154/si26_E6_3
https://images.proteinatlas.org/1154/si26_E6_1
https://images.proteinatlas.org/1154/si26_E6_13
https://images.proteinatlas.org/1154/si26_E6_18
https://images.proteinatlas.org/21400/2238_C3_57
https://images.proteinatlas.org/75204/1872_F9_5_cr5b5058a318e5c
https://images.proteinatlas.org/75204/1872_F9_22_cr5b5058a318fcb
https://images.proteinatlas.org/66751/2160_E4_13
https://images.proteinatlas.org/66751/2160_E4_48
https://images.proteinatlas.org/66751/2176_E12_42
https://images.proteinatlas.org/66751/2147_D9_63
https://images.proteinatlas.org/66751/2147_D9_84
https://images.proteinatlas.org/55125/1855_G2_11_cr5ad8755e208a7
https://images.proteinatlas.org/53295/2183_D8_14
https://images.proteinatlas.org/1762/1774_A1_18_cr5950f63193aba
https://images.proteinatlas.org/53295/2183_D8_56
https://images.proteinatlas.org/1762/1774_A1_22_cr5950f6319513b
https://images.proteinatlas.org/47373/si15_G1_1
https://images.proteinatlas.org/47373/si15_G2_1
https://images.proteinatlas.org/47373/si15_G1_4
https://images.proteinatlas.org/55125/1855_G2_21_cr5ad8755e2139e
https://images.proteinatlas.org/47373/si15_G2_2
https://images.proteinatlas.org/47373/si15_G3_1
https://images.proteinatlas.org/47373/si15_G3_2
https://images.proteinatlas.org/24235/2168_B7_42
https://images.proteinatlas.org/24235/2168_B7_56
https://images.proteinatlas.org/78625/1715_C7_3_cr57fd361368d8a
https://images.proteinatlas.org/78625/1715_C7_19_cr57fdeb2a72c4c
https://images.proteinatlas.org/78625/1759_G1_13_cr5963a3441c1e7
https://images.proteinatlas.org/78625/1759_G1_18_cr5963a3441e492
https://images.proteinatlas.org/78625/2168_C3_43
https://images.proteinatlas.org/78625/2168_C3_70
https://images.proteinatlas.org/78625/2120_D11_36
https://images.proteinatlas.org/21400/2238_C3_29
https://images.proteinatlas.org/78625/2134_G3_56
https://images.proteinatlas.org/78625/2120_D11_48
https://images.proteinatlas.org/78625/2134_G3_77
https://images.proteinatlas.org/78625/2200_F2_6
https://images.proteinatlas.org/78625/2200_F2_21
https://images.proteinatlas.org/37001/fp12_B3_2
https://images.proteinatlas.org/5625/1813_E8_30_cr59f33fe02f5b5
https://images.proteinatlas.org/37001/fp12_B3_4
https://images.proteinatlas.org/23527/2240_D7_29
https://images.proteinatlas.org/23527/2240_D7_57
https://images.proteinatlas.org/37011/2241_E7_56
https://images.proteinatlas.org/37011/2241_E7_42
https://images.proteinatlas.org/37011/2244_C5_13
https://images.proteinatlas.org/37011/2244_C5_25
https://images.proteinatlas.org/37011/2234_G5_21
https://images.proteinatlas.org/63777/fp18_E10_5
https://images.proteinatlas.org/37011/2234_G5_84
https://images.proteinatlas.org/63777/fp18_E10_7
https://images.proteinatlas.org/63777/fp18_B10_3
https://images.proteinatlas.org/63777/fp18_B10_5
https://images.proteinatlas.org/67906/2185_G11_28
https://images.proteinatlas.org/67906/2185_G11_42
https://images.proteinatlas.org/67906/2161_F12_25
https://images.proteinatlas.org/67906/2161_F12_48
https://images.proteinatlas.org/67906/2217_G2_21
https://images.proteinatlas.org/37362/fp9_E3_1
https://images.proteinatlas.org/67906/2217_G2_26
https://images.proteinatlas.org/37362/fp9_B3_2
https://images.proteinatlas.org/37362/fp9_B3_4
https://images.proteinatlas.org/64664/2241_F8_14
https://images.proteinatlas.org/64664/2234_E6_21
https://images.proteinatlas.org/64664/2234_E6_42
https://images.proteinatlas.org/64664/2241_F8_56
https://images.proteinatlas.org/5625/1813_E8_4_cr59f33fe02e648
https://images.proteinatlas.org/4726/2218_G3_31
https://images.proteinatlas.org/4726/2218_G3_41
https://images.proteinatlas.org/46229/2179_H3_12
https://images.proteinatlas.org/46229/2179_H3_24
https://images.proteinatlas.org/37362/fp9_E3_3
https://images.proteinatlas.org/46229/2216_F7_36
https://images.proteinatlas.org/40761/1918_D10_5_cr5cb483533dc11
https://images.proteinatlas.org/40761/1918_D10_6_cr5cb483533df2c
https://images.proteinatlas.org/40761/1891_D12_1_cr5bbddd8309d5d
https://images.proteinatlas.org/40761/1891_D12_27_cr5bbddd830aae6
https://images.proteinatlas.org/40761/2166_G10_37
https://images.proteinatlas.org/40761/2166_G10_48
https://images.proteinatlas.org/74687/1872_F7_8_cr5b51f0e8e5bf7
https://images.proteinatlas.org/74687/1872_F7_25_cr5b51f0e8e5339
https://images.proteinatlas.org/52410/si22_C1_31
https://images.proteinatlas.org/52410/si22_C1_32
https://images.proteinatlas.org/52410/si22_C1_36
https://images.proteinatlas.org/52410/si22_C3_29
https://images.proteinatlas.org/52410/si22_C3_31
https://images.proteinatlas.org/52410/si22_C3_35
https://images.proteinatlas.org/12085/1973_C5_25_cr5df79c5b7aaa5
https://images.proteinatlas.org/12085/1973_C5_30_cr5df79c5b7b1d0
https://images.proteinatlas.org/55466/2183_D11_98
https://images.proteinatlas.org/55466/2204_A12_1
https://images.proteinatlas.org/55466/2204_A12_6
https://images.proteinatlas.org/20984/1876_C12_8_cr5b6d415546eb0
https://images.proteinatlas.org/20984/1876_C12_21_cr5b6d415547bf1
https://images.proteinatlas.org/20984/1858_A7_19_cr5acdf446df88c
https://images.proteinatlas.org/20984/1858_A7_26_cr5acdf446e0762
https://images.proteinatlas.org/20984/1934_F12_1_cr5d1b3a874f6eb
https://images.proteinatlas.org/20984/1934_F12_22_cr5d1b3a874fe2a
https://images.proteinatlas.org/51823/1848_A1_8_cr5abb7a69ab748
https://images.proteinatlas.org/51823/1848_A1_22_cr5abb7a69ac92a
https://images.proteinatlas.org/38082/2167_F10_43
https://images.proteinatlas.org/38082/2167_F10_70
https://images.proteinatlas.org/46229/2216_F7_1
https://images.proteinatlas.org/38082/2120_G9_12
https://images.proteinatlas.org/38082/2120_G9_24
https://images.proteinatlas.org/38082/2129_F6_22
https://images.proteinatlas.org/38082/2129_F6_64
https://images.proteinatlas.org/38082/2209_B12_1
https://images.proteinatlas.org/19080/2171_A3_56
https://images.proteinatlas.org/19080/2171_A3_84
https://images.proteinatlas.org/19080/2132_E5_21
https://images.proteinatlas.org/19080/2132_E5_64
https://images.proteinatlas.org/19080/si16_B1_1
https://images.proteinatlas.org/19080/si16_B1_3
https://images.proteinatlas.org/19080/si16_B3_1
https://images.proteinatlas.org/19080/si16_B3_2
https://images.proteinatlas.org/45176/2209_D8_16
https://images.proteinatlas.org/74034/1708_D11_3_cr57ee6a25191c3
https://images.proteinatlas.org/45176/2209_D8_11
https://images.proteinatlas.org/74034/1708_D11_8_cr57ee6a2d5cd36
https://images.proteinatlas.org/36396/2184_D4_24
https://images.proteinatlas.org/27330/1985_B7_16_cr5e57a9f7e3af5
https://images.proteinatlas.org/27330/1985_B7_21_cr5e57a9f7e4f9b
https://images.proteinatlas.org/63535/2160_D6_24
https://images.proteinatlas.org/63535/2160_D6_37
https://images.proteinatlas.org/63535/2135_F2_49
https://images.proteinatlas.org/36396/2184_D4_12
https://images.proteinatlas.org/63535/2135_F2_70
https://images.proteinatlas.org/63535/2238_B11_8
https://images.proteinatlas.org/63535/2238_B11_36
https://images.proteinatlas.org/69390/1819_G10_4_cr59f32f9e0f5ce
https://images.proteinatlas.org/69390/1819_G10_18_cr59f32f9e0f828
https://images.proteinatlas.org/31103/2167_F5_84
https://images.proteinatlas.org/31103/2167_F5_112
https://images.proteinatlas.org/31103/2121_B1_25
https://images.proteinatlas.org/38082/2209_B12_11
https://images.proteinatlas.org/31103/2121_B1_48
https://images.proteinatlas.org/31103/2127_E9_42
https://images.proteinatlas.org/31103/2127_E9_64
https://images.proteinatlas.org/31103/2209_H7_16
https://images.proteinatlas.org/31103/2209_H7_36
https://images.proteinatlas.org/75956/1878_A8_20_cr5b80347eaf67a
https://images.proteinatlas.org/75930/1973_E11_20_cr5de79b1d97233
https://images.proteinatlas.org/75930/1973_E11_28_cr5de79b1d9788b
https://images.proteinatlas.org/75930/1891_K14_20_cr5bbdd795dc22e
https://images.proteinatlas.org/75930/1891_K14_30_cr5bbdd795dc156
https://images.proteinatlas.org/35090/2185_A7_43
https://images.proteinatlas.org/35090/2185_A7_70
https://images.proteinatlas.org/35090/2186_H5_25
https://images.proteinatlas.org/35090/2186_H5_84
https://images.proteinatlas.org/35090/2201_B8_42
https://images.proteinatlas.org/35090/2201_B8_84
https://images.proteinatlas.org/36276/2175_H9_42
https://images.proteinatlas.org/36276/2175_H9_56
https://images.proteinatlas.org/36276/2153_G7_24
https://images.proteinatlas.org/36276/2153_G7_48
https://images.proteinatlas.org/36276/2145_D6_21
https://images.proteinatlas.org/36276/2145_D6_63
https://images.proteinatlas.org/38149/2167_E3_42
https://images.proteinatlas.org/38149/2167_E3_84
https://images.proteinatlas.org/38149/2166_A2_12
https://images.proteinatlas.org/38149/2166_A2_24
https://images.proteinatlas.org/38149/2201_C7_22
https://images.proteinatlas.org/38149/2201_C7_43
https://images.proteinatlas.org/38149/2200_A10_11
https://images.proteinatlas.org/38149/2200_A10_36
https://images.proteinatlas.org/19477/2179_B9_12
https://images.proteinatlas.org/19477/2179_B9_48
https://images.proteinatlas.org/19477/2199_E8_6
https://images.proteinatlas.org/19477/2199_E8_21
https://images.proteinatlas.org/44124/2211_E9_11
https://images.proteinatlas.org/44124/2211_E9_41
https://images.proteinatlas.org/75956/1878_A8_5_cr5b80347eaf294
https://images.proteinatlas.org/5561/2183_F4_42
https://images.proteinatlas.org/5561/2191_A6_12
https://images.proteinatlas.org/5561/2191_A6_36
https://images.proteinatlas.org/11868/1866_G10_19_cr5b693548eeee6
https://images.proteinatlas.org/23871/2169_E7_14
https://images.proteinatlas.org/23871/2169_E7_70
https://images.proteinatlas.org/23871/2150_E10_23
https://images.proteinatlas.org/23871/2150_E10_45
https://images.proteinatlas.org/23871/2146_C7_42
https://images.proteinatlas.org/23871/2146_C7_21
https://images.proteinatlas.org/74361/1876_A9_8_cr5b71682d07627
https://images.proteinatlas.org/74361/1876_A9_21_cr5b71682d09483
https://images.proteinatlas.org/72462/2191_G12_36
https://images.proteinatlas.org/72462/2191_G12_60
https://images.proteinatlas.org/5561/2183_F4_14
https://images.proteinatlas.org/72462/2212_A3_11
https://images.proteinatlas.org/72462/2212_A3_21
https://images.proteinatlas.org/42288/2152_C10_24
https://images.proteinatlas.org/42288/2152_C10_12
https://images.proteinatlas.org/42288/2136_C7_22
https://images.proteinatlas.org/42288/2136_C7_42
https://images.proteinatlas.org/37485/2167_E6_57
https://images.proteinatlas.org/37485/2121_H1_25
https://images.proteinatlas.org/37485/2167_E6_70
https://images.proteinatlas.org/37485/2121_H1_36
https://images.proteinatlas.org/37485/2131_E7_22
https://images.proteinatlas.org/37485/2131_E7_44
https://images.proteinatlas.org/49945/1899_A7_20_cr5bb20a0193acd
https://images.proteinatlas.org/49945/1899_A7_11_cr5ba217be97e80
https://images.proteinatlas.org/38508/2127_F7_63
https://images.proteinatlas.org/38508/2127_F7_84
https://images.proteinatlas.org/61485/1827_C10_20_cr5ac380e586d02
https://images.proteinatlas.org/61485/1827_C10_27_cr6082a06b42161
https://images.proteinatlas.org/11868/1866_G10_23_cr5b693548ef146
https://images.proteinatlas.org/61485/2034_G8_22_cr6047760e38fb4
https://images.proteinatlas.org/61485/2034_G8_29_cr6047760e39ef4
https://images.proteinatlas.org/12041/si26_G11_1
https://images.proteinatlas.org/12041/si26_G11_2
https://images.proteinatlas.org/12041/si26_G11_8
https://images.proteinatlas.org/12041/si26_G12_3
https://images.proteinatlas.org/12041/si26_G12_4
https://images.proteinatlas.org/12041/si26_G12_10
https://images.proteinatlas.org/12041/si26_G12_14
https://images.proteinatlas.org/7152/1667_G1_4_cr57e539b48fe9f
https://images.proteinatlas.org/7152/1667_G1_8_cr57e539bc3e931
https://images.proteinatlas.org/7152/2232_D4_24
https://images.proteinatlas.org/7152/2232_D4_60
https://images.proteinatlas.org/7152/2206_D7_63
https://images.proteinatlas.org/7152/2206_D7_84
https://images.proteinatlas.org/50204/2161_D6_24
https://images.proteinatlas.org/50204/2161_D6_36
https://images.proteinatlas.org/50204/2149_B2_42
https://images.proteinatlas.org/50204/2149_B2_63
https://images.proteinatlas.org/56335/2200_G1_6
https://images.proteinatlas.org/56335/2200_G1_31
https://images.proteinatlas.org/76522/1972_E9_5_cr5e15ecb70f8bb
https://images.proteinatlas.org/12082/si19_E10_2
https://images.proteinatlas.org/12082/si19_E10_3
https://images.proteinatlas.org/12082/si19_E10_7
https://images.proteinatlas.org/12082/si19_E12_2
https://images.proteinatlas.org/12082/si19_E12_4
https://images.proteinatlas.org/12082/si19_E12_8
https://images.proteinatlas.org/30316/si29_C10_1
https://images.proteinatlas.org/76522/1972_E9_22_cr5f3397a0c563d
https://images.proteinatlas.org/30316/si29_C10_2
https://images.proteinatlas.org/30316/si29_C10_15
https://images.proteinatlas.org/30316/si29_C10_18
https://images.proteinatlas.org/30316/si29_C11_3
https://images.proteinatlas.org/30316/si29_C11_4
https://images.proteinatlas.org/30316/si29_C11_9
https://images.proteinatlas.org/12041/si26_G11_12
https://images.proteinatlas.org/30316/si29_C11_14
https://images.proteinatlas.org/30316/si29_C12_2
https://images.proteinatlas.org/30316/si29_C12_3
https://images.proteinatlas.org/30316/si29_C12_9
https://images.proteinatlas.org/30316/si29_C12_18
https://images.proteinatlas.org/28117/2195_D11_11
https://images.proteinatlas.org/42973/2241_D5_14
https://images.proteinatlas.org/42973/2241_D5_28
https://images.proteinatlas.org/42973/2153_D8_12
https://images.proteinatlas.org/42973/2153_D8_48
https://images.proteinatlas.org/42973/2145_B7_21
https://images.proteinatlas.org/42973/2145_B7_84
https://images.proteinatlas.org/42973/2211_B5_1
https://images.proteinatlas.org/41296/2165_H6_24
https://images.proteinatlas.org/42973/2211_B5_26
https://images.proteinatlas.org/51785/2171_C12_15
https://images.proteinatlas.org/51785/2171_C12_56
https://images.proteinatlas.org/51785/2160_F10_24
https://images.proteinatlas.org/51785/2160_F10_36
https://images.proteinatlas.org/51785/2234_G12_42
https://images.proteinatlas.org/51785/2234_G12_63
https://images.proteinatlas.org/51785/2217_F2_1
https://images.proteinatlas.org/51785/2217_F2_31
https://images.proteinatlas.org/21191/2167_C6_70
https://images.proteinatlas.org/21191/2167_C6_28
https://images.proteinatlas.org/21191/2123_D9_24
https://images.proteinatlas.org/21191/2123_D9_36
https://images.proteinatlas.org/21191/2200_D5_11
https://images.proteinatlas.org/21191/2131_B7_42
https://images.proteinatlas.org/21191/2131_B7_84
https://images.proteinatlas.org/21191/2200_D5_16
https://images.proteinatlas.org/40431/2175_G11_70
https://images.proteinatlas.org/40431/2166_H4_73
https://images.proteinatlas.org/40431/2166_H4_60
https://images.proteinatlas.org/40431/2201_D4_22
https://images.proteinatlas.org/28117/2195_D11_6
https://images.proteinatlas.org/40431/2201_D4_42
https://images.proteinatlas.org/40431/2195_G9_31
https://images.proteinatlas.org/41001/fp24_F6_1
https://images.proteinatlas.org/40431/2195_G9_41
https://images.proteinatlas.org/41001/fp24_F6_2
https://images.proteinatlas.org/70389/1746_A7_11_cr5804b66b7c4a3
https://images.proteinatlas.org/45119/2240_F9_29
https://images.proteinatlas.org/45119/2240_F9_36
https://images.proteinatlas.org/70389/1746_A7_17_cr5954c69c25641
https://images.proteinatlas.org/38513/2238_D5_29
https://images.proteinatlas.org/69561/2034_H8_21_cr6047756218070
https://images.proteinatlas.org/69561/2034_H8_29_cr615dcafea6002
https://images.proteinatlas.org/38513/2238_D5_57
https://images.proteinatlas.org/69561/2160_D2_12
https://images.proteinatlas.org/69561/2147_G5_64
https://images.proteinatlas.org/69561/2160_D2_36
https://images.proteinatlas.org/69561/2147_G5_21
https://images.proteinatlas.org/41001/fp24_C6_2
https://images.proteinatlas.org/38460/si27_D10_1
https://images.proteinatlas.org/38460/si27_D10_2
https://images.proteinatlas.org/38460/si27_D10_8
https://images.proteinatlas.org/38460/si27_D10_9
https://images.proteinatlas.org/38460/si27_D12_1
https://images.proteinatlas.org/38460/si27_D12_2
https://images.proteinatlas.org/38460/si27_D12_10
https://images.proteinatlas.org/38460/si27_D12_14
https://images.proteinatlas.org/39072/2165_B9_12
https://images.proteinatlas.org/39072/2165_B9_48
https://images.proteinatlas.org/39072/2133_C7_21
https://images.proteinatlas.org/76812/1702_D12_13_cr580b570135f85
https://images.proteinatlas.org/39072/2133_C7_63
https://images.proteinatlas.org/76812/1702_D12_18_cr580b570a6ed20
https://images.proteinatlas.org/41001/fp24_C6_1
https://images.proteinatlas.org/76812/1767_G2_18_cr594ba54d9b6c6
https://images.proteinatlas.org/76812/1767_G2_23_cr594ba54d9cc8b
https://images.proteinatlas.org/76812/1708_E12_18_cr57ea931c6ff50
https://images.proteinatlas.org/76812/1708_E12_13_cr57ea931534768
https://images.proteinatlas.org/43142/2230_B11_6
https://images.proteinatlas.org/30571/1715_D1_13_cr57fd06304494c
https://images.proteinatlas.org/30571/1715_D1_19_cr57fd0642ae70b
https://images.proteinatlas.org/30571/2183_H6_28
https://images.proteinatlas.org/30571/2183_H6_70
https://images.proteinatlas.org/22047/1858_E8_3_cr5acdd10038728
https://images.proteinatlas.org/22047/1899_B6_3_cr5ba214f5c010e
https://images.proteinatlas.org/22047/1899_B6_17_cr5ba214f5c0a97
https://images.proteinatlas.org/63840/2179_E10_12
https://images.proteinatlas.org/5688/2199_G11_36
https://images.proteinatlas.org/5688/2199_G11_41
https://images.proteinatlas.org/63840/2179_E10_36
https://images.proteinatlas.org/37568/2153_E8_36
https://images.proteinatlas.org/37568/2153_E8_48
https://images.proteinatlas.org/37568/2148_F6_21
https://images.proteinatlas.org/37568/2148_F6_63
https://images.proteinatlas.org/37568/2202_A4_6
https://images.proteinatlas.org/37568/2202_A4_41
https://images.proteinatlas.org/72121/1775_H5_28_cr59529ac52d3fd
https://images.proteinatlas.org/63697/2168_F9_14
https://images.proteinatlas.org/72121/1775_H5_23_cr59529ac52ce6f
https://images.proteinatlas.org/63697/2168_F9_28
https://images.proteinatlas.org/63697/2123_G6_24
https://images.proteinatlas.org/63697/2123_G6_48
https://images.proteinatlas.org/63697/2127_D5_63
https://images.proteinatlas.org/63697/2127_D5_84
https://images.proteinatlas.org/75297/1891_F24_17_cr5b8cef437495b
https://images.proteinatlas.org/75297/1891_F24_30_cr5b8cef4375463
https://images.proteinatlas.org/31013/1721_D11_18_cr57ea9bbe1d557
https://images.proteinatlas.org/24263/1858_B7_28_cr5acdf3b1b578d
https://images.proteinatlas.org/24263/1858_B7_6_cr5acdf3b1b2e70
https://images.proteinatlas.org/31013/1721_D11_22_cr57ea9bd0bcff3
https://images.proteinatlas.org/43142/2230_B11_26
https://images.proteinatlas.org/42141/2168_E8_14
https://images.proteinatlas.org/42141/2127_F3_21
https://images.proteinatlas.org/42141/2168_E8_56
https://images.proteinatlas.org/42141/2127_F3_84
https://images.proteinatlas.org/42141/2209_C11_11
https://images.proteinatlas.org/52530/2205_B8_1
https://images.proteinatlas.org/30353/1752_F5_23_cr5804e8ecaac0c
https://images.proteinatlas.org/30353/1752_F5_8_cr5804e8da27bef
https://images.proteinatlas.org/52530/2205_B8_6
https://images.proteinatlas.org/51739/2211_G10_11
https://images.proteinatlas.org/51739/2211_G10_26
https://images.proteinatlas.org/31677/1742_C2_13_cr58048fbf3cbb5
https://images.proteinatlas.org/31677/1789_D8_19_cr5976f9e78b72b
https://images.proteinatlas.org/31677/1742_C2_17_cr58048fc88d932
https://images.proteinatlas.org/31677/1789_D8_24_cr5976f9e78db4f
https://images.proteinatlas.org/60074/2133_G11_63
https://images.proteinatlas.org/60074/2133_G11_84
https://images.proteinatlas.org/48141/2228_C7_31
https://images.proteinatlas.org/48141/2228_C7_41
https://images.proteinatlas.org/49657/1912_F8_17_cr5c863139bbf9c
https://images.proteinatlas.org/75385/2165_F7_36
https://images.proteinatlas.org/75385/2165_F7_48
https://images.proteinatlas.org/76091/1721_E6_4_cr57eabd023a84a
https://images.proteinatlas.org/76091/1721_E6_9_cr57eabd126d025
https://images.proteinatlas.org/76091/2134_C3_42
https://images.proteinatlas.org/76091/2134_C3_53
https://images.proteinatlas.org/63316/1877_G9_24_cr5b755a573eff8
https://images.proteinatlas.org/992/1899_F4_3_cr5ba2041001d67
https://images.proteinatlas.org/63316/1877_G9_27_cr5b755a573ef67
https://images.proteinatlas.org/992/1899_F4_8_cr5ba20410021ab
https://images.proteinatlas.org/46882/2239_B3_8
https://images.proteinatlas.org/46882/2239_B3_36
https://images.proteinatlas.org/44502/si13_G4_1
https://images.proteinatlas.org/44502/si13_G4_2
https://images.proteinatlas.org/44502/si13_G4_6
https://images.proteinatlas.org/44502/si13_G6_1
https://images.proteinatlas.org/42141/2209_C11_31
https://images.proteinatlas.org/44502/si13_G6_2
https://images.proteinatlas.org/44502/si13_G6_6
https://images.proteinatlas.org/21851/2168_A7_28
https://images.proteinatlas.org/21851/2168_A7_42
https://images.proteinatlas.org/21851/2150_A8_12
https://images.proteinatlas.org/21851/2237_D4_15
https://images.proteinatlas.org/21851/2237_D4_43
https://images.proteinatlas.org/32111/1866_C4_1_cr5b6ac3c6e844c
https://images.proteinatlas.org/48723/1855_B7_1_cr5ad8881abdb0c
https://images.proteinatlas.org/48723/1855_B7_15_cr5ad8881abe486
https://images.proteinatlas.org/22875/2237_B4_29
https://images.proteinatlas.org/22875/2237_B4_57
https://images.proteinatlas.org/68554/1723_H6_13_cr57eab79aed7be
https://images.proteinatlas.org/4715/2168_E12_14
https://images.proteinatlas.org/4715/2168_E12_43
https://images.proteinatlas.org/4715/2151_C6_12
https://images.proteinatlas.org/4715/2151_C6_36
https://images.proteinatlas.org/4715/2146_B2_21
https://images.proteinatlas.org/4715/2146_B2_63
https://images.proteinatlas.org/4715/2200_G5_6
https://images.proteinatlas.org/4715/2200_G5_26
https://images.proteinatlas.org/4715/fp24_F10_5
https://images.proteinatlas.org/4715/fp24_F10_6
https://images.proteinatlas.org/4715/fp24_C10_2
https://images.proteinatlas.org/4715/fp24_C10_3
https://images.proteinatlas.org/68554/1723_H6_18_cr57eab7a2d3697
https://images.proteinatlas.org/15635/1955_G9_14_cr5f48ec29d9cde
https://images.proteinatlas.org/15635/1955_G9_23_cr5f48ec0f0c1ae
https://images.proteinatlas.org/60922/2212_H2_21
https://images.proteinatlas.org/60922/2212_H2_36
https://images.proteinatlas.org/40802/2183_E6_28
https://images.proteinatlas.org/40802/2183_E6_70
https://images.proteinatlas.org/40802/2184_A7_12
https://images.proteinatlas.org/21851/2150_A8_24
https://images.proteinatlas.org/40802/2184_A7_36
https://images.proteinatlas.org/7279/2200_C6_11
https://images.proteinatlas.org/7279/2200_C6_16
https://images.proteinatlas.org/1333/2217_E9_16
https://images.proteinatlas.org/1333/2217_E9_41
https://images.proteinatlas.org/42932/2244_B9_61
https://images.proteinatlas.org/49104/1898_A10_6_cr5ba3797314f4b
https://images.proteinatlas.org/49104/1898_A10_24_cr5ba3797315a56
https://images.proteinatlas.org/37230/1898_B7_7_cr5ba8a9aa34780
https://images.proteinatlas.org/37230/1898_B7_21_cr5ba8a9aa349e9
https://images.proteinatlas.org/60355/2161_D4_13
https://images.proteinatlas.org/60355/2161_D4_36
https://images.proteinatlas.org/60355/2133_E2_21
https://images.proteinatlas.org/60355/2133_E2_84
https://images.proteinatlas.org/18195/2199_C8_21
https://images.proteinatlas.org/18195/2199_C8_31
https://images.proteinatlas.org/51785/2171_C12_15
https://images.proteinatlas.org/51785/2171_C12_56
https://images.proteinatlas.org/51785/2160_F10_24
https://images.proteinatlas.org/51785/2160_F10_36
https://images.proteinatlas.org/51785/2234_G12_42
https://images.proteinatlas.org/51785/2234_G12_63
https://images.proteinatlas.org/51785/2217_F2_1
https://images.proteinatlas.org/51785/2217_F2_31
https://images.proteinatlas.org/38237/si8_G11_1
https://images.proteinatlas.org/38237/si8_G11_4
https://images.proteinatlas.org/38237/si8_G11_7
https://images.proteinatlas.org/38237/si8_G12_2
https://images.proteinatlas.org/38237/si8_G12_3
https://images.proteinatlas.org/38237/si8_G12_6
https://images.proteinatlas.org/6724/fp9_E9_1
https://images.proteinatlas.org/6724/fp9_E9_3
https://images.proteinatlas.org/70293/1742_C3_3_cr5804912e3106f
https://images.proteinatlas.org/6724/fp9_B9_4
https://images.proteinatlas.org/42932/2244_B9_49
https://images.proteinatlas.org/653/2167_D1_14
https://images.proteinatlas.org/653/2167_D1_42
https://images.proteinatlas.org/653/2120_A1_9
https://images.proteinatlas.org/70293/1742_C3_12_cr58049142216ef
https://images.proteinatlas.org/5727/2239_D5_36
https://images.proteinatlas.org/5727/2239_D5_43
https://images.proteinatlas.org/3585/si16_E1_3
https://images.proteinatlas.org/3585/si16_E1_4
https://images.proteinatlas.org/3585/si16_E2_1
https://images.proteinatlas.org/6724/fp9_B9_1
https://images.proteinatlas.org/3585/si16_E3_1
https://images.proteinatlas.org/3585/si16_E2_4
https://images.proteinatlas.org/3585/si16_E3_4
https://images.proteinatlas.org/35268/1861_E2_14_cr5aea134dc14a8
https://images.proteinatlas.org/35268/1861_E2_18_cr5aea134dc14bb
https://images.proteinatlas.org/14757/1768_C4_3_cr594bb5410d839
https://images.proteinatlas.org/14757/1768_C4_13_cr594bb5410de08
https://images.proteinatlas.org/14757/1891_F7_25_cr5bbcbb05ef3ad
https://images.proteinatlas.org/14757/1891_F7_26_cr5bbcbb05f04a9
https://images.proteinatlas.org/14757/1893_F5_1_cr5bbefb15efcd4
https://images.proteinatlas.org/71185/2176_H8_15
https://images.proteinatlas.org/14757/1893_F5_19_cr5bbefb15efdad
https://images.proteinatlas.org/71185/2165_A8_13
https://images.proteinatlas.org/71185/2165_A8_36
https://images.proteinatlas.org/71185/2135_D4_21
https://images.proteinatlas.org/71185/2199_H10_16
https://images.proteinatlas.org/71185/2135_D4_42
https://images.proteinatlas.org/71185/2199_H10_41
https://images.proteinatlas.org/36042/1848_H4_11_cr5ac31d02b3445
https://images.proteinatlas.org/36042/1848_H4_28_cr5ac31d02b42da
https://images.proteinatlas.org/993/2151_C4_36
https://images.proteinatlas.org/993/2151_C4_48
https://images.proteinatlas.org/993/2145_F5_20
https://images.proteinatlas.org/653/2120_A1_21
https://images.proteinatlas.org/993/2145_F5_42
https://images.proteinatlas.org/5499/fp11_E2_3
https://images.proteinatlas.org/5499/fp11_E2_7
https://images.proteinatlas.org/5499/fp11_B2_1
https://images.proteinatlas.org/5499/fp11_B2_3
https://images.proteinatlas.org/19006/2239_C2_57
https://images.proteinatlas.org/15500/2185_H10_14
https://images.proteinatlas.org/15500/2185_H10_42
https://images.proteinatlas.org/72204/1859_B9_6_cr5ad8565b107f9
https://images.proteinatlas.org/72204/1859_B9_26_cr5ad8565b10860
https://images.proteinatlas.org/72204/1893_D13_7_cr5bc47c401cf02
https://images.proteinatlas.org/72204/1893_D13_27_cr5bc47c401cf01
https://images.proteinatlas.org/75570/1645_H9_8_cr57bed6321acdf
https://images.proteinatlas.org/75570/1645_H9_20_cr57bed637f1967
https://images.proteinatlas.org/16046/2167_C2_42
https://images.proteinatlas.org/16046/2167_C2_70
https://images.proteinatlas.org/16046/2120_D7_24
https://images.proteinatlas.org/16046/2120_D7_48
https://images.proteinatlas.org/16046/2127_F5_21
https://images.proteinatlas.org/16046/2127_F5_42
https://images.proteinatlas.org/16046/2229_D5_11
https://images.proteinatlas.org/16046/2229_D5_16
https://images.proteinatlas.org/77258/1845_A9_11_cr5abb5eb9eaac6
https://images.proteinatlas.org/77258/1845_A9_18_cr5abb5eb9eba67
https://images.proteinatlas.org/4624/1732_G2_8_cr58060c484a3c0
https://images.proteinatlas.org/4624/1732_G2_17_cr58060c51b47f7
https://images.proteinatlas.org/27435/2169_H2_28
https://images.proteinatlas.org/27435/2165_E6_36
https://images.proteinatlas.org/27435/2169_H2_56
https://images.proteinatlas.org/27435/2146_D8_84
https://images.proteinatlas.org/27435/2146_D8_63
https://images.proteinatlas.org/63637/2160_C6_13
https://images.proteinatlas.org/63637/2160_C6_24
https://images.proteinatlas.org/19006/2239_C2_8
https://images.proteinatlas.org/63637/2135_B7_42
https://images.proteinatlas.org/63637/2135_B7_63
https://images.proteinatlas.org/65338/2121_H6_48
https://images.proteinatlas.org/27435/2165_E6_48
https://images.proteinatlas.org/65338/2121_H6_12
https://images.proteinatlas.org/65338/2128_G4_72
https://images.proteinatlas.org/65338/2211_G2_21
https://images.proteinatlas.org/65338/2211_G2_6
https://images.proteinatlas.org/1335/2121_D7_24
https://images.proteinatlas.org/1335/2121_D7_37
https://images.proteinatlas.org/1335/2132_G2_21
https://images.proteinatlas.org/1335/2132_G2_42
https://images.proteinatlas.org/3154/2239_B8_29
https://images.proteinatlas.org/3154/2239_B8_1
https://images.proteinatlas.org/74275/2168_H10_42
https://images.proteinatlas.org/74275/2134_C2_43
https://images.proteinatlas.org/74275/2134_C2_21
https://images.proteinatlas.org/74275/2168_H10_56
https://images.proteinatlas.org/74275/2211_B10_11
https://images.proteinatlas.org/74275/2211_B10_26
https://images.proteinatlas.org/42112/2238_D6_43
https://images.proteinatlas.org/42112/2238_D6_50
https://images.proteinatlas.org/42122/2135_B3_21
https://images.proteinatlas.org/42122/2135_B3_63
https://images.proteinatlas.org/42122/2209_E5_26
https://images.proteinatlas.org/37701/2200_A4_16
https://images.proteinatlas.org/42122/2209_E5_31
https://images.proteinatlas.org/37701/2200_A4_21
https://images.proteinatlas.org/28710/1721_C7_2_cr5800bd89865ae
https://images.proteinatlas.org/28710/1721_C7_7_cr5800bd94930a7
https://images.proteinatlas.org/14967/1788_F2_17_cr5970b825550bd
https://images.proteinatlas.org/78636/1812_F6_15_cr59f30a641209a
https://images.proteinatlas.org/14967/1788_F2_1_cr5970b8255311f
https://images.proteinatlas.org/78636/1812_F6_21_cr59f30a641286b
https://images.proteinatlas.org/76573/1694_E4_3_cr57d27fa377ae1
https://images.proteinatlas.org/65338/2128_G4_51
https://images.proteinatlas.org/76573/1694_E4_13_cr57d27fa9b22b9
https://images.proteinatlas.org/76573/2184_A6_36
https://images.proteinatlas.org/76573/2184_A6_49
https://images.proteinatlas.org/13555/1844_H8_24_cr5b05737681b9c
https://images.proteinatlas.org/13555/1844_H8_29_cr5b05737681da1
https://images.proteinatlas.org/43255/fp13_C8_6
https://images.proteinatlas.org/69593/2160_C2_36
https://images.proteinatlas.org/69593/2160_C2_24
https://images.proteinatlas.org/69593/2147_C10_21
https://images.proteinatlas.org/69593/2147_C10_63
https://images.proteinatlas.org/6964/2120_D4_48
https://images.proteinatlas.org/6964/2167_E5_69
https://images.proteinatlas.org/6964/2167_E5_56
https://images.proteinatlas.org/6964/2120_D4_24
https://images.proteinatlas.org/6964/2129_D3_21
https://images.proteinatlas.org/39247/2176_C10_84
https://images.proteinatlas.org/39247/2176_C10_112
https://images.proteinatlas.org/39247/2152_B9_24
https://images.proteinatlas.org/6964/2129_D3_42
https://images.proteinatlas.org/39247/2149_E6_64
https://images.proteinatlas.org/39247/2149_E6_84
https://images.proteinatlas.org/23738/2167_C12_28
https://images.proteinatlas.org/23738/2120_B10_12
https://images.proteinatlas.org/23738/2120_B10_48
https://images.proteinatlas.org/23738/2129_G11_62
https://images.proteinatlas.org/23738/2200_G10_26
https://images.proteinatlas.org/23738/2129_G11_20
https://images.proteinatlas.org/23738/2200_G10_41
https://images.proteinatlas.org/4818/fp20_E1_1
https://images.proteinatlas.org/4818/fp20_E1_2
https://images.proteinatlas.org/4818/fp20_B1_2
https://images.proteinatlas.org/39247/2152_B9_36
https://images.proteinatlas.org/4818/fp20_B1_5
https://images.proteinatlas.org/16845/2150_C5_12
https://images.proteinatlas.org/16845/2210_D9_56
https://images.proteinatlas.org/43255/fp13_C8_2
https://images.proteinatlas.org/16845/2210_D9_70
https://images.proteinatlas.org/16845/2150_C5_36
https://images.proteinatlas.org/16845/2135_D5_42
https://images.proteinatlas.org/16845/2135_D5_84
https://images.proteinatlas.org/16845/2209_B6_26
https://images.proteinatlas.org/52707/fp15_E5_1
https://images.proteinatlas.org/52707/fp15_E5_2
https://images.proteinatlas.org/52707/fp15_B5_3
https://images.proteinatlas.org/52707/fp15_B5_4
https://images.proteinatlas.org/62167/2124_F6_24
https://images.proteinatlas.org/62167/2124_F6_48
https://images.proteinatlas.org/43604/2129_B8_21
https://images.proteinatlas.org/43604/2129_B8_84
https://images.proteinatlas.org/30834/1789_A11_1_cr5961fc340c048
https://images.proteinatlas.org/30834/1789_A11_25_cr5961fc340cad8
https://images.proteinatlas.org/64711/2121_C8_24
https://images.proteinatlas.org/64711/2121_C8_48
https://images.proteinatlas.org/64711/2127_E5_21
https://images.proteinatlas.org/64711/2127_E5_42
https://images.proteinatlas.org/70380/1812_F10_5_cr59ef13a97c5ff
https://images.proteinatlas.org/70380/1812_F10_26_cr59f2ee63cbbe4
https://images.proteinatlas.org/44791/1918_E6_16_cr5cb48efe99e77
https://images.proteinatlas.org/44791/1918_E6_28_cr5cb48efe99beb
https://images.proteinatlas.org/36121/2229_C7_6
https://images.proteinatlas.org/36121/2229_C7_26
https://images.proteinatlas.org/38440/2228_E3_1
https://images.proteinatlas.org/38440/2228_E3_26
https://images.proteinatlas.org/55677/fp7_E7_1
https://images.proteinatlas.org/55677/fp7_E7_2
https://images.proteinatlas.org/55677/fp7_B7_1
https://images.proteinatlas.org/55677/fp7_B7_2
https://images.proteinatlas.org/6035/2241_B10_42
https://images.proteinatlas.org/6035/2241_B10_56
https://images.proteinatlas.org/6035/2151_H8_12
https://images.proteinatlas.org/6035/2151_H8_60
https://images.proteinatlas.org/6035/2134_C9_21
https://images.proteinatlas.org/16845/2209_B6_36
https://images.proteinatlas.org/6035/2134_C9_63
https://images.proteinatlas.org/72897/2176_D12_14
https://images.proteinatlas.org/72897/2176_D12_70
https://images.proteinatlas.org/78530/1983_A7_12_cr5e58f360acbc6
https://images.proteinatlas.org/78530/1985_B3_29_cr5e57957a5c892
https://images.proteinatlas.org/9029/2168_C6_70
https://images.proteinatlas.org/9029/2168_C6_98
https://images.proteinatlas.org/9029/2151_B3_24
https://images.proteinatlas.org/9029/2151_B3_48
https://images.proteinatlas.org/9029/2206_C5_42
https://images.proteinatlas.org/9029/2206_C5_63
https://images.proteinatlas.org/18496/2167_E12_56
https://images.proteinatlas.org/18496/2167_E12_70
https://images.proteinatlas.org/18496/2120_E1_8
https://images.proteinatlas.org/18496/2120_E1_32
https://images.proteinatlas.org/18496/2133_G9_21
https://images.proteinatlas.org/78530/1983_A7_27_cr5e58f360ae25e
https://images.proteinatlas.org/18496/2133_G9_84
https://images.proteinatlas.org/38015/2168_A3_14
https://images.proteinatlas.org/38015/2168_A3_28
https://images.proteinatlas.org/38015/2123_E8_48
https://images.proteinatlas.org/38015/2123_E8_24
https://images.proteinatlas.org/38015/2131_G11_44
https://images.proteinatlas.org/27553/2218_B5_21
https://images.proteinatlas.org/38015/2131_G11_66
https://images.proteinatlas.org/40736/2171_G8_15
https://images.proteinatlas.org/27553/2218_B5_36
https://images.proteinatlas.org/40736/2171_G8_84
https://images.proteinatlas.org/40736/2152_B10_36
https://images.proteinatlas.org/40736/2152_B10_72
https://images.proteinatlas.org/40736/2147_F4_21
https://images.proteinatlas.org/40736/2147_F4_84
https://images.proteinatlas.org/40736/2209_G4_16
https://images.proteinatlas.org/78530/1985_B3_12_cr5e57957a5b7ee
https://images.proteinatlas.org/40736/2209_G4_36
https://images.proteinatlas.org/296/1852_C2_16_cr5afd2d6acd280
https://images.proteinatlas.org/296/1877_C2_19_cr5bbc5088d5970
https://images.proteinatlas.org/296/1877_C2_1_cr5b741828b98f5
https://images.proteinatlas.org/296/1852_C2_30_cr5afd2d6acd649
https://images.proteinatlas.org/23370/2167_B11_98
https://images.proteinatlas.org/23370/2121_C5_24
https://images.proteinatlas.org/23370/2121_C5_36
https://images.proteinatlas.org/23370/2129_F11_23
https://images.proteinatlas.org/23370/2129_F11_64
https://images.proteinatlas.org/32131/2183_G5_56
https://images.proteinatlas.org/32131/2183_G5_84
https://images.proteinatlas.org/32131/2184_F6_24
https://images.proteinatlas.org/32131/2184_F6_36
https://images.proteinatlas.org/23783/2150_E8_36
https://images.proteinatlas.org/23783/2150_E8_48
https://images.proteinatlas.org/23783/2145_F7_42
https://images.proteinatlas.org/23783/2145_F7_84
https://images.proteinatlas.org/23783/2200_F5_1
https://images.proteinatlas.org/23783/2200_F5_16
https://images.proteinatlas.org/6567/1744_C2_22_cr57fe25cf52e54
https://images.proteinatlas.org/6567/1744_C2_27_cr57fe25dac592f
https://images.proteinatlas.org/54246/2183_B9_14
https://images.proteinatlas.org/54246/2183_B9_84
https://images.proteinatlas.org/54246/2204_D9_1
https://images.proteinatlas.org/54246/2204_D9_31
https://images.proteinatlas.org/42642/2169_F11_14
https://images.proteinatlas.org/42642/2169_F11_57
https://images.proteinatlas.org/42642/2152_D10_12
https://images.proteinatlas.org/42642/2152_D10_36
https://images.proteinatlas.org/42642/2135_G2_21
https://images.proteinatlas.org/42642/2135_G2_42
https://images.proteinatlas.org/42642/2209_G5_11
https://images.proteinatlas.org/42642/2209_G5_36
https://images.proteinatlas.org/23370/2167_B11_84
https://images.proteinatlas.org/75635/1891_L9_4_cr5bbdbfaa0b083
https://images.proteinatlas.org/75635/1891_L9_18_cr5bbdbfaa0b9a8
https://images.proteinatlas.org/75635/2169_E6_57
https://images.proteinatlas.org/75635/2169_E6_71
https://images.proteinatlas.org/75635/2124_F5_36
https://images.proteinatlas.org/75635/2128_G6_1
https://images.proteinatlas.org/75635/2128_G6_43
https://images.proteinatlas.org/7397/2217_D10_6
https://images.proteinatlas.org/7397/2217_D10_26
https://images.proteinatlas.org/79220/2233_F9_29
https://images.proteinatlas.org/51099/2210_B4_56
https://images.proteinatlas.org/51099/2210_B4_70
https://images.proteinatlas.org/51099/2186_H2_12
https://images.proteinatlas.org/51099/2186_H2_36
https://images.proteinatlas.org/51099/2206_B5_42
https://images.proteinatlas.org/51099/2206_B5_63
https://images.proteinatlas.org/41695/1775_H1_23_cr59529a6792d6f
https://images.proteinatlas.org/41695/1775_H1_28_cr59529a6793c6e
https://images.proteinatlas.org/41695/1801_C11_4_cr60d18bb6e005d
https://images.proteinatlas.org/41695/1801_C11_19_cr60d18bb6e0256
https://images.proteinatlas.org/29430/2210_E4_56
https://images.proteinatlas.org/29430/2210_E4_84
https://images.proteinatlas.org/29430/2191_F5_12
https://images.proteinatlas.org/29430/2191_F5_60
https://images.proteinatlas.org/29430/2206_B6_42
https://images.proteinatlas.org/29430/2206_B6_63
https://images.proteinatlas.org/27292/2150_E9_12
https://images.proteinatlas.org/27292/2150_E9_24
https://images.proteinatlas.org/27292/2148_A8_21
https://images.proteinatlas.org/27292/2211_B7_6
https://images.proteinatlas.org/27292/2211_B7_41
https://images.proteinatlas.org/56378/2128_G11_7
https://images.proteinatlas.org/56378/2128_G11_49
https://images.proteinatlas.org/66330/2183_G11_42
https://images.proteinatlas.org/66330/2183_G11_56
https://images.proteinatlas.org/66330/2184_B12_34
https://images.proteinatlas.org/75635/2124_F5_48
https://images.proteinatlas.org/66330/2184_B12_132
https://images.proteinatlas.org/440/1848_G11_18_cr5abb815f6e223
https://images.proteinatlas.org/440/1848_G11_21_cr5abb815f6edaf
https://images.proteinatlas.org/56815/2205_H4_11
https://images.proteinatlas.org/56815/2205_H4_36
https://images.proteinatlas.org/17235/fp26_E1_2
https://images.proteinatlas.org/17235/fp26_B1_2
https://images.proteinatlas.org/30140/2229_G7_1
https://images.proteinatlas.org/30140/2229_G7_21
https://images.proteinatlas.org/17235/fp26_B1_1
https://images.proteinatlas.org/24168/1844_F7_13_cr5b06c28b92740
https://images.proteinatlas.org/24168/1844_F7_20_cr5b06c28b936ec
https://images.proteinatlas.org/57393/1743_E7_3_cr587f52eed0c75
https://images.proteinatlas.org/28605/2177_E2_42
https://images.proteinatlas.org/57393/1743_E7_13_cr57ff95d23b2d4
https://images.proteinatlas.org/28605/2177_E2_56
https://images.proteinatlas.org/28605/2191_E5_12
https://images.proteinatlas.org/28605/2191_E5_44
https://images.proteinatlas.org/28605/2201_H3_126
https://images.proteinatlas.org/28605/2201_H3_168
https://images.proteinatlas.org/28605/si21_B7_3
https://images.proteinatlas.org/28605/si21_B7_4
https://images.proteinatlas.org/28605/si21_B7_5
https://images.proteinatlas.org/28605/si21_B9_2
https://images.proteinatlas.org/28605/si21_B7_7
https://images.proteinatlas.org/28605/si21_B9_3
https://images.proteinatlas.org/28605/si21_B9_6
https://images.proteinatlas.org/28605/si21_B9_8
https://images.proteinatlas.org/78130/1704_B8_7_cr57d8445d770d4
https://images.proteinatlas.org/78130/1704_B8_27_cr57d8446cdb816
https://images.proteinatlas.org/78130/1747_H3_6_cr58063a4019af8
https://images.proteinatlas.org/78130/1747_H3_18_cr58063a49a69b3
https://images.proteinatlas.org/8052/1918_F6_9_cr5cb48fe601aec
https://images.proteinatlas.org/37392/fp13_G6_1
https://images.proteinatlas.org/8052/1918_F6_15_cr5cb48fe6020ef
https://images.proteinatlas.org/37392/fp13_G6_2
https://images.proteinatlas.org/17235/fp26_E1_1
https://images.proteinatlas.org/37392/fp13_D6_2
https://images.proteinatlas.org/37392/fp13_D6_3
https://images.proteinatlas.org/72650/1851_C7_16_cr5b115c543fad2
https://images.proteinatlas.org/72650/1851_C7_26_cr5b115c543fa77
https://images.proteinatlas.org/72650/1650_E6_38_cr57eb8efab48f7
https://images.proteinatlas.org/72650/2166_E10_12
https://images.proteinatlas.org/72650/2166_E10_48
https://images.proteinatlas.org/52269/2177_E12_14
https://images.proteinatlas.org/52269/2177_E12_42
https://images.proteinatlas.org/52269/2160_D12_12
https://images.proteinatlas.org/52269/2160_D12_24
https://images.proteinatlas.org/52269/2133_C8_20
https://images.proteinatlas.org/52269/2133_C8_84
https://images.proteinatlas.org/50095/2177_A6_28
https://images.proteinatlas.org/50095/2177_A6_56
https://images.proteinatlas.org/50095/2161_C6_36
https://images.proteinatlas.org/50095/2161_C6_48
https://images.proteinatlas.org/50095/2146_C8_21
https://images.proteinatlas.org/50095/2204_B8_1
https://images.proteinatlas.org/50095/2146_C8_63
https://images.proteinatlas.org/50095/2204_B8_36
https://images.proteinatlas.org/19357/1721_E5_3_cr57eab8a21d48d
https://images.proteinatlas.org/19357/1721_E5_12_cr57eab8aa7bfed
https://images.proteinatlas.org/30981/2167_D9_98
https://images.proteinatlas.org/30981/2167_D9_84
https://images.proteinatlas.org/30981/2124_C4_36
https://images.proteinatlas.org/30981/2124_C4_48
https://images.proteinatlas.org/30981/2132_C9_22
https://images.proteinatlas.org/61418/2123_F4_12
https://images.proteinatlas.org/30981/2132_C9_42
https://images.proteinatlas.org/61418/2123_F4_36
https://images.proteinatlas.org/61418/2131_B4_21
https://images.proteinatlas.org/70217/1801_E4_1_cr59ca0f06be476
https://images.proteinatlas.org/70217/1801_E4_14_cr59ca0f06bf5b8
https://images.proteinatlas.org/61418/2131_B4_63
https://images.proteinatlas.org/70217/1893_L15_22_cr6205016d2fe93
https://images.proteinatlas.org/72650/1650_E6_48_cr57eb8f024da01
https://images.proteinatlas.org/70217/1893_L15_29_cr5bc333a09d34e
https://images.proteinatlas.org/46537/1748_A7_21_cr5805fea67199e
https://images.proteinatlas.org/27287/2183_C4_56
https://images.proteinatlas.org/46537/1748_A7_1_cr5805fe91da07e
https://images.proteinatlas.org/27287/2183_C4_70
https://images.proteinatlas.org/27287/2184_G4_24
https://images.proteinatlas.org/27287/2206_E7_105
https://images.proteinatlas.org/27287/2206_E7_42
https://images.proteinatlas.org/27287/2230_C11_21
https://images.proteinatlas.org/27287/2230_C11_26
https://images.proteinatlas.org/79597/1984_D9_2_cr5e5cf41897042
https://images.proteinatlas.org/57242/2215_F7_36
https://images.proteinatlas.org/79597/1984_D9_14_cr5e5cf41898a1c
https://images.proteinatlas.org/57242/2215_F7_41
https://images.proteinatlas.org/8451/2171_D8_43
https://images.proteinatlas.org/8451/2171_D8_56
https://images.proteinatlas.org/8451/2209_D6_6
https://images.proteinatlas.org/64782/2210_E7_28
https://images.proteinatlas.org/8451/2209_D6_21
https://images.proteinatlas.org/64782/2210_E7_70
https://images.proteinatlas.org/64782/2160_G5_12
https://images.proteinatlas.org/30594/2240_C10_15
https://images.proteinatlas.org/64782/2160_G5_36
https://images.proteinatlas.org/1634/si30_D10_1
https://images.proteinatlas.org/1634/si30_D10_4
https://images.proteinatlas.org/30594/2240_C10_29
https://images.proteinatlas.org/1634/si30_D10_6
https://images.proteinatlas.org/1634/si30_D11_4
https://images.proteinatlas.org/1634/si30_D11_17
https://images.proteinatlas.org/1634/si30_D11_1
https://images.proteinatlas.org/1634/si30_D11_18
https://images.proteinatlas.org/1634/si30_D10_7
https://images.proteinatlas.org/1634/si30_D12_1
https://images.proteinatlas.org/27287/2184_G4_13
https://images.proteinatlas.org/1634/si30_D12_8
https://images.proteinatlas.org/1634/si30_D12_16
https://images.proteinatlas.org/2548/2209_G11_41
https://images.proteinatlas.org/2548/2209_G11_16
https://images.proteinatlas.org/2548/fp23_B4_5
https://images.proteinatlas.org/2548/fp23_E4_5
https://images.proteinatlas.org/2548/fp23_B4_8
https://images.proteinatlas.org/27098/1722_D4_7_cr57fddbc3f0ad6
https://images.proteinatlas.org/1634/si30_D12_4
https://images.proteinatlas.org/42858/si13_H7_2
https://images.proteinatlas.org/27098/1722_D4_27_cr5800b9b5b98bf
https://images.proteinatlas.org/42858/si13_H7_3
https://images.proteinatlas.org/42858/si13_H8_3
https://images.proteinatlas.org/42858/si13_H8_2
https://images.proteinatlas.org/42858/si13_H9_3
https://images.proteinatlas.org/28363/1775_F7_19_cr5952996ddca64
https://images.proteinatlas.org/42858/si13_H9_4
https://images.proteinatlas.org/28363/1775_F7_24_cr5952996ddd71c
https://images.proteinatlas.org/28363/1801_A6_9_cr59c8f09470e7c
https://images.proteinatlas.org/22526/2209_D2_21
https://images.proteinatlas.org/28363/1801_A6_27_cr59c8f09472663
https://images.proteinatlas.org/37504/si20_C10_2
https://images.proteinatlas.org/37504/si20_C10_3
https://images.proteinatlas.org/37504/si20_C12_2
https://images.proteinatlas.org/37504/si20_C12_4
https://images.proteinatlas.org/7891/2120_E4_36
https://images.proteinatlas.org/7891/2120_E4_48
https://images.proteinatlas.org/7891/2128_F3_127
https://images.proteinatlas.org/2548/fp23_E4_2
https://images.proteinatlas.org/7891/2128_F3_65
https://images.proteinatlas.org/36789/1827_C9_11_cr5ac61afc74432
https://images.proteinatlas.org/36789/1827_C9_21_cr5ac61afc7457c
https://images.proteinatlas.org/36789/2034_G12_9_cr604735c1a3b86
https://images.proteinatlas.org/45028/si35_B4_3
https://images.proteinatlas.org/45028/si35_B4_4
https://images.proteinatlas.org/45028/si35_B4_10
https://images.proteinatlas.org/45028/si35_B4_15
https://images.proteinatlas.org/45028/si35_B6_1
https://images.proteinatlas.org/45028/si35_B6_3
https://images.proteinatlas.org/45028/si35_B6_17
https://images.proteinatlas.org/22526/2209_D2_6
https://images.proteinatlas.org/45028/si35_B6_19
https://images.proteinatlas.org/2636/2167_B5_14
https://images.proteinatlas.org/2636/2167_B5_56
https://images.proteinatlas.org/2636/2124_C10_24
https://images.proteinatlas.org/2636/2127_G2_42
https://images.proteinatlas.org/2636/2127_G2_63
https://images.proteinatlas.org/48969/2241_E5_14
https://images.proteinatlas.org/48969/2241_E5_42
https://images.proteinatlas.org/48969/2161_D3_13
https://images.proteinatlas.org/48969/2161_D3_36
https://images.proteinatlas.org/48969/2148_G7_42
https://images.proteinatlas.org/48969/2148_G7_63
https://images.proteinatlas.org/47611/1925_A11_1_cr5cd55a323d2e1
https://images.proteinatlas.org/47611/1925_A11_24_cr5cd55a323d93f
https://images.proteinatlas.org/41056/si28_C11_1
https://images.proteinatlas.org/41056/si28_C11_4
https://images.proteinatlas.org/41056/si28_C11_14
https://images.proteinatlas.org/36789/2034_G12_18_cr604735c1a3b38
https://images.proteinatlas.org/41056/si28_C11_18
https://images.proteinatlas.org/41056/si28_C12_3
https://images.proteinatlas.org/41056/si28_C12_4
https://images.proteinatlas.org/41056/si28_C12_15
https://images.proteinatlas.org/5487/1825_A5_31_cr5ac33e6e0739c
https://images.proteinatlas.org/5487/1825_A5_37_cr5ac33e6e09321
https://images.proteinatlas.org/40918/1912_F5_14_cr5c8b667d4a841
https://images.proteinatlas.org/40918/1912_F5_22_cr5c86329339784
https://images.proteinatlas.org/22031/2230_C7_21
https://images.proteinatlas.org/22031/2230_C7_36
https://images.proteinatlas.org/60198/1718_E3_8_cr57f3dddb67b35
https://images.proteinatlas.org/60198/1718_E3_19_cr57f3dde45a4b1
https://images.proteinatlas.org/2636/2124_C10_48
https://images.proteinatlas.org/51330/2175_C7_14
https://images.proteinatlas.org/51330/2175_C7_29
https://images.proteinatlas.org/51330/2232_F9_12
https://images.proteinatlas.org/51330/2232_F9_24
https://images.proteinatlas.org/51330/2234_D11_84
https://images.proteinatlas.org/39808/1650_E9_32_cr57eabfbb931d5
https://images.proteinatlas.org/39808/1650_E9_48_cr57eabfc319197
https://images.proteinatlas.org/39954/2199_A5_6
https://images.proteinatlas.org/39954/2199_A5_11
https://images.proteinatlas.org/76450/1869_G1_34_cr5b73f311dad2b
https://images.proteinatlas.org/76450/1869_G1_57_cr5b73f311dad9b
https://images.proteinatlas.org/59314/1898_G10_10_cr5ba3759c09ae9
https://images.proteinatlas.org/59314/1898_G10_22_cr5ba3759c0ab5d
https://images.proteinatlas.org/9079/2216_F9_6
https://images.proteinatlas.org/9079/2216_F9_21
https://images.proteinatlas.org/634/2167_E7_56
https://images.proteinatlas.org/634/2120_A2_24
https://images.proteinatlas.org/634/2167_E7_70
https://images.proteinatlas.org/41056/si28_C12_17
https://images.proteinatlas.org/634/2120_A2_48
https://images.proteinatlas.org/634/2129_E5_42
https://images.proteinatlas.org/634/2129_E5_63
https://images.proteinatlas.org/61426/2186_C3_22
https://images.proteinatlas.org/54699/si32_E8_3
https://images.proteinatlas.org/54699/si32_E8_4
https://images.proteinatlas.org/54699/si32_E8_17
https://images.proteinatlas.org/54699/si32_E8_10
https://images.proteinatlas.org/54699/si32_E9_2
https://images.proteinatlas.org/54699/si32_E9_3
https://images.proteinatlas.org/51330/2234_D11_21
https://images.proteinatlas.org/54699/si32_E9_11
https://images.proteinatlas.org/54699/si32_E9_19
https://images.proteinatlas.org/10814/2186_B3_24
https://images.proteinatlas.org/10814/2186_B3_60
https://images.proteinatlas.org/13611/1858_B4_10_cr5acc99b954240
https://images.proteinatlas.org/28631/2169_B8_42
https://images.proteinatlas.org/28631/2152_A5_36
https://images.proteinatlas.org/28631/2152_A5_48
https://images.proteinatlas.org/28631/2149_B3_84
https://images.proteinatlas.org/28631/2149_B3_21
https://images.proteinatlas.org/69495/1893_L17_23_cr5bc05a62ab4e8
https://images.proteinatlas.org/69495/1893_L17_30_cr5bc05a62abd1b
https://images.proteinatlas.org/10815/2229_F7_31
https://images.proteinatlas.org/10815/2229_F7_26
https://images.proteinatlas.org/34745/2215_G11_21
https://images.proteinatlas.org/34745/2215_G11_41
https://images.proteinatlas.org/6592/2017_H8_1_cr5fca28a10d503
https://images.proteinatlas.org/6592/2017_H8_6_cr5fca28a10dbba
https://images.proteinatlas.org/12606/2210_C1_29
https://images.proteinatlas.org/61426/2186_C3_35
https://images.proteinatlas.org/12606/2210_C1_42
https://images.proteinatlas.org/12606/2191_E1_24
https://images.proteinatlas.org/12606/2191_E1_36
https://images.proteinatlas.org/12606/2206_A1_42
https://images.proteinatlas.org/36055/2237_G11_15
https://images.proteinatlas.org/36055/2237_G11_43
https://images.proteinatlas.org/44849/2179_H7_37
https://images.proteinatlas.org/44849/2179_H7_48
https://images.proteinatlas.org/44849/2200_D7_6
https://images.proteinatlas.org/44849/2200_D7_16
https://images.proteinatlas.org/63491/1748_F12_1_cr5bab703fa0243
https://images.proteinatlas.org/13611/1858_B4_5_cr5acc99b954246
https://images.proteinatlas.org/63491/1748_F12_26_cr5bab703fa1f8f
https://images.proteinatlas.org/28968/2169_H9_28
https://images.proteinatlas.org/28968/2169_H9_56
https://images.proteinatlas.org/28968/2133_G5_43
https://images.proteinatlas.org/28968/2218_F8_26
https://images.proteinatlas.org/28968/2218_F8_41
https://images.proteinatlas.org/77360/1706_H5_8_cr57e28c916ec9f
https://images.proteinatlas.org/77360/1706_H5_13_cr57e28c98a2aaa
https://images.proteinatlas.org/39355/1859_C2_17_cr5acf633a875c5
https://images.proteinatlas.org/39355/1859_C2_21_cr5acf633a88985
https://images.proteinatlas.org/58834/2168_C8_14
https://images.proteinatlas.org/58834/2168_C8_28
https://images.proteinatlas.org/58834/2123_B5_12
https://images.proteinatlas.org/58834/2123_B5_36
https://images.proteinatlas.org/58834/2131_F3_22
https://images.proteinatlas.org/58834/2131_F3_44
https://images.proteinatlas.org/60190/2168_C2_56
https://images.proteinatlas.org/60190/2168_C2_70
https://images.proteinatlas.org/12606/2206_A1_84
https://images.proteinatlas.org/60190/2124_E7_13
https://images.proteinatlas.org/60190/2124_E7_36
https://images.proteinatlas.org/60190/2132_B9_21
https://images.proteinatlas.org/60190/2132_B9_63
https://images.proteinatlas.org/1214/2168_D12_56
https://images.proteinatlas.org/1214/2151_D5_12
https://images.proteinatlas.org/1214/2151_D5_24
https://images.proteinatlas.org/1214/2134_E6_63
https://images.proteinatlas.org/1214/2134_E6_84
https://images.proteinatlas.org/1214/2233_B7_8
https://images.proteinatlas.org/1214/2233_B7_50
https://images.proteinatlas.org/28968/2133_G5_84
https://images.proteinatlas.org/67849/1983_E11_3_cr5f59e9fe5260f
https://images.proteinatlas.org/67849/1983_E11_13_cr5f59e9fe5362a
https://images.proteinatlas.org/67849/1864_G2_16_cr5f59ea654e23e
https://images.proteinatlas.org/67849/1864_G2_26_cr5afd78e2cc62f
https://images.proteinatlas.org/27461/2239_E3_43
https://images.proteinatlas.org/26305/1632_F9_28_cr577fbd78aeef0
https://images.proteinatlas.org/26305/1632_F9_33_cr577fbd7f02117
https://images.proteinatlas.org/2381/2176_D3_28
https://images.proteinatlas.org/2381/2176_D3_42
https://images.proteinatlas.org/2381/2151_B6_36
https://images.proteinatlas.org/2381/2151_B6_48
https://images.proteinatlas.org/2381/2145_F9_16
https://images.proteinatlas.org/2381/2145_F9_84
https://images.proteinatlas.org/6134/1867_E7_6_cr5b6b0ea1e3fd9
https://images.proteinatlas.org/6134/1867_E7_15_cr5b6b0ea1e4119
https://images.proteinatlas.org/1169/fp21_E6_1
https://images.proteinatlas.org/1169/fp21_E6_2
https://images.proteinatlas.org/1214/2168_D12_14
https://images.proteinatlas.org/1169/fp21_B6_4
https://images.proteinatlas.org/1169/fp21_B6_6
https://images.proteinatlas.org/35446/1632_D1_4_cr577e6494cccd4
https://images.proteinatlas.org/35446/1632_D1_24_cr577e649b2f4ef
https://images.proteinatlas.org/55194/2205_F10_31
https://images.proteinatlas.org/65070/1715_F3_5_cr57fd1233a1185
https://images.proteinatlas.org/65070/1715_F3_14_cr57fd123c29fca
https://images.proteinatlas.org/40086/2239_B4_15
https://images.proteinatlas.org/40086/2239_B4_22
https://images.proteinatlas.org/3216/2199_F9_11
https://images.proteinatlas.org/3216/2199_F9_26
https://images.proteinatlas.org/3216/2241_C11_14
https://images.proteinatlas.org/27461/2239_E3_29
https://images.proteinatlas.org/3216/2241_C11_42
https://images.proteinatlas.org/3216/2232_D6_24
https://images.proteinatlas.org/3216/2232_D6_36
https://images.proteinatlas.org/3216/2234_B7_21
https://images.proteinatlas.org/2834/2241_B11_28
https://images.proteinatlas.org/2834/2241_B11_42
https://images.proteinatlas.org/2834/2234_A7_105
https://images.proteinatlas.org/2834/2234_A7_126
https://images.proteinatlas.org/27559/1898_C1_5_cr5ba3622cdb2f4
https://images.proteinatlas.org/10819/1732_H2_28_cr58060cf53d8d7
https://images.proteinatlas.org/10819/1732_H2_18_cr58060cebb51f0
https://images.proteinatlas.org/41704/2216_G3_6
https://images.proteinatlas.org/41704/2216_G3_21
https://images.proteinatlas.org/35307/2229_E7_26
https://images.proteinatlas.org/35307/2229_E7_41
https://images.proteinatlas.org/72606/2186_D10_12
https://images.proteinatlas.org/72606/2186_D10_24
https://images.proteinatlas.org/55194/2205_F10_6
https://images.proteinatlas.org/26684/2167_F1_42
https://images.proteinatlas.org/26684/2167_F1_56
https://images.proteinatlas.org/26684/2121_A9_13
https://images.proteinatlas.org/26684/2121_A9_25
https://images.proteinatlas.org/15608/2120_A7_24
https://images.proteinatlas.org/26684/2131_D2_66
https://images.proteinatlas.org/15608/2120_A7_36
https://images.proteinatlas.org/15608/2128_B4_42
https://images.proteinatlas.org/15608/2128_B4_63
https://images.proteinatlas.org/38952/2153_A9_25
https://images.proteinatlas.org/38952/2153_A9_48
https://images.proteinatlas.org/38952/2238_B6_43
https://images.proteinatlas.org/3216/2234_B7_84
https://images.proteinatlas.org/71160/1957_A11_12_cr5da48b5fbc060
https://images.proteinatlas.org/52777/2205_F8_16
https://images.proteinatlas.org/6702/2183_B4_56
https://images.proteinatlas.org/71160/1957_A11_5_cr5da48b5fbb8aa
https://images.proteinatlas.org/6702/2183_B4_70
https://images.proteinatlas.org/6702/2199_A6_21
https://images.proteinatlas.org/6702/2199_A6_36
https://images.proteinatlas.org/69176/2183_D1_15
https://images.proteinatlas.org/69176/2183_D1_30
https://images.proteinatlas.org/69176/2160_B1_12
https://images.proteinatlas.org/69176/2160_B1_36
https://images.proteinatlas.org/26684/2131_D2_22
https://images.proteinatlas.org/69176/2148_A1_28
https://images.proteinatlas.org/69176/2148_A1_49
https://images.proteinatlas.org/69176/2228_D10_6
https://images.proteinatlas.org/38952/2238_B6_50
https://images.proteinatlas.org/15965/1732_B12_3_cr5809d75c8f765
https://images.proteinatlas.org/15965/1732_B12_18_cr5809d76658419
https://images.proteinatlas.org/2865/2204_G1_31
https://images.proteinatlas.org/1773/1891_E2_1_cr5b8d15002f180
https://images.proteinatlas.org/1773/1891_E2_28_cr5b8d15002f687
https://images.proteinatlas.org/48496/2204_H3_1
https://images.proteinatlas.org/52777/2205_F8_31
https://images.proteinatlas.org/48496/2204_H3_16
https://images.proteinatlas.org/56492/2161_B11_12
https://images.proteinatlas.org/56492/2161_B11_36
https://images.proteinatlas.org/56492/2135_G10_63
https://images.proteinatlas.org/56492/2211_G12_31
https://images.proteinatlas.org/56492/2211_G12_41
https://images.proteinatlas.org/532/fp17_F4_1
https://images.proteinatlas.org/532/fp17_F4_2
https://images.proteinatlas.org/532/fp17_C4_2
https://images.proteinatlas.org/532/fp17_C4_3
https://images.proteinatlas.org/55204/2008_H11_15_cr5f1a9c887f073
https://images.proteinatlas.org/55204/2008_H11_26_cr5f1a9c88800c5
https://images.proteinatlas.org/3995/2244_G11_35
https://images.proteinatlas.org/69176/2228_D10_31
https://images.proteinatlas.org/3995/2244_G11_59
https://images.proteinatlas.org/3995/2201_F12_22
https://images.proteinatlas.org/3995/2201_F12_42
https://images.proteinatlas.org/2865/2204_G1_36
https://images.proteinatlas.org/49558/1717_G6_9_cr57f51f98c9a20
https://images.proteinatlas.org/55840/1916_H6_11_cr5ca3689ee53c5
https://images.proteinatlas.org/804/2168_G11_14
https://images.proteinatlas.org/804/2151_F4_24
https://images.proteinatlas.org/804/2151_F4_36
https://images.proteinatlas.org/21016/2150_D6_24
https://images.proteinatlas.org/56492/2135_G10_42
https://images.proteinatlas.org/21016/2150_D6_48
https://images.proteinatlas.org/21016/2149_G8_21
https://images.proteinatlas.org/21016/2149_G8_63
https://images.proteinatlas.org/75017/1748_E3_21_cr5805e33a43c8e
https://images.proteinatlas.org/75017/1712_G8_3_cr5804f04feb540
https://images.proteinatlas.org/75017/1712_G8_18_cr5804f05dc5059
https://images.proteinatlas.org/75017/1706_A4_8_cr57e4f1906ae3e
https://images.proteinatlas.org/75017/1706_A4_18_cr57e4f19876989
https://images.proteinatlas.org/3548/2210_G4_14
https://images.proteinatlas.org/3548/2210_G4_56
https://images.proteinatlas.org/3548/2191_D6_12
https://images.proteinatlas.org/3548/2191_D6_36
https://images.proteinatlas.org/49558/1717_G6_4_cr57f51f8f88bde
https://images.proteinatlas.org/3548/2206_F6_22
https://images.proteinatlas.org/3548/2206_F6_42
https://images.proteinatlas.org/51805/2178_A6_24
https://images.proteinatlas.org/804/2168_G11_56
https://images.proteinatlas.org/76405/1704_D8_12_cr57d842ba2bcea
https://images.proteinatlas.org/76405/1704_D8_22_cr57d842c1a9fc1
https://images.proteinatlas.org/76405/1712_H5_8_cr5807255d6a4fc
https://images.proteinatlas.org/76405/1694_B4_3_cr57d004b62c1eb
https://images.proteinatlas.org/76405/1694_B4_8_cr57d004bc95bc1
https://images.proteinatlas.org/20360/1732_H9_19_cr580612338cac0
https://images.proteinatlas.org/20360/1732_H9_22_cr5806123c90e4e
https://images.proteinatlas.org/20360/2151_A12_36
https://images.proteinatlas.org/75017/1748_E3_1_cr5805e33045451
https://images.proteinatlas.org/20360/2151_A12_48
https://images.proteinatlas.org/20360/2136_G9_21
https://images.proteinatlas.org/20360/2136_G9_42
https://images.proteinatlas.org/3037/si30_C10_4
https://images.proteinatlas.org/3037/si30_C10_10
https://images.proteinatlas.org/3037/si30_C10_16
https://images.proteinatlas.org/3037/si30_C11_2
https://images.proteinatlas.org/3037/si30_C11_3
https://images.proteinatlas.org/3037/si30_C11_12
https://images.proteinatlas.org/3037/si30_C11_18
https://images.proteinatlas.org/3037/si30_C12_1
https://images.proteinatlas.org/3037/si30_C12_2
https://images.proteinatlas.org/51805/2178_A6_36
https://images.proteinatlas.org/3037/si30_C12_7
https://images.proteinatlas.org/3037/si30_C12_12
https://images.proteinatlas.org/34927/1972_C4_7_cr5e15ec225ee11
https://images.proteinatlas.org/76405/1712_H5_14_cr5805063f6fa8d
https://images.proteinatlas.org/64702/2161_A4_12
https://images.proteinatlas.org/64702/2161_A4_36
https://images.proteinatlas.org/64702/2149_G10_21
https://images.proteinatlas.org/1566/2239_B6_22
https://images.proteinatlas.org/1566/2239_B6_36
https://images.proteinatlas.org/3647/2167_C4_42
https://images.proteinatlas.org/3037/si30_C10_3
https://images.proteinatlas.org/3647/2167_C4_56
https://images.proteinatlas.org/3647/2120_H1_12
https://images.proteinatlas.org/3647/2120_H1_36
https://images.proteinatlas.org/3647/2131_C2_63
https://images.proteinatlas.org/3647/2199_E4_11
https://images.proteinatlas.org/3647/2199_E4_36
https://images.proteinatlas.org/49854/2176_F3_84
https://images.proteinatlas.org/49854/2176_F3_140
https://images.proteinatlas.org/49854/2161_F3_36
https://images.proteinatlas.org/49854/2161_F3_46
https://images.proteinatlas.org/49854/2135_F7_21
https://images.proteinatlas.org/49854/2135_F7_63
https://images.proteinatlas.org/76681/1767_A8_13_cr594a8d38d36f4
https://images.proteinatlas.org/34927/1972_C4_26_cr5e15ec225e681
https://images.proteinatlas.org/76681/1767_A8_30_cr594ba204ccd7d
https://images.proteinatlas.org/1749/2183_A8_14
https://images.proteinatlas.org/1749/2183_A8_56
https://images.proteinatlas.org/64702/2149_G10_42
https://images.proteinatlas.org/61615/2169_F1_70
https://images.proteinatlas.org/61615/2232_A2_72
https://images.proteinatlas.org/61615/2232_A2_108
https://images.proteinatlas.org/61615/2206_E2_84
https://images.proteinatlas.org/3122/1745_H10_18_cr5806120c12745
https://images.proteinatlas.org/3122/1745_H10_27_cr5806121588afe
https://images.proteinatlas.org/3647/2131_C2_21
https://images.proteinatlas.org/52880/si26_B10_1
https://images.proteinatlas.org/52880/si26_B10_2
https://images.proteinatlas.org/52880/si26_B10_7
https://images.proteinatlas.org/52880/si26_B11_1
https://images.proteinatlas.org/52880/si26_B11_2
https://images.proteinatlas.org/52880/si26_B11_8
https://images.proteinatlas.org/52880/si26_B11_13
https://images.proteinatlas.org/52880/si26_B12_1
https://images.proteinatlas.org/52880/si26_B12_3
https://images.proteinatlas.org/52880/si26_B12_11
https://images.proteinatlas.org/52880/si26_B12_16
https://images.proteinatlas.org/5554/2238_E7_8
https://images.proteinatlas.org/61615/2169_F1_28
https://images.proteinatlas.org/5554/2238_E7_29
https://images.proteinatlas.org/50409/2205_G2_26
https://images.proteinatlas.org/50409/2205_G2_36
https://images.proteinatlas.org/61615/2206_E2_42
https://images.proteinatlas.org/66992/2160_C4_26
https://images.proteinatlas.org/66992/2135_F8_42
https://images.proteinatlas.org/66992/2135_F8_63
https://images.proteinatlas.org/66992/2200_G7_11
https://images.proteinatlas.org/5788/1825_F1_5_cr5abb7f3b92161
https://images.proteinatlas.org/5788/1825_F1_12_cr5abb7f3b92f0b
https://images.proteinatlas.org/78677/1751_C10_3_cr57fd2695d47d9
https://images.proteinatlas.org/52880/si26_B10_11
https://images.proteinatlas.org/78677/1751_C10_13_cr57fd269edaa96
https://images.proteinatlas.org/78677/1741_G1_3_cr5805e425638f8
https://images.proteinatlas.org/78677/1741_G1_18_cr5805e43830631
https://images.proteinatlas.org/3128/fp14_B4_1
https://images.proteinatlas.org/3128/fp14_E4_2
https://images.proteinatlas.org/3128/fp14_B4_3
https://images.proteinatlas.org/28885/si18_H10_4
https://images.proteinatlas.org/28885/si18_H10_2
https://images.proteinatlas.org/28885/si18_H12_3
https://images.proteinatlas.org/3418/2199_A3_16
https://images.proteinatlas.org/28885/si18_H12_4
https://images.proteinatlas.org/3418/2199_A3_41
https://images.proteinatlas.org/66992/2160_C4_12
https://images.proteinatlas.org/59605/2216_G7_11
https://images.proteinatlas.org/59605/2216_G7_31
https://images.proteinatlas.org/66992/2200_G7_1
https://images.proteinatlas.org/5939/2167_C8_56
https://images.proteinatlas.org/5939/2120_D3_24
https://images.proteinatlas.org/5939/2120_D3_48
https://images.proteinatlas.org/5939/2133_B2_84
https://images.proteinatlas.org/1205/1921_H2_30_cr5cac7ad5328bb
https://images.proteinatlas.org/1205/1921_H2_18_cr5cac7ad53256e
https://images.proteinatlas.org/3128/fp14_E4_1
https://images.proteinatlas.org/26605/2150_A11_84
https://images.proteinatlas.org/26605/2136_G5_21
https://images.proteinatlas.org/26605/2150_A11_96
https://images.proteinatlas.org/75143/1827_A3_25_cr5ac37dfe45138
https://images.proteinatlas.org/75143/2015_B12_10_cr6446476985a5a
https://images.proteinatlas.org/75143/1827_A3_30_cr5ac37dfe45d65
https://images.proteinatlas.org/75143/2015_B12_13_cr6446476985a42
https://images.proteinatlas.org/1546/1844_B1_13_cr5b02929a9162c
https://images.proteinatlas.org/1546/1844_B1_25_cr5b02929a9162c
https://images.proteinatlas.org/907/fp18_F3_1
https://images.proteinatlas.org/907/fp18_F3_3
https://images.proteinatlas.org/907/fp18_C3_3
https://images.proteinatlas.org/5939/2167_C8_70
https://images.proteinatlas.org/907/fp18_C3_4
https://images.proteinatlas.org/867/si10_E10_1
https://images.proteinatlas.org/867/si10_E10_2
https://images.proteinatlas.org/867/si10_E11_3
https://images.proteinatlas.org/5939/2133_B2_21
https://images.proteinatlas.org/867/si10_E12_2
https://images.proteinatlas.org/867/si10_E12_3
https://images.proteinatlas.org/1669/2216_E6_11
https://images.proteinatlas.org/872/fp9_E5_2
https://images.proteinatlas.org/872/fp9_E5_3
https://images.proteinatlas.org/26605/2136_G5_63
https://images.proteinatlas.org/872/fp9_B5_3
https://images.proteinatlas.org/872/fp9_B5_5
https://images.proteinatlas.org/2568/1893_N3_11_cr5bbdcdb99635f
https://images.proteinatlas.org/49518/2205_B10_6
https://images.proteinatlas.org/49518/2205_B10_16
https://images.proteinatlas.org/2570/2171_F2_56
https://images.proteinatlas.org/2570/2171_F2_70
https://images.proteinatlas.org/2570/2120_B1_12
https://images.proteinatlas.org/2570/2120_B1_36
https://images.proteinatlas.org/2570/2133_E10_21
https://images.proteinatlas.org/2570/2133_E10_84
https://images.proteinatlas.org/2570/2211_E3_1
https://images.proteinatlas.org/2570/2211_E3_11
https://images.proteinatlas.org/3049/2175_F8_28
https://images.proteinatlas.org/867/si10_E11_2
https://images.proteinatlas.org/3049/2175_F8_42
https://images.proteinatlas.org/3049/2166_H3_8
https://images.proteinatlas.org/3049/2166_H3_48
https://images.proteinatlas.org/1669/2216_E6_16
https://images.proteinatlas.org/3049/2206_B7_63
https://images.proteinatlas.org/3049/2200_H5_31
https://images.proteinatlas.org/3049/2200_H5_11
https://images.proteinatlas.org/69974/1920_A4_2_cr5cc2c82c1dff8
https://images.proteinatlas.org/76526/1749_F11_13_cr58049cb964aa2
https://images.proteinatlas.org/76526/1749_F11_18_cr58049cc2dfa47
https://images.proteinatlas.org/2568/1893_N3_24_cr5bbdcdb9966fe
https://images.proteinatlas.org/76526/1709_G5_4_cr5809b8128e580
https://images.proteinatlas.org/686/2151_B5_36
https://images.proteinatlas.org/76526/1709_G5_12_cr5809b81b09cf5
https://images.proteinatlas.org/686/2148_E6_42
https://images.proteinatlas.org/63367/2168_E9_28
https://images.proteinatlas.org/686/2148_E6_63
https://images.proteinatlas.org/63367/2168_E9_70
https://images.proteinatlas.org/63367/2127_C5_63
https://images.proteinatlas.org/63367/2127_C5_84
https://images.proteinatlas.org/76106/1721_D8_8_cr57eab832d46d7
https://images.proteinatlas.org/76106/1721_D8_23_cr57eab83ae4416
https://images.proteinatlas.org/15270/2150_G4_24
https://images.proteinatlas.org/15270/2150_G4_12
https://images.proteinatlas.org/3049/2206_B7_42
https://images.proteinatlas.org/12737/2209_F6_1
https://images.proteinatlas.org/12737/2209_F6_11
https://images.proteinatlas.org/47106/2168_G10_42
https://images.proteinatlas.org/69974/1920_A4_12_cr5cc2c82c1e819
https://images.proteinatlas.org/47106/2120_C9_12
https://images.proteinatlas.org/47106/2120_C9_48
https://images.proteinatlas.org/47106/2127_G8_65
https://images.proteinatlas.org/43640/1874_B9_31_cr5b714b3a22aca
https://images.proteinatlas.org/43640/1874_B9_56_cr5b714b3a22ae7
https://images.proteinatlas.org/43640/1825_F6_41_cr5ac349f6d258f
https://images.proteinatlas.org/686/2151_B5_48
https://images.proteinatlas.org/43640/1825_F6_54_cr5ac349f6d4297
https://images.proteinatlas.org/43640/2169_F10_56
https://images.proteinatlas.org/43640/2169_F10_70
https://images.proteinatlas.org/43640/2152_D8_48
https://images.proteinatlas.org/43640/2149_G5_21
https://images.proteinatlas.org/43640/2149_G5_63
https://images.proteinatlas.org/43640/2209_F4_26
https://images.proteinatlas.org/71263/2239_G3_8
https://images.proteinatlas.org/43640/2209_F4_31
https://images.proteinatlas.org/71263/2239_G3_29
https://images.proteinatlas.org/60109/1984_F5_20_cr5e5cf7cee726a
https://images.proteinatlas.org/60109/1984_F5_15_cr5e5cf7cee5aed
https://images.proteinatlas.org/47106/2168_G10_56
https://images.proteinatlas.org/60109/2016_D9_5_cr5f64554fccb9d
https://images.proteinatlas.org/49393/1753_A4_13_cr57f3d549e87d1
https://images.proteinatlas.org/60109/2016_D9_11_cr5f64554fce055
https://images.proteinatlas.org/47106/2127_G8_84
https://images.proteinatlas.org/47072/2177_B7_42
https://images.proteinatlas.org/47072/2177_B7_70
https://images.proteinatlas.org/7119/2210_E8_42
https://images.proteinatlas.org/7119/2120_C4_12
https://images.proteinatlas.org/7119/2132_G3_21
https://images.proteinatlas.org/7119/2120_C4_36
https://images.proteinatlas.org/43640/2152_D8_36
https://images.proteinatlas.org/7119/2132_G3_63
https://images.proteinatlas.org/7119/2199_C7_6
https://images.proteinatlas.org/7119/2199_C7_26
https://images.proteinatlas.org/3600/2151_G9_60
https://images.proteinatlas.org/58859/2029_D9_3_cr60057df8a259d
https://images.proteinatlas.org/58859/2029_D9_19_cr60057df8a3f90
https://images.proteinatlas.org/48636/1700_D11_7_cr57eac4ddc2087
https://images.proteinatlas.org/48636/1700_D11_13_cr57eac4e5879d6
https://images.proteinatlas.org/48636/2205_G12_16
https://images.proteinatlas.org/48636/2205_G12_31
https://images.proteinatlas.org/52474/1723_B3_28_cr57ea9bc8abfe9
https://images.proteinatlas.org/52474/1723_B3_3_cr57ea9bc0df5dd
https://images.proteinatlas.org/49393/1753_A4_18_cr57f3d5534715b
https://images.proteinatlas.org/52474/2169_C11_42
https://images.proteinatlas.org/52474/2161_E10_37
https://images.proteinatlas.org/52474/2161_E10_24
https://images.proteinatlas.org/7119/2210_E8_56
https://images.proteinatlas.org/1308/2151_C9_24
https://images.proteinatlas.org/1308/2151_C9_49
https://images.proteinatlas.org/52474/2147_G9_84
https://images.proteinatlas.org/1308/2149_F5_84
https://images.proteinatlas.org/9174/2191_H10_13
https://images.proteinatlas.org/9174/2191_H10_36
https://images.proteinatlas.org/3600/2151_G9_13
https://images.proteinatlas.org/9174/fp20_E9_1
https://images.proteinatlas.org/9174/fp20_E9_2
https://images.proteinatlas.org/9174/fp20_B9_1
https://images.proteinatlas.org/39395/2167_D3_28
https://images.proteinatlas.org/39395/2120_A11_24
https://images.proteinatlas.org/39395/2167_D3_43
https://images.proteinatlas.org/39395/2120_A11_48
https://images.proteinatlas.org/39395/2128_D7_1
https://images.proteinatlas.org/39395/2128_D7_65
https://images.proteinatlas.org/39395/2209_B3_1
https://images.proteinatlas.org/40503/2175_A9_56
https://images.proteinatlas.org/39395/2209_B3_11
https://images.proteinatlas.org/52474/2147_G9_63
https://images.proteinatlas.org/28897/2169_C8_84
https://images.proteinatlas.org/40503/2175_A9_84
https://images.proteinatlas.org/28897/2152_C5_24
https://images.proteinatlas.org/28897/2147_G11_21
https://images.proteinatlas.org/28897/2147_G11_63
https://images.proteinatlas.org/67539/2169_B10_28
https://images.proteinatlas.org/1308/2149_F5_63
https://images.proteinatlas.org/67539/2169_B10_126
https://images.proteinatlas.org/67539/2121_H9_37
https://images.proteinatlas.org/67539/2121_H9_12
https://images.proteinatlas.org/9174/fp20_B9_3
https://images.proteinatlas.org/67539/2133_B6_43
https://images.proteinatlas.org/427/si27_E7_1
https://images.proteinatlas.org/427/si27_E7_2
https://images.proteinatlas.org/427/si27_E7_7
https://images.proteinatlas.org/427/si27_E8_3
https://images.proteinatlas.org/427/si27_E8_2
https://images.proteinatlas.org/427/si27_E8_9
https://images.proteinatlas.org/427/si27_E8_7
https://images.proteinatlas.org/427/si27_E9_2
https://images.proteinatlas.org/427/si27_E9_6
https://images.proteinatlas.org/427/si27_E9_3
https://images.proteinatlas.org/427/si27_E9_9
https://images.proteinatlas.org/508/1742_B6_7_cr58049688f08d4
https://images.proteinatlas.org/508/1742_B6_18_cr580496931ad10
https://images.proteinatlas.org/28897/2152_C5_36
https://images.proteinatlas.org/2920/2183_C11_70
https://images.proteinatlas.org/2920/2184_E11_48
https://images.proteinatlas.org/2920/2183_C11_112
https://images.proteinatlas.org/2920/2234_C10_21
https://images.proteinatlas.org/67539/2133_B6_21
https://images.proteinatlas.org/2920/2234_C10_84
https://images.proteinatlas.org/2920/2199_F11_36
https://images.proteinatlas.org/2920/2199_F11_41
https://images.proteinatlas.org/3648/2244_E1_72
https://images.proteinatlas.org/3648/2244_E1_100
https://images.proteinatlas.org/3648/1898_D6_27_cr5ba8a7bb244ad
https://images.proteinatlas.org/427/si27_E7_5
https://images.proteinatlas.org/2877/2209_B5_1
https://images.proteinatlas.org/2877/2209_B5_11
https://images.proteinatlas.org/2878/1871_H6_1_cr5b71a4d351d6f
https://images.proteinatlas.org/5498/1891_E3_8_cr5b9912c4d01e1
https://images.proteinatlas.org/5498/1891_E3_15_cr5b9912c4d0e85
https://images.proteinatlas.org/1048/1751_G2_2_cr57fd24c6a75b7
https://images.proteinatlas.org/1048/1751_G2_18_cr58009842c82e5
https://images.proteinatlas.org/895/1920_E12_5_cr5cb82d374e425
https://images.proteinatlas.org/895/1920_E12_9_cr5cb82d374e92d
https://images.proteinatlas.org/895/2034_C9_4_cr604772424612a
https://images.proteinatlas.org/895/2034_C9_14_cr6047724246c46
https://images.proteinatlas.org/2920/2184_E11_60
https://images.proteinatlas.org/1880/2169_B7_42
https://images.proteinatlas.org/1880/2169_B7_56
https://images.proteinatlas.org/1880/2151_B9_12
https://images.proteinatlas.org/1880/2149_E5_21
https://images.proteinatlas.org/3648/1898_D6_20_cr5ba8a7bb2379a
https://images.proteinatlas.org/1880/2149_E5_42
https://images.proteinatlas.org/1880/si32_C10_2
https://images.proteinatlas.org/1880/si32_C10_3
https://images.proteinatlas.org/1880/si32_C10_19
https://images.proteinatlas.org/1880/si32_C12_2
https://images.proteinatlas.org/1880/si32_C12_4
https://images.proteinatlas.org/2878/1871_H6_8_cr5b71a4d351d82
https://images.proteinatlas.org/1880/si32_C12_19
https://images.proteinatlas.org/1880/si32_C12_20
https://images.proteinatlas.org/73644/1736_B3_3_cr5805e6dec6f42
https://images.proteinatlas.org/73644/2216_E10_1
https://images.proteinatlas.org/73644/2216_E10_36
https://images.proteinatlas.org/38783/2177_D7_84
https://images.proteinatlas.org/909/2131_F4_22
https://images.proteinatlas.org/909/2131_F4_66
https://images.proteinatlas.org/909/2209_H6_16
https://images.proteinatlas.org/909/2209_H6_41
https://images.proteinatlas.org/504/si29_E1_1
https://images.proteinatlas.org/504/si29_E1_3
https://images.proteinatlas.org/1880/2151_B9_24
https://images.proteinatlas.org/504/si29_E1_15
https://images.proteinatlas.org/504/si29_E3_1
https://images.proteinatlas.org/504/si29_E3_3
https://images.proteinatlas.org/1880/si32_C10_10
https://images.proteinatlas.org/29192/2183_D4_67
https://images.proteinatlas.org/29192/2183_D4_108
https://images.proteinatlas.org/29192/2179_D5_12
https://images.proteinatlas.org/29192/2201_G3_42
https://images.proteinatlas.org/29192/2201_G3_84
https://images.proteinatlas.org/68902/1891_K20_6_cr5ba0bc01ccbc5
https://images.proteinatlas.org/68902/1891_K20_17_cr5ba0bc01cd12f
https://images.proteinatlas.org/73644/1736_B3_23_cr5805e6faf12bb
https://images.proteinatlas.org/31890/1715_F4_8_cr57fd1621b74eb
https://images.proteinatlas.org/31890/1715_F4_19_cr58009bdf34548
https://images.proteinatlas.org/31890/2185_D2_28
https://images.proteinatlas.org/31890/2179_E3_24
https://images.proteinatlas.org/31890/2179_E3_60
https://images.proteinatlas.org/31890/2206_E3_85
https://images.proteinatlas.org/31890/2206_E3_105
https://images.proteinatlas.org/30526/1702_E2_13_cr5db6ea10de8f3
https://images.proteinatlas.org/30526/1702_E2_23_cr5db6ea10dedd8
https://images.proteinatlas.org/12555/1875_C3_1_cr5b7c11e71d251
https://images.proteinatlas.org/12555/1875_C3_24_cr5b7c11e71e486
https://images.proteinatlas.org/26502/2150_H8_48
https://images.proteinatlas.org/504/si29_E3_10
https://images.proteinatlas.org/26502/2150_H8_60
https://images.proteinatlas.org/11740/2168_D7_14
https://images.proteinatlas.org/11740/2168_D7_28
https://images.proteinatlas.org/29192/2179_D5_36
https://images.proteinatlas.org/11740/2151_F3_48
https://images.proteinatlas.org/11740/2217_C9_11
https://images.proteinatlas.org/11740/2217_C9_41
https://images.proteinatlas.org/39759/1890_L13_58_cr5ba4b94815be2
https://images.proteinatlas.org/58816/1954_G2_40_cr5e1c1edf228c6
https://images.proteinatlas.org/58816/1954_G2_43_cr5e1c1edf22a85
https://images.proteinatlas.org/77414/1721_B3_2_cr57eaabc69572a
https://images.proteinatlas.org/31890/2185_D2_42
https://images.proteinatlas.org/77414/1721_B3_17_cr57eaabcf6ed4f
https://images.proteinatlas.org/8033/1891_C5_13_cr5ba0b9aa1cad8
https://images.proteinatlas.org/8033/1891_C5_19_cr5ba0b9aa1ce94
https://images.proteinatlas.org/40849/2121_G11_24
https://images.proteinatlas.org/40849/2128_E9_21
https://images.proteinatlas.org/40849/2128_E9_63
https://images.proteinatlas.org/56335/2200_G1_6
https://images.proteinatlas.org/56335/2200_G1_31
https://images.proteinatlas.org/43066/2185_C1_10
https://images.proteinatlas.org/43066/2185_C1_24
https://images.proteinatlas.org/43066/2186_A1_12
https://images.proteinatlas.org/43066/2186_A1_48
https://images.proteinatlas.org/43066/2234_D1_21
https://images.proteinatlas.org/11740/2151_F3_25
https://images.proteinatlas.org/43066/2234_D1_42
https://images.proteinatlas.org/41551/2153_D11_24
https://images.proteinatlas.org/39759/1890_L13_43_cr5ba4b94815427
https://images.proteinatlas.org/41551/2153_D11_37
https://images.proteinatlas.org/41551/2148_B9_84
https://images.proteinatlas.org/15779/2034_G7_2_cr6048e66278a92
https://images.proteinatlas.org/12987/2183_A11_41
https://images.proteinatlas.org/12987/2184_C11_12
https://images.proteinatlas.org/12987/2184_C11_25
https://images.proteinatlas.org/12987/2206_F12_105
https://images.proteinatlas.org/40849/2121_G11_12
https://images.proteinatlas.org/12987/2206_F12_147
https://images.proteinatlas.org/45745/1891_F19_11_cr5bbcad091f061
https://images.proteinatlas.org/45745/1891_F19_18_cr5bbcad0920abb
https://images.proteinatlas.org/6731/si9_C1_2
https://images.proteinatlas.org/6731/si9_C2_2
https://images.proteinatlas.org/6731/si9_C2_4
https://images.proteinatlas.org/6731/si9_C3_1
https://images.proteinatlas.org/6731/si9_C3_3
https://images.proteinatlas.org/43531/2152_C2_24
https://images.proteinatlas.org/43531/2152_C2_48
https://images.proteinatlas.org/43531/2148_G11_63
https://images.proteinatlas.org/43531/2148_G11_84
https://images.proteinatlas.org/41656/2216_G4_6
https://images.proteinatlas.org/41656/2216_G4_41
https://images.proteinatlas.org/79920/2017_D9_3_cr5fc0faa29c79e
https://images.proteinatlas.org/41551/2148_B9_42
https://images.proteinatlas.org/15779/2034_G7_11_cr6048e6627944d
https://images.proteinatlas.org/79920/2017_D9_26_cr5fc0faa29e6a8
https://images.proteinatlas.org/70692/1933_A12_8_cr5d1223636ae4e
https://images.proteinatlas.org/70692/1933_A12_30_cr5d1223636b758
https://images.proteinatlas.org/44191/2120_C7_48
https://images.proteinatlas.org/44191/2128_D4_22
https://images.proteinatlas.org/44191/2128_D4_84
https://images.proteinatlas.org/6731/si9_C1_1
https://images.proteinatlas.org/49829/2161_A6_12
https://images.proteinatlas.org/49829/2161_A6_48
https://images.proteinatlas.org/7966/1775_C5_3_cr5952966e25826
https://images.proteinatlas.org/7966/1801_F8_8_cr59ca12465ff60
https://images.proteinatlas.org/7966/1801_F8_28_cr59ca12465e8cd
https://images.proteinatlas.org/40530/2167_F7_15
https://images.proteinatlas.org/40530/2167_F7_56
https://images.proteinatlas.org/40530/2121_H2_13
https://images.proteinatlas.org/40530/2121_H2_48
https://images.proteinatlas.org/40530/2132_F9_21
https://images.proteinatlas.org/40530/2132_F9_84
https://images.proteinatlas.org/1330/si15_H5_2
https://images.proteinatlas.org/1330/si15_H5_3
https://images.proteinatlas.org/1330/si15_H6_2
https://images.proteinatlas.org/44191/2169_A5_62
https://images.proteinatlas.org/1330/si15_H6_4
https://images.proteinatlas.org/44191/2120_C7_13
https://images.proteinatlas.org/39402/2233_D3_50
https://images.proteinatlas.org/39402/2233_D3_57
https://images.proteinatlas.org/74762/2211_C4_11
https://images.proteinatlas.org/40845/2204_F6_11
https://images.proteinatlas.org/40845/2204_F6_1
https://images.proteinatlas.org/17960/2171_E7_42
https://images.proteinatlas.org/7966/1775_C5_23_cr5952966e25dbb
https://images.proteinatlas.org/3524/1748_B1_16_cr5805cb1c47e47
https://images.proteinatlas.org/3524/1748_B1_21_cr5805cb2829fd8
https://images.proteinatlas.org/39806/2167_E4_56
https://images.proteinatlas.org/39806/2121_E8_48
https://images.proteinatlas.org/39806/2128_F7_21
https://images.proteinatlas.org/39806/2128_F7_43
https://images.proteinatlas.org/66751/2176_E12_42
https://images.proteinatlas.org/66751/2160_E4_13
https://images.proteinatlas.org/66751/2160_E4_48
https://images.proteinatlas.org/66751/2147_D9_63
https://images.proteinatlas.org/66751/2147_D9_84
https://images.proteinatlas.org/39408/2167_H6_56
https://images.proteinatlas.org/39408/2167_H6_70
https://images.proteinatlas.org/39408/2153_G6_12
https://images.proteinatlas.org/39408/2153_G6_42
https://images.proteinatlas.org/74762/2211_C4_1
https://images.proteinatlas.org/39408/2128_F9_21
https://images.proteinatlas.org/39408/2128_F9_84
https://images.proteinatlas.org/40845/2175_H11_70
https://images.proteinatlas.org/39408/2209_H3_1
https://images.proteinatlas.org/50977/si10_A1_1
https://images.proteinatlas.org/50977/si10_A1_2
https://images.proteinatlas.org/50977/si10_A3_2
https://images.proteinatlas.org/6699/1717_G7_13_cr57f5153e2b7d1
https://images.proteinatlas.org/6699/1717_G7_18_cr57f5154795285
https://images.proteinatlas.org/39806/2121_E8_36
https://images.proteinatlas.org/56174/2169_E9_42
https://images.proteinatlas.org/56174/2169_E9_70
https://images.proteinatlas.org/56174/2244_E3_24
https://images.proteinatlas.org/56174/2128_G7_42
https://images.proteinatlas.org/56174/2128_G7_43
https://images.proteinatlas.org/23334/1899_G1_12_cr5ba0dd3717374
https://images.proteinatlas.org/23334/1899_G1_17_cr5ba0dd3717e9c
https://images.proteinatlas.org/27253/2211_F9_21
https://images.proteinatlas.org/27253/2211_F9_36
https://images.proteinatlas.org/42320/2153_F12_12
https://images.proteinatlas.org/42320/2153_F12_48
https://images.proteinatlas.org/42320/2149_H10_42
https://images.proteinatlas.org/42320/2149_H10_84
https://images.proteinatlas.org/23235/1774_F4_3_cr595102eb878c3
https://images.proteinatlas.org/23235/1774_F4_18_cr595102eb882c4
https://images.proteinatlas.org/39408/2209_H3_6
https://images.proteinatlas.org/66194/1747_H5_8_cr58065a2b20291
https://images.proteinatlas.org/50977/si10_A3_1
https://images.proteinatlas.org/66194/1747_H5_14_cr58065a33e0124
https://images.proteinatlas.org/6881/2215_F10_6
https://images.proteinatlas.org/24726/2128_B2_42
https://images.proteinatlas.org/23748/2150_F10_12
https://images.proteinatlas.org/23748/2150_F10_24
https://images.proteinatlas.org/23748/2148_F12_21
https://images.proteinatlas.org/56174/2244_E3_36
https://images.proteinatlas.org/23748/2148_F12_63
https://images.proteinatlas.org/23748/2239_G2_8
https://images.proteinatlas.org/23748/2239_G2_57
https://images.proteinatlas.org/24730/1743_D4_28_cr57ff7952b52d4
https://images.proteinatlas.org/53688/2161_H10_12
https://images.proteinatlas.org/53688/2161_H10_25
https://images.proteinatlas.org/24558/2203_A10_31
https://images.proteinatlas.org/24558/2203_A10_26
https://images.proteinatlas.org/77538/1743_F1_13_cr57fe1ad8e6ca5
https://images.proteinatlas.org/77538/1743_F1_28_cr57fe1ae443ed4
https://images.proteinatlas.org/77538/1692_B11_18_cr57d27d71098d6
https://images.proteinatlas.org/77538/1692_B11_28_cr57d27d7d86eda
https://images.proteinatlas.org/4873/si26_C10_2
https://images.proteinatlas.org/4873/si26_C10_3
https://images.proteinatlas.org/4873/si26_C10_5
https://images.proteinatlas.org/6881/2215_F10_11
https://images.proteinatlas.org/24726/2128_B2_63
https://images.proteinatlas.org/4873/si26_C10_16
https://images.proteinatlas.org/4873/si26_C12_3
https://images.proteinatlas.org/4873/si26_C12_4
https://images.proteinatlas.org/56957/1702_C1_23_cr57ea8f55279ff
https://images.proteinatlas.org/56957/1702_C1_28_cr57ea8f5ceb7ca
https://images.proteinatlas.org/41231/si17_C10_2
https://images.proteinatlas.org/24730/1743_D4_18_cr57ff7949228ac
https://images.proteinatlas.org/41231/si17_C10_3
https://images.proteinatlas.org/41231/si17_C11_3
https://images.proteinatlas.org/41231/si17_C11_4
https://images.proteinatlas.org/41231/si17_C12_4
https://images.proteinatlas.org/42692/fp10_E2_1
https://images.proteinatlas.org/42692/fp10_E2_3
https://images.proteinatlas.org/42692/fp10_B2_5
https://images.proteinatlas.org/42692/fp10_B2_2
https://images.proteinatlas.org/32120/1848_F10_20_cr5abb8def07079
https://images.proteinatlas.org/32120/1848_F10_26_cr5abb8def07051
https://images.proteinatlas.org/47194/2216_C11_11
https://images.proteinatlas.org/47194/2216_C11_36
https://images.proteinatlas.org/45598/2212_E7_11
https://images.proteinatlas.org/45598/2212_E7_36
https://images.proteinatlas.org/45607/1752_E2_8_cr5804cc90cc642
https://images.proteinatlas.org/4873/si26_C12_13
https://images.proteinatlas.org/4873/si26_C12_16
https://images.proteinatlas.org/45607/1752_E2_13_cr5804cc9a9f04e
https://images.proteinatlas.org/43052/si25_E4_2
https://images.proteinatlas.org/43052/si25_E4_4
https://images.proteinatlas.org/43052/si25_E6_2
https://images.proteinatlas.org/43052/si25_E6_3
https://images.proteinatlas.org/43052/si25_E6_8
https://images.proteinatlas.org/43052/si25_E6_18
https://images.proteinatlas.org/41231/si17_C12_2
https://images.proteinatlas.org/43417/1848_C10_10_cr5abb8f979dedd
https://images.proteinatlas.org/43417/1848_C10_19_cr5abb8f979ef8a
https://images.proteinatlas.org/64577/2017_G12_3_cr5fbd126d5dcc9
https://images.proteinatlas.org/64521/2177_H11_28
https://images.proteinatlas.org/64521/2177_H11_70
https://images.proteinatlas.org/64521/2160_H5_12
https://images.proteinatlas.org/64521/2160_H5_24
https://images.proteinatlas.org/64521/2136_E7_43
https://images.proteinatlas.org/64521/2136_E7_63
https://images.proteinatlas.org/43141/2153_E4_24
https://images.proteinatlas.org/43141/2153_E4_36
https://images.proteinatlas.org/35239/2169_D8_84
https://images.proteinatlas.org/35239/2152_C6_12
https://images.proteinatlas.org/35239/2152_C6_25
https://images.proteinatlas.org/35239/2135_B5_42
https://images.proteinatlas.org/43052/si25_E4_8
https://images.proteinatlas.org/35239/2135_B5_63
https://images.proteinatlas.org/43052/si25_E4_13
https://images.proteinatlas.org/46290/si29_A7_1
https://images.proteinatlas.org/46290/si29_A7_3
https://images.proteinatlas.org/46290/si29_A7_19
https://images.proteinatlas.org/46290/si29_A8_3
https://images.proteinatlas.org/46290/si29_A8_12
https://images.proteinatlas.org/46290/si29_A8_16
https://images.proteinatlas.org/64577/2017_G12_19_cr5fbd126d5da70
https://images.proteinatlas.org/46290/si29_A9_3
https://images.proteinatlas.org/46290/si29_A9_4
https://images.proteinatlas.org/46290/si29_A9_12
https://images.proteinatlas.org/73356/1812_G3_5_cr5a09c41109818
https://images.proteinatlas.org/73356/1812_G3_18_cr59ef27d97247f
https://images.proteinatlas.org/73356/2149_H8_43
https://images.proteinatlas.org/73356/2149_H8_84
https://images.proteinatlas.org/24491/1719_G5_8_cr5804b4e8b85df
https://images.proteinatlas.org/24491/1719_G5_17_cr5804b4feb9829
https://images.proteinatlas.org/24491/1736_C6_2_cr58060780654da
https://images.proteinatlas.org/24491/1736_C6_7_cr58060789a5528
https://images.proteinatlas.org/36763/2186_D2_24
https://images.proteinatlas.org/36763/2186_D2_48
https://images.proteinatlas.org/74615/1827_B2_9_cr5ac37199a585e
https://images.proteinatlas.org/74615/1827_B2_30_cr5ac37199a6213
https://images.proteinatlas.org/46290/si29_A7_16
https://images.proteinatlas.org/74615/1986_E4_1_cr5e5e5cd58150e
https://images.proteinatlas.org/46290/si29_A8_2
https://images.proteinatlas.org/74615/1986_E4_26_cr6148775963854
https://images.proteinatlas.org/67602/1702_D3_3_cr57eaa9f68ccac
https://images.proteinatlas.org/67602/1782_C6_1_cr59aeda3164ed8
https://images.proteinatlas.org/67602/1709_B10_2_cr580485c965c96
https://images.proteinatlas.org/67602/1709_B10_13_cr580485d27f2a8
https://images.proteinatlas.org/78077/2215_D4_21
https://images.proteinatlas.org/46290/si29_A9_13
https://images.proteinatlas.org/78077/2215_D4_31
https://images.proteinatlas.org/43541/2199_B12_6
https://images.proteinatlas.org/43541/2199_B12_41
https://images.proteinatlas.org/70314/1813_H2_30_cr59f2f211a35c9
https://images.proteinatlas.org/69291/2183_B3_28
https://images.proteinatlas.org/69291/2184_C3_12
https://images.proteinatlas.org/69291/2184_C3_24
https://images.proteinatlas.org/54218/2176_G9_56
https://images.proteinatlas.org/54218/2176_G9_84
https://images.proteinatlas.org/54218/2161_H8_35
https://images.proteinatlas.org/54218/2161_H8_48
https://images.proteinatlas.org/54218/2133_B5_42
https://images.proteinatlas.org/54218/2133_B5_63
https://images.proteinatlas.org/4202/1954_F2_45_cr5dfc942b00328
https://images.proteinatlas.org/4202/1954_F2_59_cr5dfc942b009bc
https://images.proteinatlas.org/67602/1702_D3_23_cr57eaa9fe4e301
https://images.proteinatlas.org/77555/1709_A5_18_cr5804898fb5ecc
https://images.proteinatlas.org/67602/1782_C6_16_cr596f4e89acec0
https://images.proteinatlas.org/77555/1709_A5_23_cr580489985aecc
https://images.proteinatlas.org/42666/2199_D5_6
https://images.proteinatlas.org/12499/2199_D2_26
https://images.proteinatlas.org/4890/si30_H4_3
https://images.proteinatlas.org/4890/si30_H4_4
https://images.proteinatlas.org/4890/si30_H4_7
https://images.proteinatlas.org/4890/si30_H4_15
https://images.proteinatlas.org/70314/1813_H2_9_cr59f2f211a23e0
https://images.proteinatlas.org/4890/si30_H5_1
https://images.proteinatlas.org/4890/si30_H5_4
https://images.proteinatlas.org/4890/si30_H5_11
https://images.proteinatlas.org/4890/si30_H6_2
https://images.proteinatlas.org/4890/si30_H6_3
https://images.proteinatlas.org/4890/si30_H6_7
https://images.proteinatlas.org/4890/si30_H6_17
https://images.proteinatlas.org/49859/1748_E9_6_cr5805e8f03b4bd
https://images.proteinatlas.org/49859/1748_E9_16_cr5805e8fb1f3cf
https://images.proteinatlas.org/56968/2178_B7_24
https://images.proteinatlas.org/56968/2178_B7_48
https://images.proteinatlas.org/56968/2201_H6_21
https://images.proteinatlas.org/56968/2201_H6_42
https://images.proteinatlas.org/69976/1751_F2_8_cr57fd244fbf211
https://images.proteinatlas.org/42666/2199_D5_21
https://images.proteinatlas.org/69976/1751_F2_13_cr57fd24589b36f
https://images.proteinatlas.org/12499/2199_D2_41
https://images.proteinatlas.org/24258/2179_B8_24
https://images.proteinatlas.org/24258/2179_B8_48
https://images.proteinatlas.org/78220/1715_H8_13_cr57fd266d41a09
https://images.proteinatlas.org/78220/1788_C10_18_cr597205bba3c03
https://images.proteinatlas.org/78220/1737_G2_12_cr58063abe1cb8b
https://images.proteinatlas.org/78220/1737_G2_18_cr58063ac7be58e
https://images.proteinatlas.org/77900/1692_D11_8_cr57d27545a7429
https://images.proteinatlas.org/4890/si30_H5_19
https://images.proteinatlas.org/77900/1692_D11_18_cr57d2754bf36c9
https://images.proteinatlas.org/19515/2185_G5_42
https://images.proteinatlas.org/19515/2185_G5_154
https://images.proteinatlas.org/19515/2186_A5_84
https://images.proteinatlas.org/19515/2201_A6_42
https://images.proteinatlas.org/19515/2201_A6_84
https://images.proteinatlas.org/2866/2238_E10_29
https://images.proteinatlas.org/2866/2238_E10_36
https://images.proteinatlas.org/69176/2183_D1_15
https://images.proteinatlas.org/69176/2183_D1_30
https://images.proteinatlas.org/69176/2160_B1_12
https://images.proteinatlas.org/69176/2160_B1_36
https://images.proteinatlas.org/69176/2148_A1_28
https://images.proteinatlas.org/69176/2148_A1_49
https://images.proteinatlas.org/78220/1715_H8_8_cr57fd266450eab
https://images.proteinatlas.org/69176/2228_D10_6
https://images.proteinatlas.org/78220/1788_C10_1_cr597205bba3bc2
https://images.proteinatlas.org/69176/2228_D10_31
https://images.proteinatlas.org/50678/2177_C11_70
https://images.proteinatlas.org/50678/2232_G12_14
https://images.proteinatlas.org/58320/1742_F8_22_cr5804950d083f7
https://images.proteinatlas.org/50294/si35_C5_2
https://images.proteinatlas.org/50294/si35_C5_3
https://images.proteinatlas.org/50294/si35_C5_8
https://images.proteinatlas.org/19515/2186_A5_24
https://images.proteinatlas.org/50294/si35_C5_9
https://images.proteinatlas.org/50294/si35_C6_1
https://images.proteinatlas.org/50294/si35_C6_3
https://images.proteinatlas.org/50294/si35_C6_10
https://images.proteinatlas.org/17171/1847_B12_73_cr5aba0d61d39bb
https://images.proteinatlas.org/17171/1847_B12_82_cr5aba0d61d42d9
https://images.proteinatlas.org/1674/1884_E2_44_cr5b98d36a1c103
https://images.proteinatlas.org/1674/1884_E2_49_cr5b98d36a1c52e
https://images.proteinatlas.org/42935/2200_B9_21
https://images.proteinatlas.org/42935/2200_B9_36
https://images.proteinatlas.org/14746/1878_A7_6_cr5b803a9dec532
https://images.proteinatlas.org/14746/1878_A7_11_cr5b803a9ded872
https://images.proteinatlas.org/5534/2175_B9_42
https://images.proteinatlas.org/5534/2175_B9_70
https://images.proteinatlas.org/5534/2120_F2_36
https://images.proteinatlas.org/50678/2177_C11_84
https://images.proteinatlas.org/58320/1742_F8_18_cr5804950376bc9
https://images.proteinatlas.org/5534/2120_F2_48
https://images.proteinatlas.org/5534/2131_G9_66
https://images.proteinatlas.org/5534/2131_G9_88
https://images.proteinatlas.org/26745/si23_G4_8
https://images.proteinatlas.org/26745/si23_G6_3
https://images.proteinatlas.org/26745/si23_G6_4
https://images.proteinatlas.org/26745/si23_G6_10
https://images.proteinatlas.org/50294/si35_C6_6
https://images.proteinatlas.org/41302/2121_D3_12
https://images.proteinatlas.org/41302/2121_D3_48
https://images.proteinatlas.org/41302/2131_D4_22
https://images.proteinatlas.org/56473/1838_C4_3_cr5ac366e498a08
https://images.proteinatlas.org/56473/1838_C4_29_cr5ac366e499640
https://images.proteinatlas.org/56473/2169_H3_42
https://images.proteinatlas.org/56473/2169_H3_84
https://images.proteinatlas.org/56473/2124_B3_12
https://images.proteinatlas.org/56473/2124_B3_48
https://images.proteinatlas.org/56473/2128_F2_1
https://images.proteinatlas.org/56473/2128_F2_22
https://images.proteinatlas.org/35347/2165_D12_24
https://images.proteinatlas.org/35347/2165_D12_48
https://images.proteinatlas.org/35347/2133_D8_42
https://images.proteinatlas.org/26745/si23_G4_2
https://images.proteinatlas.org/35347/2133_D8_84
https://images.proteinatlas.org/26745/si23_G4_4
https://images.proteinatlas.org/75585/1768_G8_8_cr5950cacec80c1
https://images.proteinatlas.org/75585/1768_G8_23_cr5950cacec9481
https://images.proteinatlas.org/67440/1777_G1_28_cr5af9815fd1806
https://images.proteinatlas.org/67440/1759_C2_18_cr594b6fa26886d
https://images.proteinatlas.org/67440/2175_A12_42
https://images.proteinatlas.org/67440/2175_A12_56
https://images.proteinatlas.org/67440/2217_C3_21
https://images.proteinatlas.org/41302/2131_D4_88
https://images.proteinatlas.org/67440/2217_C3_26
https://images.proteinatlas.org/6456/2205_G9_36
https://images.proteinatlas.org/6456/2205_G9_41
https://images.proteinatlas.org/3219/2034_H6_16_cr6447d0f7cb7b2
https://images.proteinatlas.org/20255/2179_A1_36
https://images.proteinatlas.org/20255/2179_A1_48
https://images.proteinatlas.org/20255/2201_A1_42
https://images.proteinatlas.org/20255/2201_A1_105
https://images.proteinatlas.org/56426/2241_F5_42
https://images.proteinatlas.org/56426/2241_F5_56
https://images.proteinatlas.org/56426/2136_D11_21
https://images.proteinatlas.org/56426/2136_D11_58
https://images.proteinatlas.org/75984/1715_H7_14_cr57fd30d5be7dd
https://images.proteinatlas.org/75984/1715_H7_9_cr57fd30cd4dd8c
https://images.proteinatlas.org/75984/1768_F8_4_cr5950c5dee4cc7
https://images.proteinatlas.org/67440/1777_G1_13_cr59632eeaa8e82
https://images.proteinatlas.org/67440/1759_C2_13_cr594b6f97edc10
https://images.proteinatlas.org/75984/1768_F8_13_cr5950c5dee51f2
https://images.proteinatlas.org/42886/2200_C9_16
https://images.proteinatlas.org/42886/2200_C9_41
https://images.proteinatlas.org/73607/2145_C5_21
https://images.proteinatlas.org/73607/2145_C5_42
https://images.proteinatlas.org/58216/1752_D2_3_cr5804cb949ef68
https://images.proteinatlas.org/3219/2034_H6_1_cr6447d0f7ca001
https://images.proteinatlas.org/58216/1752_D2_13_cr5804cb9ec37a1
https://images.proteinatlas.org/58216/2146_B4_42
https://images.proteinatlas.org/58216/2146_B4_63
https://images.proteinatlas.org/70002/2160_G1_25
https://images.proteinatlas.org/70002/1984_D7_29_cr5e5cfa4395465
https://images.proteinatlas.org/70002/2160_G1_45
https://images.proteinatlas.org/70002/2136_C6_63
https://images.proteinatlas.org/70002/2136_C6_42
https://images.proteinatlas.org/70002/2211_F3_21
https://images.proteinatlas.org/70002/2211_F3_26
https://images.proteinatlas.org/71800/fp12_E9_3
https://images.proteinatlas.org/71800/fp12_E9_5
https://images.proteinatlas.org/71800/fp12_B9_1
https://images.proteinatlas.org/17343/2131_D11_21
https://images.proteinatlas.org/71800/fp12_B9_2
https://images.proteinatlas.org/73607/2165_B3_36
https://images.proteinatlas.org/73607/2165_B3_48
https://images.proteinatlas.org/17343/2131_D11_42
https://images.proteinatlas.org/74370/2204_H9_21
https://images.proteinatlas.org/74370/2204_H9_11
https://images.proteinatlas.org/8700/2120_D5_48
https://images.proteinatlas.org/8700/2120_D5_36
https://images.proteinatlas.org/8700/2127_B4_42
https://images.proteinatlas.org/8700/2127_B4_63
https://images.proteinatlas.org/40654/2153_D10_24
https://images.proteinatlas.org/40654/2153_D10_48
https://images.proteinatlas.org/70002/1984_D7_2_cr5e5cfa43949cd
https://images.proteinatlas.org/40654/2146_C2_22
https://images.proteinatlas.org/40654/2146_C2_63
https://images.proteinatlas.org/37923/2175_C3_42
https://images.proteinatlas.org/37923/2232_B2_48
https://images.proteinatlas.org/37923/2232_B2_60
https://images.proteinatlas.org/37923/2234_B3_63
https://images.proteinatlas.org/37923/2234_B3_105
https://images.proteinatlas.org/77416/1717_C3_13_cr57f4fa75c837b
https://images.proteinatlas.org/77416/1717_C3_18_cr57f4fa7f6404f
https://images.proteinatlas.org/77416/1721_A3_13_cr57eaab4731107
https://images.proteinatlas.org/77416/1721_A3_17_cr57eaab4f96dbc
https://images.proteinatlas.org/22905/2199_D9_21
https://images.proteinatlas.org/37759/2166_D4_36
https://images.proteinatlas.org/22905/2199_D9_36
https://images.proteinatlas.org/57678/1674_G5_18_cr57e3e121ef9c2
https://images.proteinatlas.org/57678/1674_G5_13_cr57e3e11b8affc
https://images.proteinatlas.org/37759/2166_D4_48
https://images.proteinatlas.org/29878/fp21_E4_2
https://images.proteinatlas.org/29878/fp21_B4_2
https://images.proteinatlas.org/29878/fp21_B4_1
https://images.proteinatlas.org/22957/2124_G9_37
https://images.proteinatlas.org/22957/2200_H4_31
https://images.proteinatlas.org/22957/2200_H4_36
https://images.proteinatlas.org/37923/2175_C3_56
https://images.proteinatlas.org/25936/si12_H1_1
https://images.proteinatlas.org/25936/si12_H1_2
https://images.proteinatlas.org/25936/si12_H3_1
https://images.proteinatlas.org/67433/1718_E2_14_cr57f3d40cde1c1
https://images.proteinatlas.org/67433/1718_E2_19_cr57f3d415ea8d3
https://images.proteinatlas.org/67433/2183_F10_14
https://images.proteinatlas.org/67433/2183_F10_56
https://images.proteinatlas.org/67433/2184_B11_13
https://images.proteinatlas.org/67433/2184_B11_24
https://images.proteinatlas.org/67433/2204_G8_26
https://images.proteinatlas.org/67433/2204_G8_36
https://images.proteinatlas.org/19163/1742_B4_8_cr580492c5c7769
https://images.proteinatlas.org/19163/1742_B4_13_cr580492cfb9cc4
https://images.proteinatlas.org/4167/fp6_F8_1
https://images.proteinatlas.org/4167/fp6_F8_3
https://images.proteinatlas.org/29878/fp21_E4_1
https://images.proteinatlas.org/22957/2124_G9_24
https://images.proteinatlas.org/4167/fp6_C8_2
https://images.proteinatlas.org/4167/fp6_C8_4
https://images.proteinatlas.org/12111/1934_F8_20_cr5d1ca7aa8d81a
https://images.proteinatlas.org/48483/2210_H8_84
https://images.proteinatlas.org/48483/2160_H11_48
https://images.proteinatlas.org/48483/2160_H11_24
https://images.proteinatlas.org/25936/si12_H3_4
https://images.proteinatlas.org/48483/2129_F4_17
https://images.proteinatlas.org/22021/1884_H2_32_cr5b98d3de750f7
https://images.proteinatlas.org/48483/2129_F4_64
https://images.proteinatlas.org/8445/2200_A8_1
https://images.proteinatlas.org/8445/2200_A8_36
https://images.proteinatlas.org/31134/2120_A5_20
https://images.proteinatlas.org/31134/2120_A5_36
https://images.proteinatlas.org/31134/2127_C9_21
https://images.proteinatlas.org/31134/2127_C9_63
https://images.proteinatlas.org/15783/2217_E6_6
https://images.proteinatlas.org/15783/2217_E6_21
https://images.proteinatlas.org/27247/2210_F9_14
https://images.proteinatlas.org/27247/2210_F9_56
https://images.proteinatlas.org/27247/2165_D6_12
https://images.proteinatlas.org/27247/2165_D6_36
https://images.proteinatlas.org/48483/2210_H8_16
https://images.proteinatlas.org/12111/1934_F8_3_cr5d1ca7aa8d4b0
https://images.proteinatlas.org/27247/2149_A2_42
https://images.proteinatlas.org/27247/2149_A2_84
https://images.proteinatlas.org/27247/2239_C11_8
https://images.proteinatlas.org/21376/2120_A9_24
https://images.proteinatlas.org/21376/2120_A9_36
https://images.proteinatlas.org/21376/2127_D6_42
https://images.proteinatlas.org/22021/1884_H2_37_cr5b98d3de764b2
https://images.proteinatlas.org/21376/2127_D6_84
https://images.proteinatlas.org/21376/2200_E5_11
https://images.proteinatlas.org/21376/2200_E5_31
https://images.proteinatlas.org/21366/2185_H2_28
https://images.proteinatlas.org/21366/2185_H2_84
https://images.proteinatlas.org/21366/2232_B3_36
https://images.proteinatlas.org/21366/2232_B3_48
https://images.proteinatlas.org/21366/2201_E2_43
https://images.proteinatlas.org/21366/2201_E2_64
https://images.proteinatlas.org/21410/fp23_E6_1
https://images.proteinatlas.org/21410/fp23_E6_3
https://images.proteinatlas.org/21410/fp23_B6_3
https://images.proteinatlas.org/21410/fp23_B6_4
https://images.proteinatlas.org/36483/1743_C7_3_cr57ff82e2d3d85
https://images.proteinatlas.org/36483/1743_C7_27_cr57ff82eca4454
https://images.proteinatlas.org/27247/2239_C11_43
https://images.proteinatlas.org/21376/2167_D6_70
https://images.proteinatlas.org/27305/2175_A10_56
https://images.proteinatlas.org/27305/2175_A10_70
https://images.proteinatlas.org/27305/2150_C9_13
https://images.proteinatlas.org/56325/2168_G7_70
https://images.proteinatlas.org/56325/2168_G7_84
https://images.proteinatlas.org/56325/2127_D2_61
https://images.proteinatlas.org/56325/2127_D2_82
https://images.proteinatlas.org/36647/2204_C6_6
https://images.proteinatlas.org/76689/1840_D5_62_cr5b166f83ad88a
https://images.proteinatlas.org/36647/2204_C6_36
https://images.proteinatlas.org/47047/si10_D10_2
https://images.proteinatlas.org/47047/si10_D10_3
https://images.proteinatlas.org/47047/si10_D12_4
https://images.proteinatlas.org/78608/1869_G3_32_cr5b7539ef42483
https://images.proteinatlas.org/78608/1869_G3_49_cr5bb7533634995
https://images.proteinatlas.org/65761/fp6_E9_1
https://images.proteinatlas.org/65761/fp6_E9_2
https://images.proteinatlas.org/65761/fp6_B9_1
https://images.proteinatlas.org/65761/fp6_B9_2
https://images.proteinatlas.org/39592/2153_B2_36
https://images.proteinatlas.org/39592/2153_B2_48
https://images.proteinatlas.org/39592/2132_D2_42
https://images.proteinatlas.org/39592/2132_D2_63
https://images.proteinatlas.org/15801/2178_D5_12
https://images.proteinatlas.org/27305/2135_G7_63
https://images.proteinatlas.org/27305/2135_G7_84
https://images.proteinatlas.org/15801/2178_D5_36
https://images.proteinatlas.org/68798/1812_H11_5_cr59edf49a4a020
https://images.proteinatlas.org/68798/1812_H11_22_cr59edf49a4a048
https://images.proteinatlas.org/66610/1754_D7_13_cr57f3ec32f0ae2
https://images.proteinatlas.org/66610/1754_D7_18_cr57f3ec3cd726e
https://images.proteinatlas.org/37574/2228_F6_36
https://images.proteinatlas.org/37574/2228_F6_41
https://images.proteinatlas.org/47047/si10_D12_2
https://images.proteinatlas.org/39485/si17_F2_3
https://images.proteinatlas.org/39485/si17_F2_4
https://images.proteinatlas.org/39485/si17_F2_5
https://images.proteinatlas.org/39485/si17_F3_2
https://images.proteinatlas.org/39485/si17_F3_3
https://images.proteinatlas.org/39485/si17_F3_5
https://images.proteinatlas.org/39485/si17_F3_7
https://images.proteinatlas.org/52504/2161_D10_13
https://images.proteinatlas.org/52504/2161_D10_36
https://images.proteinatlas.org/52504/2147_E10_21
https://images.proteinatlas.org/52504/2147_E10_84
https://images.proteinatlas.org/52504/2205_E11_1
https://images.proteinatlas.org/36665/2184_A4_24
https://images.proteinatlas.org/52504/2205_E11_11
https://images.proteinatlas.org/66751/2176_E12_42
https://images.proteinatlas.org/36665/2184_A4_36
https://images.proteinatlas.org/66751/2160_E4_13
https://images.proteinatlas.org/66751/2147_D9_63
https://images.proteinatlas.org/66751/2147_D9_84
https://images.proteinatlas.org/38509/2244_G7_60
https://images.proteinatlas.org/38509/2234_E8_21
https://images.proteinatlas.org/39485/si17_F2_8
https://images.proteinatlas.org/38509/2234_E8_84
https://images.proteinatlas.org/76623/1751_H9_15_cr57fd2938aa29f
https://images.proteinatlas.org/76623/1751_H9_24_cr57fd29419b344
https://images.proteinatlas.org/16930/si2_F1_2
https://images.proteinatlas.org/16930/si2_F2_2
https://images.proteinatlas.org/16930/si2_F2_3
https://images.proteinatlas.org/16930/si2_F3_1
https://images.proteinatlas.org/16930/si2_F3_4
https://images.proteinatlas.org/1352/1731_D1_21_cr580dc6fb05cfb
https://images.proteinatlas.org/1352/1731_D1_28_cr57eabf1d94003
https://images.proteinatlas.org/37606/2169_G5_28
https://images.proteinatlas.org/37606/2169_G5_42
https://images.proteinatlas.org/37606/2152_C1_24
https://images.proteinatlas.org/66751/2160_E4_48
https://images.proteinatlas.org/38509/2244_G7_12
https://images.proteinatlas.org/37606/2152_C1_36
https://images.proteinatlas.org/37606/2129_C2_21
https://images.proteinatlas.org/37606/2129_C2_63
https://images.proteinatlas.org/6773/si10_F4_1
https://images.proteinatlas.org/16930/si2_F1_1
https://images.proteinatlas.org/6773/si10_F4_7
https://images.proteinatlas.org/6773/si10_F5_2
https://images.proteinatlas.org/6773/si10_F4_3
https://images.proteinatlas.org/6773/si10_F5_5
https://images.proteinatlas.org/6773/si10_F6_2
https://images.proteinatlas.org/6773/si10_F6_4
https://images.proteinatlas.org/37606/2200_D8_11
https://images.proteinatlas.org/6773/si10_F6_5
https://images.proteinatlas.org/37606/2200_D8_31
https://images.proteinatlas.org/70681/1747_B6_13_cr58065cf224304
https://images.proteinatlas.org/70681/1747_B6_23_cr58065cfb31060
https://images.proteinatlas.org/24201/2204_B7_26
https://images.proteinatlas.org/27956/2240_B5_50
https://images.proteinatlas.org/38535/2179_G6_12
https://images.proteinatlas.org/38535/2179_G6_37
https://images.proteinatlas.org/67812/2178_G2_12
https://images.proteinatlas.org/67812/2178_G2_60
https://images.proteinatlas.org/6773/si10_F5_4
https://images.proteinatlas.org/76406/1692_A12_22_cr57d15ab1316e7
https://images.proteinatlas.org/76406/1692_A12_13_cr57d15aaac6360
https://images.proteinatlas.org/49487/2233_B2_43
https://images.proteinatlas.org/11256/1847_F9_37_cr5abb5d8e30c09
https://images.proteinatlas.org/14273/2150_F2_24
https://images.proteinatlas.org/11256/1847_F9_53_cr5abb5d8e31aaa
https://images.proteinatlas.org/14273/2150_F2_36
https://images.proteinatlas.org/14273/2146_B3_21
https://images.proteinatlas.org/14273/2146_B3_84
https://images.proteinatlas.org/1520/2205_F9_6
https://images.proteinatlas.org/1520/2205_F9_11
https://images.proteinatlas.org/38673/2152_F8_24
https://images.proteinatlas.org/38673/2152_F8_36
https://images.proteinatlas.org/38673/2240_C6_29
https://images.proteinatlas.org/24201/2204_B7_16
https://images.proteinatlas.org/38673/2240_C6_36
https://images.proteinatlas.org/27956/2240_B5_22
https://images.proteinatlas.org/34973/1787_E4_6_cr5968c42cdf2f2
https://images.proteinatlas.org/34973/1787_E4_27_cr5968c42cdfcd9
https://images.proteinatlas.org/61991/1866_F10_28_cr5b69368050142
https://images.proteinatlas.org/74606/1891_E21_29_cr5ba0b1cd50783
https://images.proteinatlas.org/39765/2199_C4_1
https://images.proteinatlas.org/39765/2199_C4_11
https://images.proteinatlas.org/49487/2233_B2_50
https://images.proteinatlas.org/64413/2185_A12_14
https://images.proteinatlas.org/64413/2185_A12_42
https://images.proteinatlas.org/64413/2186_A11_48
https://images.proteinatlas.org/64413/2201_D12_42
https://images.proteinatlas.org/64413/2201_D12_252
https://images.proteinatlas.org/12743/2191_E3_12
https://images.proteinatlas.org/12743/2191_E3_48
https://images.proteinatlas.org/12743/2238_G3_8
https://images.proteinatlas.org/12743/2238_G3_57
https://images.proteinatlas.org/14484/2151_D11_12
https://images.proteinatlas.org/14484/2151_D11_24
https://images.proteinatlas.org/14484/2149_D9_21
https://images.proteinatlas.org/61991/1866_F10_3_cr5b6936804fd9a
https://images.proteinatlas.org/74606/1891_E21_7_cr5ba0b1cd4ded7
https://images.proteinatlas.org/69176/2183_D1_15
https://images.proteinatlas.org/14484/2149_D9_84
https://images.proteinatlas.org/69176/2183_D1_30
https://images.proteinatlas.org/69176/2148_A1_49
https://images.proteinatlas.org/69176/2148_A1_28
https://images.proteinatlas.org/69176/2228_D10_6
https://images.proteinatlas.org/64413/2186_A11_84
https://images.proteinatlas.org/69176/2228_D10_31
https://images.proteinatlas.org/39772/2165_F6_24
https://images.proteinatlas.org/39772/2165_F6_60
https://images.proteinatlas.org/39772/2149_D2_84
https://images.proteinatlas.org/39772/2209_D5_16
https://images.proteinatlas.org/39772/2209_D5_41
https://images.proteinatlas.org/39973/si29_B4_3
https://images.proteinatlas.org/39973/si29_B4_4
https://images.proteinatlas.org/39973/si29_B4_14
https://images.proteinatlas.org/39973/si29_B4_16
https://images.proteinatlas.org/39973/si29_B5_3
https://images.proteinatlas.org/39973/si29_B5_4
https://images.proteinatlas.org/39973/si29_B5_19
https://images.proteinatlas.org/39973/si29_B6_3
https://images.proteinatlas.org/69176/2160_B1_12
https://images.proteinatlas.org/69176/2160_B1_36
https://images.proteinatlas.org/39973/si29_B5_17
https://images.proteinatlas.org/39973/si29_B6_4
https://images.proteinatlas.org/39973/si29_B6_13
https://images.proteinatlas.org/39923/1916_D10_15_cr5c99f30898fd3
https://images.proteinatlas.org/39772/2149_D2_63
https://images.proteinatlas.org/12008/si10_E4_2
https://images.proteinatlas.org/12008/si10_E4_3
https://images.proteinatlas.org/12008/si10_E4_8
https://images.proteinatlas.org/12008/si10_E6_4
https://images.proteinatlas.org/12008/si10_E6_6
https://images.proteinatlas.org/40736/2171_G8_15
https://images.proteinatlas.org/40736/2171_G8_84
https://images.proteinatlas.org/40736/2152_B10_36
https://images.proteinatlas.org/40736/2152_B10_72
https://images.proteinatlas.org/40736/2147_F4_84
https://images.proteinatlas.org/40736/2147_F4_21
https://images.proteinatlas.org/40736/2209_G4_16
https://images.proteinatlas.org/40736/2209_G4_36
https://images.proteinatlas.org/55909/1801_B2_10_cr59c27943da3fb
https://images.proteinatlas.org/39973/si29_B6_14
https://images.proteinatlas.org/39923/1916_D10_27_cr5c99f308997e5
https://images.proteinatlas.org/55909/1801_B2_28_cr59c27943da680
https://images.proteinatlas.org/4247/2210_B10_14
https://images.proteinatlas.org/4247/2210_B10_28
https://images.proteinatlas.org/6973/2199_C6_6
https://images.proteinatlas.org/12008/si10_E6_2
https://images.proteinatlas.org/62394/2238_C9_29
https://images.proteinatlas.org/6973/2199_C6_11
https://images.proteinatlas.org/62394/2238_C9_36
https://images.proteinatlas.org/62394/2238_C9_36
https://images.proteinatlas.org/39970/1914_C2_12_cr5c865e9967ca9
https://images.proteinatlas.org/39970/1914_C2_28_cr5c865e996a179
https://images.proteinatlas.org/10021/1891_N5_5_cr5bbca45356284
https://images.proteinatlas.org/10021/1891_N5_28_cr5bbca45356736
https://images.proteinatlas.org/7110/1876_E2_14_cr5b6d5dbad4003
https://images.proteinatlas.org/7110/1876_E2_16_cr5ba35fc19546e
https://images.proteinatlas.org/31198/2153_A4_12
https://images.proteinatlas.org/31198/2153_A4_24
https://images.proteinatlas.org/31198/2237_F9_1
https://images.proteinatlas.org/31198/2237_F9_8
https://images.proteinatlas.org/77174/2176_C2_14
https://images.proteinatlas.org/4247/2120_F3_36
https://images.proteinatlas.org/4247/2120_F3_24
https://images.proteinatlas.org/77174/2176_C2_42
https://images.proteinatlas.org/77174/2165_A3_12
https://images.proteinatlas.org/77174/2165_A3_24
https://images.proteinatlas.org/77174/2211_D11_41
https://images.proteinatlas.org/77174/2211_D11_1
https://images.proteinatlas.org/34571/2167_A12_71
https://images.proteinatlas.org/62394/2238_C9_29
https://images.proteinatlas.org/34571/2167_A12_84
https://images.proteinatlas.org/34571/2121_G9_24
https://images.proteinatlas.org/34571/2121_G9_36
https://images.proteinatlas.org/79394/2165_H1_24
https://images.proteinatlas.org/34571/2133_E11_72
https://images.proteinatlas.org/79394/2165_H1_36
https://images.proteinatlas.org/38080/2228_C8_16
https://images.proteinatlas.org/38080/2228_C8_41
https://images.proteinatlas.org/51825/2171_C2_70
https://images.proteinatlas.org/46051/1642_C4_24_cr57bc01c499d7f
https://images.proteinatlas.org/46051/1642_C4_28_cr57bc01caa282d
https://images.proteinatlas.org/28774/2233_D9_29
https://images.proteinatlas.org/77174/2145_B5_84
https://images.proteinatlas.org/77174/2145_B5_63
https://images.proteinatlas.org/28774/2233_D9_43
https://images.proteinatlas.org/1113/2171_A1_42
https://images.proteinatlas.org/1113/2171_A1_56
https://images.proteinatlas.org/1113/2206_F9_19
https://images.proteinatlas.org/1113/2206_F9_63
https://images.proteinatlas.org/18862/2229_B10_21
https://images.proteinatlas.org/34571/2133_E11_51
https://images.proteinatlas.org/18862/2229_B10_26
https://images.proteinatlas.org/60691/1954_G11_44_cr5dfb7b3931c78
https://images.proteinatlas.org/60691/1954_G11_51_cr5dfb7b39328a9
https://images.proteinatlas.org/31608/2177_F7_42
https://images.proteinatlas.org/45679/2017_E10_9_cr5fc0c99e27e86
https://images.proteinatlas.org/45679/2017_E10_12_cr5fc0c99e29a9c
https://images.proteinatlas.org/14788/1782_G2_4_cr596b64ab793c0
https://images.proteinatlas.org/14788/1782_G2_16_cr596b64ab798bd
https://images.proteinatlas.org/66293/2160_F4_13
https://images.proteinatlas.org/66293/2160_F4_48
https://images.proteinatlas.org/66293/2148_D5_63
https://images.proteinatlas.org/66293/2148_D5_84
https://images.proteinatlas.org/1113/2186_G4_12
https://images.proteinatlas.org/1113/2186_G4_48
https://images.proteinatlas.org/66293/2205_E6_6
https://images.proteinatlas.org/66293/2205_E6_41
https://images.proteinatlas.org/67082/1650_B1_52_cr57ea7cd655b92
https://images.proteinatlas.org/55479/2232_H1_28
https://images.proteinatlas.org/55479/2169_D1_70
https://images.proteinatlas.org/55479/2232_H1_70
https://images.proteinatlas.org/31608/2177_F7_28
https://images.proteinatlas.org/55479/2206_D2_84
https://images.proteinatlas.org/55479/2206_D2_63
https://images.proteinatlas.org/3222/1914_H5_9_cr5c87738da8d11
https://images.proteinatlas.org/30332/1972_D11_10_cr5e15a9dd38c12
https://images.proteinatlas.org/30332/1972_D11_23_cr5e15a9dd3ad94
https://images.proteinatlas.org/30332/2217_B9_1
https://images.proteinatlas.org/30332/2217_B9_16
https://images.proteinatlas.org/74371/1688_A12_22_cr57f3f3cc6ad9a
https://images.proteinatlas.org/74371/1688_A12_23_cr57f3f3c332117
https://images.proteinatlas.org/75303/1891_G24_10_cr5b8cea86f0bdc
https://images.proteinatlas.org/75303/1891_G24_29_cr5bd859f14df3a
https://images.proteinatlas.org/74879/2176_F5_14
https://images.proteinatlas.org/67082/1650_B1_58_cr57ea7cde39472
https://images.proteinatlas.org/55479/2169_D1_42
https://images.proteinatlas.org/74879/2176_F5_42
https://images.proteinatlas.org/74879/2165_A5_12
https://images.proteinatlas.org/74879/2165_A5_36
https://images.proteinatlas.org/44555/2201_C12_21
https://images.proteinatlas.org/44555/2201_C12_84
https://images.proteinatlas.org/36910/2230_G8_21
https://images.proteinatlas.org/3222/1914_H5_17_cr5c87738da964a
https://images.proteinatlas.org/36910/2230_G8_36
https://images.proteinatlas.org/36910/si11_D2_2
https://images.proteinatlas.org/36910/si11_D2_4
https://images.proteinatlas.org/36910/si11_D3_1
https://images.proteinatlas.org/36910/si11_D3_3
https://images.proteinatlas.org/36910/si11_D3_5
https://images.proteinatlas.org/898/2202_G7_26
https://images.proteinatlas.org/898/2202_G7_36
https://images.proteinatlas.org/71751/2215_F5_6
https://images.proteinatlas.org/71751/2215_F5_31
https://images.proteinatlas.org/19793/2183_C1_56
https://images.proteinatlas.org/19793/2183_C1_70
https://images.proteinatlas.org/19793/2184_A1_24
https://images.proteinatlas.org/19793/2184_A1_49
https://images.proteinatlas.org/74879/2134_G2_21
https://images.proteinatlas.org/74879/2134_G2_63
https://images.proteinatlas.org/43930/1742_E9_18_cr5804930fbb88d
https://images.proteinatlas.org/43930/1742_E9_27_cr5804931a0fae7
https://images.proteinatlas.org/2989/1768_C6_25_cr594bb5ad76670
https://images.proteinatlas.org/48798/si17_G11_3
https://images.proteinatlas.org/48798/si17_G12_2
https://images.proteinatlas.org/48798/si17_G12_3
https://images.proteinatlas.org/36910/si11_D2_8
https://images.proteinatlas.org/67473/1918_E7_10_cr5cb48e5d9f839
https://images.proteinatlas.org/67473/1918_E7_30_cr5cb48e5da02c5
https://images.proteinatlas.org/67473/1864_B10_68_cr5afd7d1ed2ce7
https://images.proteinatlas.org/36911/2152_E11_12
https://images.proteinatlas.org/36911/2152_E11_48
https://images.proteinatlas.org/36911/2133_E9_21
https://images.proteinatlas.org/36911/2133_E9_63
https://images.proteinatlas.org/7172/2183_B8_70
https://images.proteinatlas.org/7172/2184_C8_12
https://images.proteinatlas.org/7172/2184_C8_36
https://images.proteinatlas.org/7172/2201_B6_21
https://images.proteinatlas.org/7172/2201_B6_63
https://images.proteinatlas.org/7172/2217_D8_21
https://images.proteinatlas.org/2989/1768_C6_27_cr594bb5ad76e4e
https://images.proteinatlas.org/48798/si17_G11_2
https://images.proteinatlas.org/7172/2217_D8_41
https://images.proteinatlas.org/7173/2151_A11_13
https://images.proteinatlas.org/7173/2151_A11_48
https://images.proteinatlas.org/7403/1918_G4_9_cr5cb486fb180f0
https://images.proteinatlas.org/7403/1918_G4_21_cr5cb486fb184d4
https://images.proteinatlas.org/45895/2121_H3_36
https://images.proteinatlas.org/67473/1864_B10_88_cr5afd7d1ed2fff
https://images.proteinatlas.org/45895/2121_H3_48
https://images.proteinatlas.org/45895/2132_D5_21
https://images.proteinatlas.org/45895/2132_D5_63
https://images.proteinatlas.org/39614/si33_H11_3
https://images.proteinatlas.org/39614/si33_H11_4
https://images.proteinatlas.org/39614/si33_H12_2
https://images.proteinatlas.org/39614/si33_H10_4
https://images.proteinatlas.org/39614/si33_H12_3
https://images.proteinatlas.org/53745/2186_B10_36
https://images.proteinatlas.org/53745/2186_B10_72
https://images.proteinatlas.org/37775/si3_B10_2
https://images.proteinatlas.org/37775/si3_B10_3
https://images.proteinatlas.org/37775/si3_B12_3
https://images.proteinatlas.org/7173/2147_C7_84
https://images.proteinatlas.org/7173/2147_C7_21
https://images.proteinatlas.org/37775/si3_B12_4
https://images.proteinatlas.org/15483/2150_H4_12
https://images.proteinatlas.org/15483/2150_H4_36
https://images.proteinatlas.org/28499/1774_C4_8_cr5950fa3646253
https://images.proteinatlas.org/28499/1774_C4_13_cr5950fa3646972
https://images.proteinatlas.org/28499/2169_A3_42
https://images.proteinatlas.org/28499/2169_A3_70
https://images.proteinatlas.org/39614/si33_H10_3
https://images.proteinatlas.org/28499/2166_A6_12
https://images.proteinatlas.org/28499/2166_A6_24
https://images.proteinatlas.org/8149/1732_B1_8_cr5806021b00751
https://images.proteinatlas.org/52359/1789_G5_5_cr598ad738d9b8f
https://images.proteinatlas.org/52359/1789_G5_20_cr598ad738da9fc
https://images.proteinatlas.org/19361/2167_B6_14
https://images.proteinatlas.org/19361/2167_B6_39
https://images.proteinatlas.org/19361/2120_C8_12
https://images.proteinatlas.org/19361/2120_C8_24
https://images.proteinatlas.org/19361/2127_C10_21
https://images.proteinatlas.org/19361/2127_C10_63
https://images.proteinatlas.org/9150/2177_H1_42
https://images.proteinatlas.org/9150/2177_H1_56
https://images.proteinatlas.org/9150/2120_H5_24
https://images.proteinatlas.org/9150/2120_H5_36
https://images.proteinatlas.org/15483/2149_C3_84
https://images.proteinatlas.org/15483/2149_C3_64
https://images.proteinatlas.org/9150/2129_E8_42
https://images.proteinatlas.org/9150/2129_E8_84
https://images.proteinatlas.org/26802/1708_B10_13_cr57ee68bfc58e6
https://images.proteinatlas.org/36941/2179_E1_43
https://images.proteinatlas.org/36941/2206_B1_189
https://images.proteinatlas.org/36941/2206_B1_210
https://images.proteinatlas.org/75093/2179_D10_12
https://images.proteinatlas.org/8149/1732_B1_13_cr58060224b0907
https://images.proteinatlas.org/75093/2179_D10_36
https://images.proteinatlas.org/72252/2169_G12_1
https://images.proteinatlas.org/72252/2169_G12_112
https://images.proteinatlas.org/72252/2165_C12_48
https://images.proteinatlas.org/72252/2136_D8_21
https://images.proteinatlas.org/72252/2136_D8_63
https://images.proteinatlas.org/18877/1916_D9_14_cr5c9a0726046f7
https://images.proteinatlas.org/18877/1916_D9_24_cr5c9a072605376
https://images.proteinatlas.org/18877/1858_D5_4_cr5acdd212230db
https://images.proteinatlas.org/18877/1858_D5_6_cr5acdd21223e1a
https://images.proteinatlas.org/38268/2167_F2_14
https://images.proteinatlas.org/38268/2120_F9_36
https://images.proteinatlas.org/38268/2120_F9_48
https://images.proteinatlas.org/38268/2132_B2_30
https://images.proteinatlas.org/38268/2132_B2_72
https://images.proteinatlas.org/38268/2240_F4_22
https://images.proteinatlas.org/26802/1708_B10_18_cr57ee68c75c5b7
https://images.proteinatlas.org/36941/2179_E1_19
https://images.proteinatlas.org/38268/2240_F4_43
https://images.proteinatlas.org/74006/2176_A9_28
https://images.proteinatlas.org/74006/2176_A9_56
https://images.proteinatlas.org/74006/2205_A11_1
https://images.proteinatlas.org/74006/2205_A11_6
https://images.proteinatlas.org/36363/1874_A4_11_cr5b6d78e755dc2
https://images.proteinatlas.org/72252/2165_C12_12
https://images.proteinatlas.org/36363/1874_A4_22_cr5b6d78e755dc6
https://images.proteinatlas.org/45393/2195_G4_41
https://images.proteinatlas.org/7704/2151_B4_36
https://images.proteinatlas.org/7704/2131_G3_22
https://images.proteinatlas.org/7704/2131_G3_88
https://images.proteinatlas.org/51653/si21_F1_1
https://images.proteinatlas.org/51653/si21_F1_3
https://images.proteinatlas.org/51653/si21_F2_4
https://images.proteinatlas.org/51653/si21_F2_3
https://images.proteinatlas.org/51653/si21_F3_1
https://images.proteinatlas.org/35515/2185_D7_28
https://images.proteinatlas.org/51653/si21_F3_3
https://images.proteinatlas.org/35515/2185_D7_42
https://images.proteinatlas.org/35515/2186_C6_12
https://images.proteinatlas.org/35515/2186_C6_24
https://images.proteinatlas.org/35515/2201_D8_42
https://images.proteinatlas.org/74006/2165_E8_48
https://images.proteinatlas.org/74006/2165_E8_23
https://images.proteinatlas.org/35515/2204_D8_11
https://images.proteinatlas.org/35515/2201_D8_63
https://images.proteinatlas.org/35515/2204_D8_21
https://images.proteinatlas.org/42787/2153_B12_25
https://images.proteinatlas.org/42787/2153_B12_36
https://images.proteinatlas.org/42787/2146_G3_63
https://images.proteinatlas.org/7704/2151_B4_48
https://images.proteinatlas.org/42787/2240_F3_29
https://images.proteinatlas.org/42787/2146_G3_84
https://images.proteinatlas.org/42787/2240_F3_36
https://images.proteinatlas.org/52530/2205_B8_1
https://images.proteinatlas.org/44850/2244_C9_61
https://images.proteinatlas.org/52530/2205_B8_6
https://images.proteinatlas.org/28487/si10_F10_3
https://images.proteinatlas.org/28487/si10_F10_4
https://images.proteinatlas.org/28487/si10_F11_1
https://images.proteinatlas.org/28487/si10_F12_2
https://images.proteinatlas.org/28487/si10_F11_3
https://images.proteinatlas.org/28487/si10_F12_3
https://images.proteinatlas.org/58543/2160_A10_12
https://images.proteinatlas.org/58543/2160_A10_24
https://images.proteinatlas.org/58543/2209_G9_11
https://images.proteinatlas.org/42787/2169_F2_15
https://images.proteinatlas.org/42787/2169_F2_28
https://images.proteinatlas.org/58543/2209_G9_36
https://images.proteinatlas.org/75911/1717_B6_7_cr57f51597cb550
https://images.proteinatlas.org/75911/1717_B6_17_cr57f515a13b1cf
https://images.proteinatlas.org/47443/2185_D8_42
https://images.proteinatlas.org/47443/2185_D8_70
https://images.proteinatlas.org/47443/2179_F11_24
https://images.proteinatlas.org/45506/1912_E3_1_cr5c862b2e9e291
https://images.proteinatlas.org/47443/2179_F11_48
https://images.proteinatlas.org/44850/2244_C9_1
https://images.proteinatlas.org/45506/1912_E3_14_cr5c862b2e9e7d4
https://images.proteinatlas.org/23626/2215_B4_26
https://images.proteinatlas.org/23626/2215_B4_11
https://images.proteinatlas.org/43867/2168_F11_29
https://images.proteinatlas.org/43867/2153_E7_24
https://images.proteinatlas.org/43867/2153_E7_36
https://images.proteinatlas.org/43867/2148_A6_42
https://images.proteinatlas.org/43867/2148_A6_63
https://images.proteinatlas.org/35530/si8_E4_3
https://images.proteinatlas.org/35530/si8_E4_4
https://images.proteinatlas.org/35530/si8_E5_3
https://images.proteinatlas.org/35530/si8_E5_4
https://images.proteinatlas.org/35530/si8_E6_3
https://images.proteinatlas.org/75911/1740_B10_32_cr57fb93c87e788
https://images.proteinatlas.org/75911/1740_B10_23_cr57fb93bf6e2a9
https://images.proteinatlas.org/48015/2204_G5_21
https://images.proteinatlas.org/35530/si8_E6_4
https://images.proteinatlas.org/48015/2204_G5_36
https://images.proteinatlas.org/55565/2015_F3_2_cr5f632f0c550ad
https://images.proteinatlas.org/55565/2015_F3_21_cr5f632f0c5614c
https://images.proteinatlas.org/55565/2210_G2_14
https://images.proteinatlas.org/55565/2191_B3_48
https://images.proteinatlas.org/55565/2210_G2_42
https://images.proteinatlas.org/43867/2168_F11_14
https://images.proteinatlas.org/55565/2191_B3_60
https://images.proteinatlas.org/55565/2206_F2_42
https://images.proteinatlas.org/55565/2206_F2_63
https://images.proteinatlas.org/38102/2179_D2_48
https://images.proteinatlas.org/34994/2185_G4_26
https://images.proteinatlas.org/34994/2185_G4_42
https://images.proteinatlas.org/34994/2179_F6_36
https://images.proteinatlas.org/34994/2179_F6_60
https://images.proteinatlas.org/34994/2201_G4_43
https://images.proteinatlas.org/34994/2201_G4_63
https://images.proteinatlas.org/34994/2238_C10_22
https://images.proteinatlas.org/34994/2238_C10_50
https://images.proteinatlas.org/49806/1717_G11_12_cr57f4ecb709230
https://images.proteinatlas.org/49806/1717_G11_18_cr57f4ecc06ae9a
https://images.proteinatlas.org/931/fp9_E1_1
https://images.proteinatlas.org/78002/1694_F5_3_cr5809fb3597303
https://images.proteinatlas.org/78002/1694_F5_12_cr57d693d769083
https://images.proteinatlas.org/931/fp9_E1_2
https://images.proteinatlas.org/931/fp9_B1_4
https://images.proteinatlas.org/931/fp9_B1_5
https://images.proteinatlas.org/36391/2152_E8_12
https://images.proteinatlas.org/36391/2147_C3_21
https://images.proteinatlas.org/36391/2152_E8_24
https://images.proteinatlas.org/36391/2147_C3_63
https://images.proteinatlas.org/38102/2179_D2_36
https://images.proteinatlas.org/36391/2200_B11_16
https://images.proteinatlas.org/36391/2200_B11_26
https://images.proteinatlas.org/51609/2186_G3_48
https://images.proteinatlas.org/29349/2233_B3_29
https://images.proteinatlas.org/29349/2233_B3_1
https://images.proteinatlas.org/35468/1874_F2_15_cr5b6d567b856cd
https://images.proteinatlas.org/35468/1874_F2_28_cr5b6d567b86903
https://images.proteinatlas.org/31846/si25_F8_2
https://images.proteinatlas.org/31846/si25_F8_4
https://images.proteinatlas.org/31846/si25_F8_10
https://images.proteinatlas.org/31846/si25_F9_1
https://images.proteinatlas.org/31846/si25_F8_15
https://images.proteinatlas.org/31846/si25_F9_2
https://images.proteinatlas.org/36391/2177_A9_56
https://images.proteinatlas.org/31846/si25_F9_5
https://images.proteinatlas.org/31846/si25_F9_19
https://images.proteinatlas.org/50275/si3_D1_1
https://images.proteinatlas.org/50275/si3_D1_5
https://images.proteinatlas.org/50275/si3_D1_8
https://images.proteinatlas.org/50275/si3_D2_3
https://images.proteinatlas.org/36391/2177_A9_42
https://images.proteinatlas.org/50275/si3_D2_4
https://images.proteinatlas.org/50275/si3_D2_5
https://images.proteinatlas.org/50275/si3_D2_6
https://images.proteinatlas.org/51609/2186_G3_60
https://images.proteinatlas.org/50275/si3_D3_7
https://images.proteinatlas.org/50275/si3_D3_3
https://images.proteinatlas.org/50275/si3_D3_8
https://images.proteinatlas.org/1237/1774_H4_18_cr5952945990756
https://images.proteinatlas.org/1237/1801_E2_10_cr59c281e9be446
https://images.proteinatlas.org/1237/1801_E2_18_cr59c281e9beec7
https://images.proteinatlas.org/7406/1752_B4_8_cr5804de01542a2
https://images.proteinatlas.org/7406/1752_B4_13_cr5804de0b02dcc
https://images.proteinatlas.org/46723/2211_H10_11
https://images.proteinatlas.org/29450/2244_B4_61
https://images.proteinatlas.org/46723/2211_H10_31
https://images.proteinatlas.org/29450/2244_B4_73
https://images.proteinatlas.org/46105/1748_A2_21_cr5805d9ab2c35a
https://images.proteinatlas.org/50275/si3_D1_2
https://images.proteinatlas.org/46105/1748_A2_26_cr5805d9b657f80
https://images.proteinatlas.org/29529/2176_H4_29
https://images.proteinatlas.org/29529/2176_H4_42
https://images.proteinatlas.org/29529/2166_G5_24
https://images.proteinatlas.org/34706/1876_F7_7_cr5b8a5d8753ad2
https://images.proteinatlas.org/50275/si3_D3_2
https://images.proteinatlas.org/20451/si19_G8_2
https://images.proteinatlas.org/20451/si19_G8_4
https://images.proteinatlas.org/20451/si19_G8_7
https://images.proteinatlas.org/1237/1774_H4_12_cr595294599017f
https://images.proteinatlas.org/20451/si19_G9_8
https://images.proteinatlas.org/20451/si19_G9_4
https://images.proteinatlas.org/43850/si24_E1_1
https://images.proteinatlas.org/43850/si24_E1_7
https://images.proteinatlas.org/43850/si24_E1_11
https://images.proteinatlas.org/43850/si24_E2_1
https://images.proteinatlas.org/43850/si24_E2_4
https://images.proteinatlas.org/43850/si24_E2_8
https://images.proteinatlas.org/43850/si24_E2_17
https://images.proteinatlas.org/43850/si24_E3_4
https://images.proteinatlas.org/43850/si24_E3_3
https://images.proteinatlas.org/43850/si24_E3_6
https://images.proteinatlas.org/43850/si24_E3_9
https://images.proteinatlas.org/29529/2166_G5_12
https://images.proteinatlas.org/57341/1674_F5_14_cr58079440718b9
https://images.proteinatlas.org/56956/2161_H7_12
https://images.proteinatlas.org/56956/2161_H7_48
https://images.proteinatlas.org/56956/2135_C5_84
https://images.proteinatlas.org/35276/1850_C9_9_cr5af2b29538973
https://images.proteinatlas.org/35276/1850_C9_28_cr5af2b29538e33
https://images.proteinatlas.org/20451/si19_G9_3
https://images.proteinatlas.org/35276/2171_H10_42
https://images.proteinatlas.org/35276/2171_H10_56
https://images.proteinatlas.org/43850/si24_E1_4
https://images.proteinatlas.org/35276/2129_C8_21
https://images.proteinatlas.org/20274/2244_F7_12
https://images.proteinatlas.org/20274/2244_F7_24
https://images.proteinatlas.org/20274/2234_D8_105
https://images.proteinatlas.org/18430/2178_H4_36
https://images.proteinatlas.org/18430/2178_H4_48
https://images.proteinatlas.org/26893/2216_F10_16
https://images.proteinatlas.org/26893/2216_F10_21
https://images.proteinatlas.org/4190/2230_C3_6
https://images.proteinatlas.org/4190/2230_C3_21
https://images.proteinatlas.org/45760/si27_A1_1
https://images.proteinatlas.org/45760/si27_A1_4
https://images.proteinatlas.org/45760/si27_A1_9
https://images.proteinatlas.org/45760/si27_A1_15
https://images.proteinatlas.org/45760/si27_A2_2
https://images.proteinatlas.org/56956/2135_C5_21
https://images.proteinatlas.org/45760/si27_A2_4
https://images.proteinatlas.org/45760/si27_A2_10
https://images.proteinatlas.org/45760/si27_A2_11
https://images.proteinatlas.org/45760/si27_A3_2
https://images.proteinatlas.org/45760/si27_A3_8
https://images.proteinatlas.org/45760/si27_A3_10
https://images.proteinatlas.org/35276/2129_C8_42
https://images.proteinatlas.org/20274/2234_D8_21
https://images.proteinatlas.org/27297/1667_D1_3_cr57e533518a464
https://images.proteinatlas.org/27297/1667_D1_8_cr57e53359d82f9
https://images.proteinatlas.org/27297/2177_A1_14
https://images.proteinatlas.org/57347/2043_G11_29_cr6094e80e81762
https://images.proteinatlas.org/57347/2211_G9_11
https://images.proteinatlas.org/57347/2211_G9_31
https://images.proteinatlas.org/27304/1650_E1_33_cr57ea82a7654a1
https://images.proteinatlas.org/27304/1650_E1_48_cr57ea82af5d7e8
https://images.proteinatlas.org/49592/2169_H1_13
https://images.proteinatlas.org/49592/2169_H1_27
https://images.proteinatlas.org/49592/2232_G2_28
https://images.proteinatlas.org/49592/2232_G2_42
https://images.proteinatlas.org/49592/2206_G3_63
https://images.proteinatlas.org/49592/2206_G3_82
https://images.proteinatlas.org/30899/2185_B1_23
https://images.proteinatlas.org/30899/2185_B1_126
https://images.proteinatlas.org/30899/2153_A1_24
https://images.proteinatlas.org/30899/2153_A1_48
https://images.proteinatlas.org/45760/si27_A3_1
https://images.proteinatlas.org/30899/2149_A9_84
https://images.proteinatlas.org/30899/2217_F8_6
https://images.proteinatlas.org/30899/2149_A9_105
https://images.proteinatlas.org/27297/2177_A1_28
https://images.proteinatlas.org/2835/2175_B8_28
https://images.proteinatlas.org/2835/2175_B8_70
https://images.proteinatlas.org/2835/2232_H3_28
https://images.proteinatlas.org/57347/2043_G11_6_cr6094e80e81343
https://images.proteinatlas.org/2835/2206_A6_42
https://images.proteinatlas.org/6069/1891_K5_8_cr5f63205655ae9
https://images.proteinatlas.org/2835/2206_A6_63
https://images.proteinatlas.org/67881/1754_B11_18_cr57f3d18739590
https://images.proteinatlas.org/27991/1749_B8_13_cr5804c399c270f
https://images.proteinatlas.org/67881/1754_B11_13_cr57f3d17ea5efe
https://images.proteinatlas.org/27991/1782_C2_1_cr596b63391f602
https://images.proteinatlas.org/27991/1749_B8_23_cr5804c3a53a6fc
https://images.proteinatlas.org/27991/1782_C2_25_cr596b63392133a
https://images.proteinatlas.org/27249/1825_H1_9_cr5abb8bce94998
https://images.proteinatlas.org/27249/2215_E8_1
https://images.proteinatlas.org/27249/1825_H1_30_cr5abb8bce96574
https://images.proteinatlas.org/27249/2215_E8_11
https://images.proteinatlas.org/28007/1893_A7_4_cr5bbf1dd5485af
https://images.proteinatlas.org/28007/1893_A7_11_cr5bbf1dd548d17
https://images.proteinatlas.org/30899/2217_F8_26
https://images.proteinatlas.org/52655/2121_C4_48
https://images.proteinatlas.org/52655/2121_C4_25
https://images.proteinatlas.org/52655/2133_G4_42
https://images.proteinatlas.org/2835/2232_H3_70
https://images.proteinatlas.org/39130/1972_D8_27_cr614c95fedc206
https://images.proteinatlas.org/39130/1972_D8_15_cr5e16e3b6b64f3
https://images.proteinatlas.org/24613/1893_E4_6_cr5bbdefb083e71
https://images.proteinatlas.org/6069/1891_K5_12_cr5f632056562ed
https://images.proteinatlas.org/24613/fp24_D3_2
https://images.proteinatlas.org/24613/fp24_G3_2
https://images.proteinatlas.org/24613/fp24_G3_3
https://images.proteinatlas.org/65049/1775_E5_18_cr5952981c29a92
https://images.proteinatlas.org/27127/1898_B1_7_cr5ba361544fb21
https://images.proteinatlas.org/27127/1898_B1_28_cr5ba361545078f
https://images.proteinatlas.org/12734/1744_G3_10_cr5807571f4620d
https://images.proteinatlas.org/65049/1775_E5_27_cr5952981c2a335
https://images.proteinatlas.org/12734/1744_G3_21_cr580757292e3fc
https://images.proteinatlas.org/12734/1740_G3_2_cr57fb9457f1db6
https://images.proteinatlas.org/54915/2169_F3_16
https://images.proteinatlas.org/12734/1740_G3_23_cr57fb94691d97b
https://images.proteinatlas.org/54915/2169_F3_28
https://images.proteinatlas.org/54915/2124_F10_36
https://images.proteinatlas.org/54915/2124_F10_48
https://images.proteinatlas.org/52655/2133_G4_84
https://images.proteinatlas.org/54915/2129_D5_21
https://images.proteinatlas.org/47254/1767_G10_20_cr594b8fd0b0eb6
https://images.proteinatlas.org/54915/2129_D5_63
https://images.proteinatlas.org/24613/1893_E4_16_cr5bbdefb0846fe
https://images.proteinatlas.org/43447/2152_A3_12
https://images.proteinatlas.org/43447/2134_C6_43
https://images.proteinatlas.org/43447/2152_A3_48
https://images.proteinatlas.org/24613/fp24_D3_3
https://images.proteinatlas.org/27306/2176_C5_28
https://images.proteinatlas.org/27306/2176_C5_56
https://images.proteinatlas.org/27306/2165_B6_24
https://images.proteinatlas.org/27306/2149_D1_39
https://images.proteinatlas.org/27306/2149_D1_81
https://images.proteinatlas.org/27306/2209_A11_1
https://images.proteinatlas.org/27306/2209_A11_11
https://images.proteinatlas.org/32085/2121_G1_12
https://images.proteinatlas.org/32085/2121_G1_24
https://images.proteinatlas.org/32085/2132_C7_42
https://images.proteinatlas.org/32085/2132_C7_84
https://images.proteinatlas.org/32085/2199_D7_26
https://images.proteinatlas.org/32085/2199_D7_36
https://images.proteinatlas.org/26303/2150_A9_36
https://images.proteinatlas.org/26303/2150_A9_60
https://images.proteinatlas.org/47254/1767_G10_23_cr594b8fd8946de
https://images.proteinatlas.org/26303/2148_F7_63
https://images.proteinatlas.org/70023/1789_F6_15_cr5bd175d2bb590
https://images.proteinatlas.org/26303/2148_F7_21
https://images.proteinatlas.org/43447/2134_C6_63
https://images.proteinatlas.org/70023/1891_D23_4_cr5b990a1005324
https://images.proteinatlas.org/31345/2239_F4_36
https://images.proteinatlas.org/70023/1891_D23_15_cr5b990a1005317
https://images.proteinatlas.org/27306/2165_B6_48
https://images.proteinatlas.org/7619/1825_E1_11_cr5abb7d728b3c6
https://images.proteinatlas.org/7619/1825_E1_28_cr5abb7d728bca3
https://images.proteinatlas.org/7620/1745_D7_13_cr58062a3ed94ba
https://images.proteinatlas.org/7620/1736_D7_24_cr5806091879377
https://images.proteinatlas.org/7620/1736_D7_14_cr580609062f03a
https://images.proteinatlas.org/5751/2183_H8_71
https://images.proteinatlas.org/5751/2183_H8_84
https://images.proteinatlas.org/5751/2199_E9_16
https://images.proteinatlas.org/5751/2199_E9_31
https://images.proteinatlas.org/67113/1754_H5_13_cr57f3e9d007832
https://images.proteinatlas.org/67113/1754_H5_18_cr57f3e9d94d62b
https://images.proteinatlas.org/27189/2200_B7_11
https://images.proteinatlas.org/25766/si17_B1_3
https://images.proteinatlas.org/27189/2200_B7_41
https://images.proteinatlas.org/25766/si17_B1_4
https://images.proteinatlas.org/70023/1789_F6_30_cr598aef794a4f2
https://images.proteinatlas.org/25766/si17_B1_5
https://images.proteinatlas.org/25766/si17_B2_2
https://images.proteinatlas.org/25766/si17_B2_4
https://images.proteinatlas.org/25766/si17_B3_2
https://images.proteinatlas.org/25766/si17_B3_3
https://images.proteinatlas.org/25766/si17_B3_5
https://images.proteinatlas.org/31345/2239_F4_57
https://images.proteinatlas.org/7620/1745_D7_19_cr58062a478951c
https://images.proteinatlas.org/27406/si19_C1_3
https://images.proteinatlas.org/27406/si19_C1_4
https://images.proteinatlas.org/27406/si19_C1_6
https://images.proteinatlas.org/27406/si19_C2_7
https://images.proteinatlas.org/27406/si19_C3_3
https://images.proteinatlas.org/27406/si19_C3_4
https://images.proteinatlas.org/27406/si19_C3_8
https://images.proteinatlas.org/70823/1920_D2_5_cr5cb84c7595f3c
https://images.proteinatlas.org/70823/1920_D2_15_cr5cb84c7596102
https://images.proteinatlas.org/35015/2206_F11_21
https://images.proteinatlas.org/35015/2206_F11_63
https://images.proteinatlas.org/35015/si21_B4_2
https://images.proteinatlas.org/35015/si21_B4_3
https://images.proteinatlas.org/35015/si21_B5_1
https://images.proteinatlas.org/35015/si21_B5_4
https://images.proteinatlas.org/35015/si21_B6_1
https://images.proteinatlas.org/25766/si17_B2_5
https://images.proteinatlas.org/35015/si21_B6_4
https://images.proteinatlas.org/67481/2169_C5_70
https://images.proteinatlas.org/67481/2121_E12_12
https://images.proteinatlas.org/67481/2132_B5_63
https://images.proteinatlas.org/67481/2132_B5_42
https://images.proteinatlas.org/27406/si19_C2_2
https://images.proteinatlas.org/27406/si19_C2_4
https://images.proteinatlas.org/42045/1942_H10_7_cr5d2c8766ea70f
https://images.proteinatlas.org/42045/1942_H10_27_cr5d2c8766eadf4
https://images.proteinatlas.org/37909/2240_F6_43
https://images.proteinatlas.org/21763/1984_B2_28_cr5e5901ef3ee1f
https://images.proteinatlas.org/38061/2215_E5_6
https://images.proteinatlas.org/38061/2215_E5_1
https://images.proteinatlas.org/47166/2186_D7_36
https://images.proteinatlas.org/47166/2186_D7_60
https://images.proteinatlas.org/26511/2191_E9_49
https://images.proteinatlas.org/26511/2191_E9_72
https://images.proteinatlas.org/43874/1775_D5_13_cr595296e66de5c
https://images.proteinatlas.org/43874/1775_D5_9_cr595296e66d012
https://images.proteinatlas.org/7356/2034_G5_10_cr6048e34f8bb70
https://images.proteinatlas.org/7356/2034_G5_16_cr6048e34f8be3c
https://images.proteinatlas.org/53564/1753_G2_13_cr57f3cec986dd8
https://images.proteinatlas.org/53564/1753_G2_18_cr57f3ced21d7c2
https://images.proteinatlas.org/42256/1876_A1_9_cr5b6d3cc156e02
https://images.proteinatlas.org/42256/1876_A1_27_cr5b6d3cc1576f5
https://images.proteinatlas.org/67481/2121_E12_48
https://images.proteinatlas.org/43297/2217_C11_21
https://images.proteinatlas.org/43297/2217_C11_36
https://images.proteinatlas.org/36340/2229_G11_11
https://images.proteinatlas.org/37909/2240_F6_50
https://images.proteinatlas.org/71605/2149_F4_21
https://images.proteinatlas.org/71605/2149_F4_84
https://images.proteinatlas.org/75825/2215_C7_1
https://images.proteinatlas.org/21763/1984_B2_8_cr5e5901ef3d8ad
https://images.proteinatlas.org/7215/1847_C1_18_cr5aba08811f225
https://images.proteinatlas.org/7215/1847_C1_23_cr5aba088120c8d
https://images.proteinatlas.org/55297/2121_E4_12
https://images.proteinatlas.org/55297/2209_B11_11
https://images.proteinatlas.org/55297/2209_B11_31
https://images.proteinatlas.org/27540/1789_G12_1_cr59549927dd49e
https://images.proteinatlas.org/27540/1789_G12_16_cr59549927dd452
https://images.proteinatlas.org/42550/2171_D6_70
https://images.proteinatlas.org/42550/2171_D6_98
https://images.proteinatlas.org/42550/2166_B8_12
https://images.proteinatlas.org/42550/2166_B8_36
https://images.proteinatlas.org/42550/2201_F8_42
https://images.proteinatlas.org/19678/2134_F4_21
https://images.proteinatlas.org/42550/2201_F8_63
https://images.proteinatlas.org/19678/2134_F4_63
https://images.proteinatlas.org/36340/2229_G11_26
https://images.proteinatlas.org/48995/2186_D12_24
https://images.proteinatlas.org/48995/2186_D12_12
https://images.proteinatlas.org/44070/2153_C8_12
https://images.proteinatlas.org/75825/2215_C7_36
https://images.proteinatlas.org/44070/2145_E9_21
https://images.proteinatlas.org/44070/2145_E9_63
https://images.proteinatlas.org/44070/2199_H5_6
https://images.proteinatlas.org/55297/2121_E4_25
https://images.proteinatlas.org/67348/1754_F5_18_cr57f3e8e3bb370
https://images.proteinatlas.org/67348/1754_F5_12_cr57f3e8db1dd5d
https://images.proteinatlas.org/40764/2169_D9_29
https://images.proteinatlas.org/40764/2152_A7_34
https://images.proteinatlas.org/40764/2152_A7_46
https://images.proteinatlas.org/40764/2129_E9_21
https://images.proteinatlas.org/40764/2129_E9_63
https://images.proteinatlas.org/63683/si35_H1_2
https://images.proteinatlas.org/63683/si35_H1_4
https://images.proteinatlas.org/63683/si35_H1_11
https://images.proteinatlas.org/63683/si35_H1_12
https://images.proteinatlas.org/63683/si35_H2_1
https://images.proteinatlas.org/63683/si35_H2_8
https://images.proteinatlas.org/63683/si35_H2_3
https://images.proteinatlas.org/63683/si35_H2_16
https://images.proteinatlas.org/44070/2153_C8_36
https://images.proteinatlas.org/63683/si35_H3_1
https://images.proteinatlas.org/63683/si35_H3_3
https://images.proteinatlas.org/63683/si35_H3_5
https://images.proteinatlas.org/5695/fp23_E5_2
https://images.proteinatlas.org/5695/fp23_E5_3
https://images.proteinatlas.org/44070/2199_H5_41
https://images.proteinatlas.org/5695/fp23_B5_2
https://images.proteinatlas.org/40764/2169_D9_56
https://images.proteinatlas.org/5695/fp23_B5_4
https://images.proteinatlas.org/26419/2127_E11_21
https://images.proteinatlas.org/20468/2168_D10_28
https://images.proteinatlas.org/20468/2123_D8_36
https://images.proteinatlas.org/20468/2123_D8_48
https://images.proteinatlas.org/20468/2131_E10_22
https://images.proteinatlas.org/20468/2131_E10_44
https://images.proteinatlas.org/20468/2209_H5_11
https://images.proteinatlas.org/20468/2209_H5_21
https://images.proteinatlas.org/50060/2161_B6_12
https://images.proteinatlas.org/50060/2161_B6_36
https://images.proteinatlas.org/50060/2149_H1_42
https://images.proteinatlas.org/50060/2149_H1_84
https://images.proteinatlas.org/41510/2204_A10_31
https://images.proteinatlas.org/41510/2204_A10_36
https://images.proteinatlas.org/57281/1973_A2_6_cr5de78c95570c7
https://images.proteinatlas.org/57281/1973_A2_12_cr5de78c95570ac
https://images.proteinatlas.org/63683/si35_H3_17
https://images.proteinatlas.org/29091/2177_D6_112
https://images.proteinatlas.org/29091/2177_D6_126
https://images.proteinatlas.org/29091/2147_B2_21
https://images.proteinatlas.org/49994/2160_A12_12
https://images.proteinatlas.org/26419/2127_E11_63
https://images.proteinatlas.org/49994/2160_A12_36
https://images.proteinatlas.org/49994/2129_D4_22
https://images.proteinatlas.org/20468/2168_D10_69
https://images.proteinatlas.org/49994/2129_D4_64
https://images.proteinatlas.org/3438/2167_B4_28
https://images.proteinatlas.org/3438/2120_D1_12
https://images.proteinatlas.org/3438/2128_E7_21
https://images.proteinatlas.org/3438/2128_E7_42
https://images.proteinatlas.org/3438/2209_H10_21
https://images.proteinatlas.org/3438/2209_H10_36
https://images.proteinatlas.org/53129/2176_F9_15
https://images.proteinatlas.org/53129/2176_F9_56
https://images.proteinatlas.org/53129/2161_F8_12
https://images.proteinatlas.org/53129/2161_F8_36
https://images.proteinatlas.org/53129/2199_B11_36
https://images.proteinatlas.org/50862/si22_D1_29
https://images.proteinatlas.org/50862/si22_D1_32
https://images.proteinatlas.org/29091/2147_B2_63
https://images.proteinatlas.org/50862/si22_D1_35
https://images.proteinatlas.org/50862/si22_D2_29
https://images.proteinatlas.org/3438/2167_B4_14
https://images.proteinatlas.org/50862/si22_D2_35
https://images.proteinatlas.org/53129/2199_B11_31
https://images.proteinatlas.org/50862/si22_D3_29
https://images.proteinatlas.org/3438/2120_D1_24
https://images.proteinatlas.org/50862/si22_D3_33
https://images.proteinatlas.org/32128/2165_E3_12
https://images.proteinatlas.org/32128/2165_E3_48
https://images.proteinatlas.org/32128/2148_G5_63
https://images.proteinatlas.org/3010/2240_G8_1
https://images.proteinatlas.org/3010/2240_G8_43
https://images.proteinatlas.org/41866/2124_F3_36
https://images.proteinatlas.org/41866/2132_D3_42
https://images.proteinatlas.org/41866/2124_F3_48
https://images.proteinatlas.org/41866/2132_D3_84
https://images.proteinatlas.org/41866/2211_C3_11
https://images.proteinatlas.org/41866/2211_C3_26
https://images.proteinatlas.org/20291/1921_D11_4_cr5cac6265e4665
https://images.proteinatlas.org/20291/1921_D11_18_cr5cac6265e4a7b
https://images.proteinatlas.org/20291/2233_F8_22
https://images.proteinatlas.org/50862/si22_D2_32
https://images.proteinatlas.org/20291/2233_F8_36
https://images.proteinatlas.org/45572/1650_H11_53_cr57ea975edb00d
https://images.proteinatlas.org/45572/1650_H11_38_cr57ea9756974de
https://images.proteinatlas.org/46080/2178_F7_48
https://images.proteinatlas.org/47561/1688_F6_14_cr57f3f1371a825
https://images.proteinatlas.org/47561/1688_F6_19_cr57f3f13fbd58e
https://images.proteinatlas.org/50862/si22_D3_32
https://images.proteinatlas.org/32128/2148_G5_42
https://images.proteinatlas.org/38980/2210_E5_42
https://images.proteinatlas.org/38980/2153_D9_12
https://images.proteinatlas.org/38980/2210_E5_70
https://images.proteinatlas.org/38980/2148_E7_42
https://images.proteinatlas.org/38980/2209_E12_1
https://images.proteinatlas.org/38980/2209_E12_36
https://images.proteinatlas.org/71938/2240_E3_8
https://images.proteinatlas.org/71938/2240_E3_29
https://images.proteinatlas.org/78669/1850_F1_2_cr5af19a431af7b
https://images.proteinatlas.org/78669/1850_F1_26_cr5af19a431c276
https://images.proteinatlas.org/78669/1890_O3_10_cr5b926085c72f7
https://images.proteinatlas.org/78669/1890_O3_26_cr5b926085c877e
https://images.proteinatlas.org/73265/2171_D7_57
https://images.proteinatlas.org/73265/2171_D7_70
https://images.proteinatlas.org/73265/2165_C8_12
https://images.proteinatlas.org/73265/2165_C8_36
https://images.proteinatlas.org/46080/2178_F7_12
https://images.proteinatlas.org/73265/2136_E6_42
https://images.proteinatlas.org/73265/2136_E6_63
https://images.proteinatlas.org/15504/1973_A7_5_cr5df78be05bfa7
https://images.proteinatlas.org/15504/1977_B9_51_cr5e5686275140c
https://images.proteinatlas.org/15504/1977_B9_38_cr5e568627511dd
https://images.proteinatlas.org/38980/2153_D9_24
https://images.proteinatlas.org/3528/1899_B9_6_cr5ba2049576272
https://images.proteinatlas.org/38980/2148_E7_22
https://images.proteinatlas.org/3528/1899_B9_13_cr5badde27514fc
https://images.proteinatlas.org/17267/1922_D8_3_cr5ccaa9d6c2561
https://images.proteinatlas.org/17267/1985_E10_14_cr5e57961462ed9
https://images.proteinatlas.org/27114/2179_B5_12
https://images.proteinatlas.org/27114/2179_B5_36
https://images.proteinatlas.org/27250/2183_F7_70
https://images.proteinatlas.org/27250/2183_F7_84
https://images.proteinatlas.org/27250/2179_E8_48
https://images.proteinatlas.org/27250/2179_E8_60
https://images.proteinatlas.org/63129/1942_B8_20_cr5d2863a0a821c
https://images.proteinatlas.org/63129/1942_B8_29_cr5d2863a0aa933
https://images.proteinatlas.org/63129/2179_D7_48
https://images.proteinatlas.org/63129/2179_D7_60
https://images.proteinatlas.org/63129/2216_F2_11
https://images.proteinatlas.org/63129/2216_F2_31
https://images.proteinatlas.org/27175/2165_C6_24
https://images.proteinatlas.org/27175/2165_C6_48
https://images.proteinatlas.org/15504/1973_A7_22_cr5df78be05c666
https://images.proteinatlas.org/27175/2135_E6_21
https://images.proteinatlas.org/27175/2135_E6_84
https://images.proteinatlas.org/75230/1812_E4_17_cr59ef2de745535
https://images.proteinatlas.org/17267/1922_D8_23_cr5ccaa9d6c27b7
https://images.proteinatlas.org/16610/si32_F10_1
https://images.proteinatlas.org/16610/si32_F10_4
https://images.proteinatlas.org/16610/si32_F10_20
https://images.proteinatlas.org/17267/1985_E10_21_cr5e579614637cc
https://images.proteinatlas.org/16610/si32_F11_4
https://images.proteinatlas.org/16610/si32_F11_10
https://images.proteinatlas.org/16610/si32_F12_3
https://images.proteinatlas.org/16610/si32_F12_17
https://images.proteinatlas.org/895/1920_E12_5_cr5cb82d374e425
https://images.proteinatlas.org/895/1920_E12_9_cr5cb82d374e92d
https://images.proteinatlas.org/895/2034_C9_4_cr604772424612a
https://images.proteinatlas.org/895/2034_C9_14_cr6047724246c46
https://images.proteinatlas.org/8150/si9_B10_1
https://images.proteinatlas.org/8150/si9_B10_3
https://images.proteinatlas.org/8150/si9_B11_1
https://images.proteinatlas.org/8150/si9_B11_3
https://images.proteinatlas.org/8150/si9_B12_3
https://images.proteinatlas.org/8150/si9_B12_4
https://images.proteinatlas.org/12740/1858_C4_17_cr5acc9af637ff2
https://images.proteinatlas.org/75230/1812_E4_29_cr59ef2de7459dd
https://images.proteinatlas.org/12740/1858_C4_22_cr5acc9af6391f0
https://images.proteinatlas.org/75983/1840_F1_32_cr5b1531d8370fd
https://images.proteinatlas.org/75983/1840_F1_46_cr5b1531d83809d
https://images.proteinatlas.org/75983/2239_B11_50
https://images.proteinatlas.org/74370/2204_H9_21
https://images.proteinatlas.org/74370/2204_H9_11
https://images.proteinatlas.org/16610/si32_F11_3
https://images.proteinatlas.org/16610/si32_F12_4
https://images.proteinatlas.org/3008/2175_H8_28
https://images.proteinatlas.org/3008/2178_A5_25
https://images.proteinatlas.org/3008/2175_H8_56
https://images.proteinatlas.org/70726/2210_H6_5
https://images.proteinatlas.org/70726/2186_A4_12
https://images.proteinatlas.org/70726/2186_A4_60
https://images.proteinatlas.org/70726/2201_A5_42
https://images.proteinatlas.org/70726/2201_A5_63
https://images.proteinatlas.org/39382/2167_F12_42
https://images.proteinatlas.org/39382/2167_F12_56
https://images.proteinatlas.org/39382/2121_F2_12
https://images.proteinatlas.org/39382/2121_F2_36
https://images.proteinatlas.org/39382/2133_C10_63
https://images.proteinatlas.org/24318/2210_F7_42
https://images.proteinatlas.org/39382/2133_C10_84
https://images.proteinatlas.org/75983/2239_B11_1
https://images.proteinatlas.org/24318/2210_F7_70
https://images.proteinatlas.org/24318/2184_H7_13
https://images.proteinatlas.org/24318/2184_H7_36
https://images.proteinatlas.org/24318/2201_F5_105
https://images.proteinatlas.org/26803/fp22_E1_1
https://images.proteinatlas.org/26803/fp22_E1_2
https://images.proteinatlas.org/3008/2178_A5_48
https://images.proteinatlas.org/70726/2210_H6_17
https://images.proteinatlas.org/26803/fp22_B1_2
https://images.proteinatlas.org/26803/fp22_B1_5
https://images.proteinatlas.org/69175/1972_G1_7_cr5e1592fd882d5
https://images.proteinatlas.org/9985/2151_G6_36
https://images.proteinatlas.org/55754/1876_D12_30_cr5b6d4056ed63a
https://images.proteinatlas.org/9985/2151_G6_48
https://images.proteinatlas.org/9985/2136_E4_21
https://images.proteinatlas.org/36661/si29_B10_2
https://images.proteinatlas.org/9985/2136_E4_42
https://images.proteinatlas.org/36661/si29_B10_3
https://images.proteinatlas.org/36661/si29_B10_7
https://images.proteinatlas.org/36661/si29_B10_16
https://images.proteinatlas.org/36661/si29_B11_3
https://images.proteinatlas.org/36661/si29_B11_4
https://images.proteinatlas.org/36661/si29_B11_6
https://images.proteinatlas.org/24318/2201_F5_84
https://images.proteinatlas.org/36661/si29_B11_19
https://images.proteinatlas.org/36661/si29_B12_3
https://images.proteinatlas.org/36661/si29_B12_4
https://images.proteinatlas.org/36661/si29_B12_19
https://images.proteinatlas.org/1085/1848_F2_6_cr5abb8a9b97446
https://images.proteinatlas.org/1085/1848_F2_20_cr5abb8a9b97f6e
https://images.proteinatlas.org/69175/1972_G1_23_cr5e1592fd88719
https://images.proteinatlas.org/12495/2169_A8_42
https://images.proteinatlas.org/12495/2169_A8_56
https://images.proteinatlas.org/12495/2151_F8_24
https://images.proteinatlas.org/55754/1876_D12_16_cr5b6d4056ec93d
https://images.proteinatlas.org/12495/2149_A3_21
https://images.proteinatlas.org/12495/2149_A3_84
https://images.proteinatlas.org/50917/1977_C6_44_cr5e568bc594077
https://images.proteinatlas.org/41725/si23_H10_1
https://images.proteinatlas.org/41725/si23_H10_2
https://images.proteinatlas.org/41725/si23_H10_15
https://images.proteinatlas.org/41725/si23_H10_18
https://images.proteinatlas.org/41725/si23_H12_2
https://images.proteinatlas.org/41725/si23_H12_3
https://images.proteinatlas.org/41725/si23_H12_10
https://images.proteinatlas.org/27545/2121_F10_12
https://images.proteinatlas.org/41725/si23_H12_13
https://images.proteinatlas.org/46443/2161_C9_48
https://images.proteinatlas.org/27545/2121_F10_24
https://images.proteinatlas.org/46443/2161_C9_24
https://images.proteinatlas.org/36661/si29_B12_15
https://images.proteinatlas.org/46443/2133_D6_42
https://images.proteinatlas.org/46443/2133_D6_21
https://images.proteinatlas.org/21289/2167_C3_14
https://images.proteinatlas.org/12495/2151_F8_48
https://images.proteinatlas.org/21289/2121_G12_12
https://images.proteinatlas.org/21289/2200_E4_36
https://images.proteinatlas.org/21289/2121_G12_24
https://images.proteinatlas.org/50917/1977_C6_47_cr5e568bc5956d3
https://images.proteinatlas.org/52483/1954_D8_41_cr5dfcafd8332c3
https://images.proteinatlas.org/23309/2167_D10_70
https://images.proteinatlas.org/52483/1954_D8_48_cr5dfcafd834bb8
https://images.proteinatlas.org/23309/2133_E4_43
https://images.proteinatlas.org/64513/2212_F10_1
https://images.proteinatlas.org/23309/2133_E4_84
https://images.proteinatlas.org/64513/2212_F10_26
https://images.proteinatlas.org/71729/1750_C2_3_cr57fb61ac7856c
https://images.proteinatlas.org/71729/1750_C2_13_cr57fb61b5422ef
https://images.proteinatlas.org/71729/1743_C1_3_cr57fe18daafa26
https://images.proteinatlas.org/71729/1743_C1_18_cr57fe18e508571
https://images.proteinatlas.org/21843/2186_B1_12
https://images.proteinatlas.org/21289/2167_C3_70
https://images.proteinatlas.org/21843/2186_B1_48
https://images.proteinatlas.org/21843/2244_G1_48
https://images.proteinatlas.org/21843/2244_G1_60
https://images.proteinatlas.org/21289/2200_E4_41
https://images.proteinatlas.org/21843/2186_B1_48
https://images.proteinatlas.org/23309/2167_D10_85
https://images.proteinatlas.org/21843/2244_G1_48
https://images.proteinatlas.org/21843/2244_G1_60
https://images.proteinatlas.org/21843/2199_H1_16
https://images.proteinatlas.org/8066/2177_G6_56
https://images.proteinatlas.org/39785/1855_C6_10_cr5ad8844764cb8
https://images.proteinatlas.org/39785/1855_C6_18_cr5ad8844764d5d
https://images.proteinatlas.org/70796/1789_A4_17_cr59648f0dd6ce3
https://images.proteinatlas.org/70796/1789_A4_1_cr5bacc2acbd568
https://images.proteinatlas.org/70796/1819_G1_4_cr5bacc1ca11170
https://images.proteinatlas.org/19087/2120_E8_12
https://images.proteinatlas.org/70796/1819_G1_16_cr5bacc246a6a23
https://images.proteinatlas.org/19087/2120_E8_35
https://images.proteinatlas.org/19087/2133_B9_42
https://images.proteinatlas.org/19087/2133_B9_63
https://images.proteinatlas.org/21843/2186_B1_12
https://images.proteinatlas.org/62260/2191_H7_24
https://images.proteinatlas.org/62260/2191_H7_48
https://images.proteinatlas.org/62260/2212_F11_11
https://images.proteinatlas.org/21843/2199_H1_6
https://images.proteinatlas.org/38169/2228_G5_26
https://images.proteinatlas.org/38169/2228_G5_41
https://images.proteinatlas.org/3982/1916_A12_3_cr6131e70583360
https://images.proteinatlas.org/8066/2177_G6_42
https://images.proteinatlas.org/42629/2121_B8_24
https://images.proteinatlas.org/42629/2121_B8_13
https://images.proteinatlas.org/42629/2129_D7_42
https://images.proteinatlas.org/9137/1721_E2_22_cr57ea9c8c1a424
https://images.proteinatlas.org/9137/1721_E2_2_cr57ea9c834485c
https://images.proteinatlas.org/78822/1925_C7_12_cr5cd56c4e71b5c
https://images.proteinatlas.org/78822/1925_C7_29_cr5cd56c4e71dae
https://images.proteinatlas.org/78822/1933_E1_5_cr5d0b93d1ed73f
https://images.proteinatlas.org/78822/1933_E1_20_cr5d0b93d1edb98
https://images.proteinatlas.org/38643/si22_E7_35
https://images.proteinatlas.org/38643/si22_E7_36
https://images.proteinatlas.org/38643/si22_E8_35
https://images.proteinatlas.org/38643/si22_E9_33
https://images.proteinatlas.org/38643/si22_E8_36
https://images.proteinatlas.org/38643/si22_E9_35
https://images.proteinatlas.org/62260/2212_F11_41
https://images.proteinatlas.org/27311/1797_G9_43_cr59dc8ea94c6c5
https://images.proteinatlas.org/27311/1797_G9_35_cr59d645b92d1fc
https://images.proteinatlas.org/66915/fp8_G4_1
https://images.proteinatlas.org/3982/1916_A12_23_cr5c99e42895822
https://images.proteinatlas.org/66915/fp8_D4_6
https://images.proteinatlas.org/66915/fp8_D4_7
https://images.proteinatlas.org/39247/2176_C10_84
https://images.proteinatlas.org/42629/2129_D7_63
https://images.proteinatlas.org/39247/2152_B9_24
https://images.proteinatlas.org/39247/2152_B9_36
https://images.proteinatlas.org/39247/2149_E6_64
https://images.proteinatlas.org/45492/1846_D6_7_cr5abb6eb75d0d4
https://images.proteinatlas.org/45492/1846_D6_26_cr5abb6eb75d307
https://images.proteinatlas.org/28388/2120_H3_12
https://images.proteinatlas.org/28388/2120_H3_24
https://images.proteinatlas.org/8436/1884_F5_6_cr5b98d5dbf1765
https://images.proteinatlas.org/8436/1884_F5_18_cr5b98d5dbf1765
https://images.proteinatlas.org/53268/1775_B1_10_cr5952958576451
https://images.proteinatlas.org/53268/1775_B1_20_cr5952958576b40
https://images.proteinatlas.org/73293/2191_A12_12
https://images.proteinatlas.org/73293/2206_E11_18
https://images.proteinatlas.org/73293/2191_A12_60
https://images.proteinatlas.org/73293/2206_E11_42
https://images.proteinatlas.org/73293/2216_G5_41
https://images.proteinatlas.org/73293/2216_G5_16
https://images.proteinatlas.org/66915/fp8_G4_2
https://images.proteinatlas.org/75858/1745_E9_3_cr58061ad1e2b18
https://images.proteinatlas.org/75858/1745_E9_19_cr58061ae345b6a
https://images.proteinatlas.org/75858/1736_E9_17_cr5805f5929152e
https://images.proteinatlas.org/41838/fp18_E5_1
https://images.proteinatlas.org/39247/2176_C10_112
https://images.proteinatlas.org/41838/fp18_E5_2
https://images.proteinatlas.org/41838/fp18_B5_2
https://images.proteinatlas.org/39247/2149_E6_84
https://images.proteinatlas.org/41838/fp18_B5_5
https://images.proteinatlas.org/42229/2166_H11_48
https://images.proteinatlas.org/42229/2166_H11_12
https://images.proteinatlas.org/42229/2129_E10_84
https://images.proteinatlas.org/42229/2200_A2_41
https://images.proteinatlas.org/42229/2200_A2_36
https://images.proteinatlas.org/53701/2136_D3_21
https://images.proteinatlas.org/67849/1983_E11_3_cr5f59e9fe5260f
https://images.proteinatlas.org/53701/2136_D3_63
https://images.proteinatlas.org/67849/1983_E11_13_cr5f59e9fe5362a
https://images.proteinatlas.org/67849/1864_G2_16_cr5f59ea654e23e
https://images.proteinatlas.org/67849/1864_G2_26_cr5afd78e2cc62f
https://images.proteinatlas.org/46118/2183_B7_43
https://images.proteinatlas.org/46118/2183_B7_56
https://images.proteinatlas.org/46118/2238_F3_8
https://images.proteinatlas.org/75858/1736_E9_27_cr5805f59bc1cbf
https://images.proteinatlas.org/46118/2238_F3_50
https://images.proteinatlas.org/19141/2186_F12_25
https://images.proteinatlas.org/19141/2186_F12_36
https://images.proteinatlas.org/48239/2120_E9_48
https://images.proteinatlas.org/42229/2176_A1_57
https://images.proteinatlas.org/42229/2129_E10_63
https://images.proteinatlas.org/48239/2133_D4_19
https://images.proteinatlas.org/48239/2133_D4_61
https://images.proteinatlas.org/41163/2167_B8_28
https://images.proteinatlas.org/41163/2129_F5_1
https://images.proteinatlas.org/41163/2121_A3_19
https://images.proteinatlas.org/41163/2129_F5_43
https://images.proteinatlas.org/79442/2029_F4_8_cr615ec0c5b9f2c
https://images.proteinatlas.org/79442/2029_F4_21_cr615ec0c5ba68a
https://images.proteinatlas.org/43351/1984_A3_23_cr5e5cdcf025582
https://images.proteinatlas.org/43351/1984_A3_30_cr5e5cdcf025c88
https://images.proteinatlas.org/74046/2165_F2_12
https://images.proteinatlas.org/74046/2135_C4_63
https://images.proteinatlas.org/74046/2135_C4_84
https://images.proteinatlas.org/52244/2175_D12_14
https://images.proteinatlas.org/52244/2175_D12_70
https://images.proteinatlas.org/52244/2166_D5_12
https://images.proteinatlas.org/52244/2166_D5_30
https://images.proteinatlas.org/48239/2120_E9_12
https://images.proteinatlas.org/58271/2212_G9_21
https://images.proteinatlas.org/58271/2212_G9_41
https://images.proteinatlas.org/58510/1955_A2_17_cr5dc042df71bb5
https://images.proteinatlas.org/41141/1722_B7_7_cr57f7ab93c70f6
https://images.proteinatlas.org/41163/2167_B8_42
https://images.proteinatlas.org/41141/1722_B7_17_cr57f7ab9ddd1bb
https://images.proteinatlas.org/41163/2121_A3_12
https://images.proteinatlas.org/77859/1707_A10_8_cr57eaab78cb0ad
https://images.proteinatlas.org/77859/1707_A10_12_cr57eaab8051bb2
https://images.proteinatlas.org/77859/1748_H2_26_cr5805e0454206f
https://images.proteinatlas.org/77859/1692_D8_13_cr57d2a32cb65cb
https://images.proteinatlas.org/55491/2241_G10_14
https://images.proteinatlas.org/55491/2241_G10_42
https://images.proteinatlas.org/50513/1702_E1_3_cr57ea90d03d16a
https://images.proteinatlas.org/50513/1702_E1_13_cr57ea90d78f121
https://images.proteinatlas.org/50513/1788_B10_19_cr5970b5c6c8250
https://images.proteinatlas.org/50513/1737_E8_2_cr580653fbd70ba
https://images.proteinatlas.org/50513/1788_B10_14_cr5970b5c6c7e97
https://images.proteinatlas.org/50513/1737_E8_7_cr5806540520527
https://images.proteinatlas.org/25924/2183_E7_70
https://images.proteinatlas.org/25924/2183_E7_42
https://images.proteinatlas.org/35636/si31_A1_2
https://images.proteinatlas.org/35636/si31_A1_4
https://images.proteinatlas.org/58510/1955_A2_27_cr5dc042df725a2
https://images.proteinatlas.org/35636/si31_A1_5
https://images.proteinatlas.org/35636/si31_A1_10
https://images.proteinatlas.org/35636/si31_A2_3
https://images.proteinatlas.org/35636/si31_A2_9
https://images.proteinatlas.org/77859/1748_H2_22_cr5805e03b68159
https://images.proteinatlas.org/77859/1692_D8_8_cr57d2a32662605
https://images.proteinatlas.org/35636/si31_A2_16
https://images.proteinatlas.org/35636/si31_A3_2
https://images.proteinatlas.org/35636/si31_A3_4
https://images.proteinatlas.org/35073/2184_E6_25
https://images.proteinatlas.org/35073/2184_E6_36
https://images.proteinatlas.org/35073/2230_G11_26
https://images.proteinatlas.org/35073/2230_G11_41
https://images.proteinatlas.org/30108/2238_G5_8
https://images.proteinatlas.org/30108/2238_G5_57
https://images.proteinatlas.org/53612/1743_C3_8_cr57fe21710672c
https://images.proteinatlas.org/53612/1743_C3_18_cr57fe217b31caf
https://images.proteinatlas.org/53612/1709_F6_12_cr58048cfe38f53
https://images.proteinatlas.org/53612/1709_F6_18_cr58048d070b0e9
https://images.proteinatlas.org/17866/2168_H1_15
https://images.proteinatlas.org/17866/2151_F11_13
https://images.proteinatlas.org/35636/si31_A2_4
https://images.proteinatlas.org/17866/2151_F11_25
https://images.proteinatlas.org/35176/2153_C2_12
https://images.proteinatlas.org/35176/2153_C2_36
https://images.proteinatlas.org/35176/2148_C1_42
https://images.proteinatlas.org/47186/1891_J17_8_cr5bbdaa058bd06
https://images.proteinatlas.org/47186/1891_J17_20_cr5bbdaa058c122
https://images.proteinatlas.org/35636/si31_A3_7
https://images.proteinatlas.org/35636/si31_A3_10
https://images.proteinatlas.org/77883/1692_F9_18_cr57d15e8ea1e8a
https://images.proteinatlas.org/77883/1692_F9_23_cr57d15e94dfaf7
https://images.proteinatlas.org/2476/1848_E4_23_cr5ac31aca4692c
https://images.proteinatlas.org/2476/2151_A6_36
https://images.proteinatlas.org/2476/2145_G11_21
https://images.proteinatlas.org/2476/2145_G11_63
https://images.proteinatlas.org/64084/1747_C5_13_cr580651769a145
https://images.proteinatlas.org/1592/fp23_G3_3
https://images.proteinatlas.org/64084/1747_C5_18_cr5806517f9780c
https://images.proteinatlas.org/1592/fp23_G3_6
https://images.proteinatlas.org/1592/fp23_D3_4
https://images.proteinatlas.org/1592/fp23_D3_1
https://images.proteinatlas.org/5665/2169_C7_14
https://images.proteinatlas.org/5665/2151_F7_24
https://images.proteinatlas.org/5665/2169_C7_56
https://images.proteinatlas.org/5665/2151_F7_48
https://images.proteinatlas.org/5665/2134_F5_22
https://images.proteinatlas.org/5665/2134_F5_42
https://images.proteinatlas.org/35176/2148_C1_21
https://images.proteinatlas.org/5665/2200_E8_11
https://images.proteinatlas.org/5665/2200_E8_31
https://images.proteinatlas.org/62690/2212_G4_6
https://images.proteinatlas.org/2476/1848_E4_26_cr5ac31aca48061
https://images.proteinatlas.org/2476/2151_A6_24
https://images.proteinatlas.org/1758/si24_C4_2
https://images.proteinatlas.org/57023/2217_D3_1
https://images.proteinatlas.org/57023/2217_D3_41
https://images.proteinatlas.org/1758/si24_C4_17
https://images.proteinatlas.org/1758/si24_C5_4
https://images.proteinatlas.org/1758/si24_C5_3
https://images.proteinatlas.org/1758/si24_C5_20
https://images.proteinatlas.org/1758/si24_C6_1
https://images.proteinatlas.org/1758/si24_C5_10
https://images.proteinatlas.org/1758/si24_C6_3
https://images.proteinatlas.org/1758/si24_C6_7
https://images.proteinatlas.org/1758/si24_C6_16
https://images.proteinatlas.org/73565/2205_G11_1
https://images.proteinatlas.org/73565/2205_G11_11
https://images.proteinatlas.org/24645/1719_H5_8_cr5804b55fc0db0
https://images.proteinatlas.org/24645/1719_H5_19_cr5804b56b65677
https://images.proteinatlas.org/61910/2123_B4_12
https://images.proteinatlas.org/61910/2123_B4_36
https://images.proteinatlas.org/62690/2212_G4_26
https://images.proteinatlas.org/61910/2127_C4_21
https://images.proteinatlas.org/61910/2127_C4_45
https://images.proteinatlas.org/21936/1977_G10_43_cr6143430e995a5
https://images.proteinatlas.org/1758/si24_C4_3
https://images.proteinatlas.org/21936/2240_G7_22
https://images.proteinatlas.org/21936/2240_G7_36
https://images.proteinatlas.org/1758/si24_C4_9
https://images.proteinatlas.org/51222/1874_F10_38_cr5b6d6de4be129
https://images.proteinatlas.org/73987/1704_E9_2_cr57d83a4b333d3
https://images.proteinatlas.org/73987/1704_E9_23_cr57d83a52d90e8
https://images.proteinatlas.org/73987/1748_E6_26_cr5805fcf24e80a
https://images.proteinatlas.org/73987/1708_E11_13_cr57ea9c1c55adb
https://images.proteinatlas.org/73987/1708_E11_18_cr57ea9c240a6e1
https://images.proteinatlas.org/64863/2168_E2_14
https://images.proteinatlas.org/64863/2168_E2_56
https://images.proteinatlas.org/64863/2131_F5_44
https://images.proteinatlas.org/64863/2131_F5_88
https://images.proteinatlas.org/54183/fp21_E8_2
https://images.proteinatlas.org/54183/fp21_E8_3
https://images.proteinatlas.org/54183/fp21_B8_1
https://images.proteinatlas.org/54183/fp21_B8_5
https://images.proteinatlas.org/9675/1721_C4_3_cr57eab18e6b29c
https://images.proteinatlas.org/21936/1977_G10_58_cr5e568f0b66a68
https://images.proteinatlas.org/9675/1721_C4_23_cr57eab19704720
https://images.proteinatlas.org/22793/si11_B4_3
https://images.proteinatlas.org/22793/si11_B4_4
https://images.proteinatlas.org/22793/si11_B6_4
https://images.proteinatlas.org/78531/1827_G4_6_cr5ac61c3e4c72c
https://images.proteinatlas.org/51222/1874_F10_58_cr5b6d6de4be2e3
https://images.proteinatlas.org/78531/1827_G4_24_cr5ac61c3e4d03c
https://images.proteinatlas.org/73987/1748_E6_21_cr5805fce8a2362
https://images.proteinatlas.org/9300/1752_G6_3_cr5804ede0802c6
https://images.proteinatlas.org/9300/1752_G6_18_cr5804edeab6a19
https://images.proteinatlas.org/43533/1732_A11_13_cr58060c99d0db1
https://images.proteinatlas.org/9026/si24_A8_4
https://images.proteinatlas.org/9026/si24_A8_5
https://images.proteinatlas.org/9026/si24_A8_6
https://images.proteinatlas.org/9026/si24_A9_2
https://images.proteinatlas.org/9026/si24_A9_3
https://images.proteinatlas.org/9026/si24_A9_10
https://images.proteinatlas.org/9026/si24_A9_13
https://images.proteinatlas.org/58610/2244_D12_48
https://images.proteinatlas.org/58610/2244_D12_72
https://images.proteinatlas.org/44233/2168_D9_14
https://images.proteinatlas.org/44233/2168_D9_70
https://images.proteinatlas.org/44233/2120_B7_12
https://images.proteinatlas.org/44233/2120_B7_48
https://images.proteinatlas.org/44233/2131_C10_22
https://images.proteinatlas.org/22793/si11_B6_1
https://images.proteinatlas.org/44233/2131_C10_43
https://images.proteinatlas.org/75974/1700_E4_17_cr57ebad2677463
https://images.proteinatlas.org/75974/1700_E4_21_cr57ebad2e830e1
https://images.proteinatlas.org/75974/1789_H3_24_cr599bf9d7ad226
https://images.proteinatlas.org/45472/2212_A5_6
https://images.proteinatlas.org/43533/1732_A11_8_cr58060c8fe8b85
https://images.proteinatlas.org/45472/2212_A5_11
https://images.proteinatlas.org/9026/si24_A8_2
https://images.proteinatlas.org/60601/1688_F7_8_cr57f3f007b34af
https://images.proteinatlas.org/60601/1688_F7_18_cr57f3f010b7623
https://images.proteinatlas.org/76859/1954_C7_53_cr5dfcbaf3280d6
https://images.proteinatlas.org/64875/2160_F5_48
https://images.proteinatlas.org/64875/2147_B9_21
https://images.proteinatlas.org/64875/2147_B9_42
https://images.proteinatlas.org/67853/1754_A9_18_cr57f3dca02ca6f
https://images.proteinatlas.org/67853/1754_A9_22_cr57f3dca9a13b9
https://images.proteinatlas.org/67849/1983_E11_3_cr5f59e9fe5260f
https://images.proteinatlas.org/67849/1983_E11_13_cr5f59e9fe5362a
https://images.proteinatlas.org/67849/1864_G2_16_cr5f59ea654e23e
https://images.proteinatlas.org/67849/1864_G2_26_cr5afd78e2cc62f
https://images.proteinatlas.org/21134/1898_E1_10_cr5ba363dfb4c9b
https://images.proteinatlas.org/21134/1898_E1_19_cr5ba363dfb5724
https://images.proteinatlas.org/52450/2120_C11_24
https://images.proteinatlas.org/52450/2120_C11_31
https://images.proteinatlas.org/75974/1789_H3_10_cr599bf9d7acf97
https://images.proteinatlas.org/52450/2128_C7_1
https://images.proteinatlas.org/52450/2128_C7_64
https://images.proteinatlas.org/52450/2209_G6_1
https://images.proteinatlas.org/62422/fp23_F10_1
https://images.proteinatlas.org/62422/fp23_F10_3
https://images.proteinatlas.org/76859/1954_C7_44_cr6023edc3d5af4
https://images.proteinatlas.org/62422/fp23_C10_3
https://images.proteinatlas.org/64875/2160_F5_24
https://images.proteinatlas.org/62422/fp23_C10_4
https://images.proteinatlas.org/70778/1849_A10_11_cr5afc392c66691
https://images.proteinatlas.org/52181/1874_H10_4_cr5b6d6ca24b3c2
https://images.proteinatlas.org/41436/2152_E9_48
https://images.proteinatlas.org/41436/2152_E9_12
https://images.proteinatlas.org/63026/1877_A8_18_cr5b76d05951b71
https://images.proteinatlas.org/4192/2200_D6_1
https://images.proteinatlas.org/63026/1877_A8_26_cr5b76d05951b70
https://images.proteinatlas.org/4192/2200_D6_31
https://images.proteinatlas.org/28891/2238_D10_1
https://images.proteinatlas.org/28891/2238_D10_22
https://images.proteinatlas.org/27873/fp6_E2_5
https://images.proteinatlas.org/27873/fp6_E2_7
https://images.proteinatlas.org/27873/fp6_B2_2
https://images.proteinatlas.org/27873/fp6_B2_3
https://images.proteinatlas.org/52450/2209_G6_31
https://images.proteinatlas.org/3949/1891_D2_8_cr600ff296b7030
https://images.proteinatlas.org/3949/1891_D2_19_cr600ff296b8dc2
https://images.proteinatlas.org/62755/2185_C10_14
https://images.proteinatlas.org/62755/2186_A9_12
https://images.proteinatlas.org/62755/2186_A9_84
https://images.proteinatlas.org/62755/2201_H10_21
https://images.proteinatlas.org/70778/1849_A10_21_cr5afc392c66ec9
https://images.proteinatlas.org/52181/1874_H10_6_cr5b6d6ca24b3b1
https://images.proteinatlas.org/62755/2201_H10_63
https://images.proteinatlas.org/26275/si32_E2_2
https://images.proteinatlas.org/26275/si32_E2_3
https://images.proteinatlas.org/26275/si32_E3_4
https://images.proteinatlas.org/26275/si32_E3_5
https://images.proteinatlas.org/50499/1891_B7_10_cr5bbcb7e9a36dc
https://images.proteinatlas.org/50499/1891_B7_14_cr5bbcb7e9a3e50
https://images.proteinatlas.org/50499/2171_D3_14
https://images.proteinatlas.org/50499/2171_D3_28
https://images.proteinatlas.org/50499/2161_F6_25
https://images.proteinatlas.org/50499/2161_F6_37
https://images.proteinatlas.org/50499/2135_D6_63
https://images.proteinatlas.org/50499/2135_D6_84
https://images.proteinatlas.org/3050/1752_H3_8_cr5804d9d255681
https://images.proteinatlas.org/3050/1752_H3_18_cr5804d9dc35937
https://images.proteinatlas.org/52504/2161_D10_13
https://images.proteinatlas.org/52504/2161_D10_36
https://images.proteinatlas.org/62755/2185_C10_98
https://images.proteinatlas.org/52504/2147_E10_21
https://images.proteinatlas.org/52504/2147_E10_84
https://images.proteinatlas.org/52504/2205_E11_1
https://images.proteinatlas.org/45033/2171_G5_14
https://images.proteinatlas.org/26275/si32_E2_7
https://images.proteinatlas.org/45033/2171_G5_112
https://images.proteinatlas.org/26275/si32_E3_1
https://images.proteinatlas.org/45033/2232_B7_12
https://images.proteinatlas.org/45033/2232_B7_24
https://images.proteinatlas.org/45033/2206_H11_105
https://images.proteinatlas.org/20607/2150_H3_24
https://images.proteinatlas.org/20607/2150_H3_36
https://images.proteinatlas.org/20607/2132_E11_63
https://images.proteinatlas.org/20607/2132_E11_84
https://images.proteinatlas.org/3835/2200_C12_6
https://images.proteinatlas.org/914/fp24_E8_4
https://images.proteinatlas.org/914/fp24_E8_6
https://images.proteinatlas.org/914/fp24_B8_2
https://images.proteinatlas.org/914/fp24_B8_3
https://images.proteinatlas.org/268/1986_C12_11_cr5e5e11e0a0cb9
https://images.proteinatlas.org/268/1986_C12_27_cr5e5e11e0a131a
https://images.proteinatlas.org/49584/2183_E10_28
https://images.proteinatlas.org/49584/2183_E10_56
https://images.proteinatlas.org/52504/2205_E11_11
https://images.proteinatlas.org/49584/2178_B9_12
https://images.proteinatlas.org/49584/2178_B9_36
https://images.proteinatlas.org/49584/2201_A9_42
https://images.proteinatlas.org/39657/1702_A1_8_cr57ea8d8042aaf
https://images.proteinatlas.org/45033/2206_H11_63
https://images.proteinatlas.org/20607/2169_E5_84
https://images.proteinatlas.org/39657/1702_A1_14_cr57ea8d88259ae
https://images.proteinatlas.org/39657/1692_B1_8_cr57d15605f41d0
https://images.proteinatlas.org/39657/1692_B1_23_cr57d1560c58f08
https://images.proteinatlas.org/53742/1692_D4_3_cr57d29669c08c4
https://images.proteinatlas.org/53742/1692_D4_23_cr57d296716da6b
https://images.proteinatlas.org/31401/1707_C2_4_cr57ea940058b35
https://images.proteinatlas.org/31401/1707_C2_13_cr57ea9408b33e8
https://images.proteinatlas.org/31401/1825_D4_75_cr5ac335fe29797
https://images.proteinatlas.org/31401/1825_D4_82_cr5ac335fe2b88a
https://images.proteinatlas.org/31401/1737_H3_13_cr580641eb5ba18
https://images.proteinatlas.org/31401/1737_H3_17_cr580641f589efa
https://images.proteinatlas.org/68103/1754_D11_12_cr57f3d05b26253
https://images.proteinatlas.org/68103/1754_D11_18_cr57f3d064c0f88
https://images.proteinatlas.org/68103/2160_F2_37
https://images.proteinatlas.org/68103/2160_F2_48
https://images.proteinatlas.org/68103/2146_B5_43
https://images.proteinatlas.org/68103/2146_B5_84
https://images.proteinatlas.org/49584/2201_A9_105
https://images.proteinatlas.org/51136/1743_E1_3_cr57fe19dbef382
https://images.proteinatlas.org/51136/1743_E1_13_cr57fe19e61fab6
https://images.proteinatlas.org/13606/2228_D5_21
https://images.proteinatlas.org/7038/1934_B11_17_cr5d1b4a9564fb3
https://images.proteinatlas.org/7038/1934_B11_26_cr5d1b4a95653aa
https://images.proteinatlas.org/67868/1717_A6_8_cr57f514e02d321
https://images.proteinatlas.org/42141/2168_E8_14
https://images.proteinatlas.org/67868/1717_A6_22_cr57f514fc87452
https://images.proteinatlas.org/42141/2168_E8_56
https://images.proteinatlas.org/42141/2127_F3_21
https://images.proteinatlas.org/42141/2209_C11_11
https://images.proteinatlas.org/26813/2218_D7_21
https://images.proteinatlas.org/26813/2218_D7_31
https://images.proteinatlas.org/69304/1737_F6_12_cr580658f01d496
https://images.proteinatlas.org/69304/1737_F6_17_cr580658f97164c
https://images.proteinatlas.org/48320/1712_B12_14_cr5804a7b6268fd
https://images.proteinatlas.org/48320/1712_B12_24_cr5804a7c7dcdc9
https://images.proteinatlas.org/48320/1737_C3_2_cr58063eb3ccd17
https://images.proteinatlas.org/48320/1737_C3_13_cr58063ebd153c9
https://images.proteinatlas.org/48320/1712_B12_14_cr5804a7b6268fd
https://images.proteinatlas.org/48320/1712_B12_24_cr5804a7c7dcdc9
https://images.proteinatlas.org/48320/1737_C3_2_cr58063eb3ccd17
https://images.proteinatlas.org/48320/1737_C3_13_cr58063ebd153c9
https://images.proteinatlas.org/1141/1645_H1_6_cr57b5683c9a8ca
https://images.proteinatlas.org/13606/2228_D5_41
https://images.proteinatlas.org/1141/1645_H1_17_cr57b56843d27fe
https://images.proteinatlas.org/48320/1712_B12_14_cr5804a7b6268fd
https://images.proteinatlas.org/48320/1712_B12_24_cr5804a7c7dcdc9
https://images.proteinatlas.org/48320/1737_C3_13_cr58063ebd153c9
https://images.proteinatlas.org/3210/2218_D6_6
https://images.proteinatlas.org/42141/2127_F3_84
https://images.proteinatlas.org/42141/2209_C11_31
https://images.proteinatlas.org/3210/2218_D6_21
https://images.proteinatlas.org/42930/2168_H9_84
https://images.proteinatlas.org/42930/2168_H9_126
https://images.proteinatlas.org/42930/2131_C5_63
https://images.proteinatlas.org/42930/2230_E2_36
https://images.proteinatlas.org/42930/2131_C5_84
https://images.proteinatlas.org/42930/2230_E2_41
https://images.proteinatlas.org/41553/1742_C10_7_cr580491b910bdd
https://images.proteinatlas.org/41553/1742_C10_13_cr580491c2c45f0
https://images.proteinatlas.org/6018/2177_B5_28
https://images.proteinatlas.org/6018/2177_B5_70
https://images.proteinatlas.org/43175/2212_D11_26
https://images.proteinatlas.org/43175/2212_D11_36
https://images.proteinatlas.org/34561/2168_C1_71
https://images.proteinatlas.org/34561/2168_C1_84
https://images.proteinatlas.org/34561/2123_D5_12
https://images.proteinatlas.org/34561/2123_D5_36
https://images.proteinatlas.org/34561/2131_B9_21
https://images.proteinatlas.org/48320/1737_C3_2_cr58063eb3ccd17
https://images.proteinatlas.org/34561/2131_B9_63
https://images.proteinatlas.org/48871/1825_E5_38_cr5ac341159626f
https://images.proteinatlas.org/48871/1825_E5_41_cr5ac3411596194
https://images.proteinatlas.org/42930/2121_E11_12
https://images.proteinatlas.org/30693/2178_A10_37
https://images.proteinatlas.org/42930/2121_E11_36
https://images.proteinatlas.org/18113/2169_E10_14
https://images.proteinatlas.org/18113/2169_E10_56
https://images.proteinatlas.org/18113/2150_F5_84
https://images.proteinatlas.org/18113/2149_B5_42
https://images.proteinatlas.org/18113/2209_D7_11
https://images.proteinatlas.org/18113/2209_D7_16
https://images.proteinatlas.org/41688/2186_D8_45
https://images.proteinatlas.org/41688/2186_D8_36
https://images.proteinatlas.org/42027/1899_D5_20_cr5ba20f34c18c5
https://images.proteinatlas.org/56851/2168_D6_57
https://images.proteinatlas.org/56851/2168_D6_70
https://images.proteinatlas.org/56851/2124_D7_24
https://images.proteinatlas.org/56851/2128_E8_21
https://images.proteinatlas.org/56851/2124_D7_48
https://images.proteinatlas.org/56851/2128_E8_84
https://images.proteinatlas.org/51109/2179_E11_48
https://images.proteinatlas.org/30693/2178_A10_25
https://images.proteinatlas.org/51109/2179_E11_60
https://images.proteinatlas.org/40326/1742_C9_7_cr580493e9c2801
https://images.proteinatlas.org/63583/1866_E10_10_cr5b69379151755
https://images.proteinatlas.org/54926/1752_C9_18_cr5804e08bad33a
https://images.proteinatlas.org/54926/1752_C9_23_cr5804e0963c424
https://images.proteinatlas.org/54926/1632_B7_16_cr578787cd8f9b0
https://images.proteinatlas.org/54926/1632_B7_23_cr578787d3de4de
https://images.proteinatlas.org/18113/2149_B5_21
https://images.proteinatlas.org/18113/2150_F5_36
https://images.proteinatlas.org/26578/2165_F3_24
https://images.proteinatlas.org/26578/2146_B10_21
https://images.proteinatlas.org/26578/2146_B10_60
https://images.proteinatlas.org/28043/2211_E10_31
https://images.proteinatlas.org/43110/si22_D10_34
https://images.proteinatlas.org/43110/si22_D10_36
https://images.proteinatlas.org/43110/si22_D10_37
https://images.proteinatlas.org/43110/si22_D10_40
https://images.proteinatlas.org/43110/si22_D11_34
https://images.proteinatlas.org/43110/si22_D11_36
https://images.proteinatlas.org/43110/si22_D11_38
https://images.proteinatlas.org/43110/si22_D11_40
https://images.proteinatlas.org/43110/si22_D12_38
https://images.proteinatlas.org/43110/si22_D12_39
https://images.proteinatlas.org/63583/1866_E10_20_cr5b69379151cce
https://images.proteinatlas.org/43110/si22_D12_42
https://images.proteinatlas.org/43110/si22_D12_43
https://images.proteinatlas.org/48344/1752_G10_3_cr5804d2f138c94
https://images.proteinatlas.org/48344/2175_F2_42
https://images.proteinatlas.org/48344/2175_F2_56
https://images.proteinatlas.org/48344/2123_C11_12
https://images.proteinatlas.org/48344/2123_C11_24
https://images.proteinatlas.org/48344/2131_F10_44
https://images.proteinatlas.org/45020/2215_F8_26
https://images.proteinatlas.org/28043/2211_E10_26
https://images.proteinatlas.org/48344/2131_F10_66
https://images.proteinatlas.org/18137/1890_F2_20_cr5b8fb4b164a64
https://images.proteinatlas.org/54321/1737_F3_4_cr5806404ad9b83
https://images.proteinatlas.org/18137/1890_F2_8_cr5b8fb4b163e57
https://images.proteinatlas.org/54321/1737_F3_8_cr58064053dbc7a
https://images.proteinatlas.org/71036/1827_E1_10_cr5ac3620cc2fed
https://images.proteinatlas.org/71036/1827_E1_28_cr5ac3620cc495b
https://images.proteinatlas.org/35598/2167_E9_70
https://images.proteinatlas.org/35598/2167_E9_84
https://images.proteinatlas.org/35598/2121_E1_36
https://images.proteinatlas.org/35598/2121_E1_48
https://images.proteinatlas.org/35598/2133_C11_42
https://images.proteinatlas.org/35598/2133_C11_84
https://images.proteinatlas.org/9139/2215_B9_1
https://images.proteinatlas.org/48344/1752_G10_7_cr5804d2fadaaa3
https://images.proteinatlas.org/9139/2215_B9_31
https://images.proteinatlas.org/12374/1934_E9_9_cr5d2317179b806
https://images.proteinatlas.org/12374/1934_E9_13_cr5d2317179bdbf
https://images.proteinatlas.org/36231/fp8_B6_4
https://images.proteinatlas.org/76892/1973_C12_12_cr5de786d50e21d
https://images.proteinatlas.org/76892/1973_C12_18_cr5de786d50e928
https://images.proteinatlas.org/73472/1920_E3_7_cr5cc2b8004d589
https://images.proteinatlas.org/1140/1722_C2_15_cr57ff66078828d
https://images.proteinatlas.org/1140/1722_C2_8_cr57f761502da2a
https://images.proteinatlas.org/73472/1920_E3_17_cr5cc2b8004ead2
https://images.proteinatlas.org/76520/1695_B9_8_cr57d8389f6c016
https://images.proteinatlas.org/76520/1695_B9_13_cr57d838a6d81bf
https://images.proteinatlas.org/49276/2212_F6_21
https://images.proteinatlas.org/49276/2212_F6_41
https://images.proteinatlas.org/5445/2184_E1_11
https://images.proteinatlas.org/5445/2184_E1_36
https://images.proteinatlas.org/5445/2237_C3_29
https://images.proteinatlas.org/5445/2237_C3_43
https://images.proteinatlas.org/39109/2153_C9_25
https://images.proteinatlas.org/39109/2153_C9_37
https://images.proteinatlas.org/39109/2148_C7_63
https://images.proteinatlas.org/39109/2148_C7_84
https://images.proteinatlas.org/39109/2199_B6_11
https://images.proteinatlas.org/39109/2199_B6_41
https://images.proteinatlas.org/36231/fp8_B6_3
https://images.proteinatlas.org/6035/2241_B10_42
https://images.proteinatlas.org/6035/2241_B10_56
https://images.proteinatlas.org/6035/2151_H8_12
https://images.proteinatlas.org/6035/2134_C9_21
https://images.proteinatlas.org/6035/2134_C9_63
https://images.proteinatlas.org/56855/2184_D6_13
https://images.proteinatlas.org/56855/2184_D6_38
https://images.proteinatlas.org/52471/2178_G3_12
https://images.proteinatlas.org/52471/2178_G3_37
https://images.proteinatlas.org/56855/2238_D8_1
https://images.proteinatlas.org/56855/2238_D8_22
https://images.proteinatlas.org/50934/2215_G6_1
https://images.proteinatlas.org/42409/2237_C11_36
https://images.proteinatlas.org/13835/2150_D2_36
https://images.proteinatlas.org/13835/2150_D2_48
https://images.proteinatlas.org/13835/2146_D2_103
https://images.proteinatlas.org/13835/2146_D2_124
https://images.proteinatlas.org/49531/2176_F6_70
https://images.proteinatlas.org/49531/2176_F6_84
https://images.proteinatlas.org/49531/2161_G5_48
https://images.proteinatlas.org/49531/2161_G5_37
https://images.proteinatlas.org/49531/2146_G11_42
https://images.proteinatlas.org/49531/2146_G11_63
https://images.proteinatlas.org/37885/2210_A9_28
https://images.proteinatlas.org/6035/2151_H8_60
https://images.proteinatlas.org/37885/2210_A9_42
https://images.proteinatlas.org/37885/2152_E3_16
https://images.proteinatlas.org/37885/2152_E3_28
https://images.proteinatlas.org/37885/2148_D12_84
https://images.proteinatlas.org/29564/2178_D4_48
https://images.proteinatlas.org/29564/2178_D4_60
https://images.proteinatlas.org/28252/2120_H2_24
https://images.proteinatlas.org/42409/2237_C11_8
https://images.proteinatlas.org/50934/2215_G6_21
https://images.proteinatlas.org/28252/2120_H2_36
https://images.proteinatlas.org/28252/2128_E2_22
https://images.proteinatlas.org/28252/2128_E2_84
https://images.proteinatlas.org/58389/2183_E8_10
https://images.proteinatlas.org/58389/2183_E8_28
https://images.proteinatlas.org/40934/si35_C8_1
https://images.proteinatlas.org/40934/si35_C8_2
https://images.proteinatlas.org/40934/si35_C9_1
https://images.proteinatlas.org/40934/si35_C9_2
https://images.proteinatlas.org/27999/2229_F2_21
https://images.proteinatlas.org/27999/2229_F2_41
https://images.proteinatlas.org/27999/si37_C8_1
https://images.proteinatlas.org/27999/si37_C8_3
https://images.proteinatlas.org/27999/si37_C9_1
https://images.proteinatlas.org/27999/si37_C9_2
https://images.proteinatlas.org/37885/2148_D12_63
https://images.proteinatlas.org/26678/2200_F9_21
https://images.proteinatlas.org/26678/2200_F9_26
https://images.proteinatlas.org/41997/si9_G4_3
https://images.proteinatlas.org/41997/si9_G5_3
https://images.proteinatlas.org/41997/si9_G5_4
https://images.proteinatlas.org/41997/si9_G6_3
https://images.proteinatlas.org/41997/si9_G6_4
https://images.proteinatlas.org/58389/1923_B8_4_cr5cd3e017c4d3b
https://images.proteinatlas.org/915/1955_G8_22_cr5dd3faaeaaa9b
https://images.proteinatlas.org/58389/1923_B8_27_cr5cd3e017c4f52
https://images.proteinatlas.org/915/1955_G8_29_cr5dd3faaeaacd8
https://images.proteinatlas.org/6344/2176_F11_42
https://images.proteinatlas.org/76675/1827_C5_24_cr5ac61e5e8d7ac
https://images.proteinatlas.org/6344/2151_H10_24
https://images.proteinatlas.org/6344/2151_H10_36
https://images.proteinatlas.org/6344/2135_E10_21
https://images.proteinatlas.org/6344/2135_E10_63
https://images.proteinatlas.org/19113/2150_G5_12
https://images.proteinatlas.org/19113/2150_G5_24
https://images.proteinatlas.org/19113/2149_C5_21
https://images.proteinatlas.org/41772/2168_A8_29
https://images.proteinatlas.org/19113/2149_C5_84
https://images.proteinatlas.org/41772/2168_A8_56
https://images.proteinatlas.org/41772/2121_B10_12
https://images.proteinatlas.org/41772/2121_B10_36
https://images.proteinatlas.org/41997/si9_G4_4
https://images.proteinatlas.org/41772/2131_C3_63
https://images.proteinatlas.org/41772/2209_H8_16
https://images.proteinatlas.org/41772/2131_C3_84
https://images.proteinatlas.org/2485/2203_D8_16
https://images.proteinatlas.org/51255/2216_C7_1
https://images.proteinatlas.org/2485/2203_D8_36
https://images.proteinatlas.org/76675/1827_C5_29_cr5ac61e5e8eaa6
https://images.proteinatlas.org/6344/2176_F11_84
https://images.proteinatlas.org/51255/2216_C7_11
https://images.proteinatlas.org/27772/2232_E12_12
https://images.proteinatlas.org/27772/2232_E12_36
https://images.proteinatlas.org/36445/1752_E7_8_cr5804ec4f59f26
https://images.proteinatlas.org/36445/1752_E7_13_cr5804ec58b10df
https://images.proteinatlas.org/4745/1925_F1_10_cr5cd5395e6ce56
https://images.proteinatlas.org/4745/1925_F1_17_cr5cd5395e6d3bf
https://images.proteinatlas.org/4745/1891_B5_4_cr5ba0b7bebbc09
https://images.proteinatlas.org/39584/1848_E5_2_cr5ac3201d8e83b
https://images.proteinatlas.org/39584/1848_E5_15_cr5ac3201d8f343
https://images.proteinatlas.org/17076/1749_D10_13_cr5804b3ac71a24
https://images.proteinatlas.org/17076/1749_D10_23_cr5804b3c18a15c
https://images.proteinatlas.org/15028/1636_E2_9_cr57bed6ae07246
https://images.proteinatlas.org/15028/1636_E2_20_cr57bed6b4cb599
https://images.proteinatlas.org/5446/1871_A8_13_cr5b719ffa0411e
https://images.proteinatlas.org/41772/2209_H8_21
https://images.proteinatlas.org/5446/1871_A8_18_cr5b719ffa04575
https://images.proteinatlas.org/63063/2169_E12_67
https://images.proteinatlas.org/63063/2169_E12_84
https://images.proteinatlas.org/63063/2121_E5_36
https://images.proteinatlas.org/63063/2240_D8_8
https://images.proteinatlas.org/63063/2240_D8_50
https://images.proteinatlas.org/63203/2216_F8_16
https://images.proteinatlas.org/43012/2215_G5_1
https://images.proteinatlas.org/63203/2216_F8_31
https://images.proteinatlas.org/43012/2215_G5_21
https://images.proteinatlas.org/12510/2166_C6_36
https://images.proteinatlas.org/12510/2201_G5_42
https://images.proteinatlas.org/12510/si16_H4_3
https://images.proteinatlas.org/12510/si16_H4_4
https://images.proteinatlas.org/12510/si16_H4_7
https://images.proteinatlas.org/12510/si16_H6_1
https://images.proteinatlas.org/12510/si16_H6_2
https://images.proteinatlas.org/12510/si16_H6_5
https://images.proteinatlas.org/2649/si17_H4_2
https://images.proteinatlas.org/2649/si17_H4_4
https://images.proteinatlas.org/2649/si17_H5_1
https://images.proteinatlas.org/2649/si17_H5_3
https://images.proteinatlas.org/2649/si17_H6_2
https://images.proteinatlas.org/2649/si17_H6_3
https://images.proteinatlas.org/63063/2121_E5_12
https://images.proteinatlas.org/52324/2211_D10_11
https://images.proteinatlas.org/52324/2211_D10_21
https://images.proteinatlas.org/35933/2237_D2_1
https://images.proteinatlas.org/76913/1717_G3_12_cr57f4fdc2f0d24
https://images.proteinatlas.org/76913/1717_G3_17_cr57f4fdcca78f7
https://images.proteinatlas.org/76913/2146_D5_21
https://images.proteinatlas.org/76913/2146_D5_84
https://images.proteinatlas.org/12510/2166_C6_48
https://images.proteinatlas.org/75399/1797_E4_43_cr5ed0fdaa56d83
https://images.proteinatlas.org/12510/2201_G5_63
https://images.proteinatlas.org/75399/1797_E4_59_cr59d64f1f3bcdf
https://images.proteinatlas.org/75399/1893_I12_8_cr5bc47aee3c01b
https://images.proteinatlas.org/32148/1715_B1_13_cr57fd0491c6846
https://images.proteinatlas.org/63852/2161_A12_12
https://images.proteinatlas.org/63852/2161_A12_24
https://images.proteinatlas.org/63852/2133_E7_64
https://images.proteinatlas.org/46719/2161_B3_12
https://images.proteinatlas.org/46719/2161_B3_48
https://images.proteinatlas.org/63852/2133_E7_1
https://images.proteinatlas.org/32148/1715_B1_18_cr57fd049b2a359
https://images.proteinatlas.org/46719/2148_A7_63
https://images.proteinatlas.org/75399/1893_I12_20_cr5bc47aee3c2a4
https://images.proteinatlas.org/46719/2148_A7_21
https://images.proteinatlas.org/24307/1898_H5_4_cr5ba8a4807f7ff
https://images.proteinatlas.org/55194/2205_F10_6
https://images.proteinatlas.org/24307/1898_H5_8_cr5ba8a48080536
https://images.proteinatlas.org/24307/1864_H4_15_cr5b7290693a466
https://images.proteinatlas.org/24307/1864_H4_19_cr5b7290693a775
https://images.proteinatlas.org/17150/1871_G11_20_cr5b717efb73676
https://images.proteinatlas.org/35933/2237_D2_29
https://images.proteinatlas.org/44342/2128_E5_42
https://images.proteinatlas.org/17150/1871_G11_21_cr5b4882c63994d
https://images.proteinatlas.org/55194/2205_F10_6
https://images.proteinatlas.org/47864/1645_G11_15_cr57b568eb09215
https://images.proteinatlas.org/47864/1645_G11_19_cr57b568f223f4d
https://images.proteinatlas.org/55194/2205_F10_31
https://images.proteinatlas.org/55194/2205_F10_31
https://images.proteinatlas.org/47864/2212_G10_26
https://images.proteinatlas.org/10025/si20_E1_2
https://images.proteinatlas.org/10025/si20_E2_3
https://images.proteinatlas.org/10025/si20_E3_3
https://images.proteinatlas.org/10025/si20_E3_4
https://images.proteinatlas.org/699/2200_G8_31
https://images.proteinatlas.org/699/2200_G8_36
https://images.proteinatlas.org/5436/2123_E3_24
https://images.proteinatlas.org/44342/2128_E5_84
https://images.proteinatlas.org/5436/2123_E3_48
https://images.proteinatlas.org/28234/2171_C7_56
https://images.proteinatlas.org/2639/1867_B3_30_cr5b68189b791a9
https://images.proteinatlas.org/74128/2171_B3_28
https://images.proteinatlas.org/47864/2212_G10_21
https://images.proteinatlas.org/10025/si20_E1_3
https://images.proteinatlas.org/74128/2171_B3_43
https://images.proteinatlas.org/74128/2121_E10_24
https://images.proteinatlas.org/10025/si20_E2_2
https://images.proteinatlas.org/74128/2134_D2_63
https://images.proteinatlas.org/3575/1774_C2_12_cr595f3ba0546b0
https://images.proteinatlas.org/31547/2169_F9_52
https://images.proteinatlas.org/31547/2169_F9_70
https://images.proteinatlas.org/31547/2120_C5_36
https://images.proteinatlas.org/31547/2120_C5_24
https://images.proteinatlas.org/31547/2133_D5_63
https://images.proteinatlas.org/31547/2133_D5_21
https://images.proteinatlas.org/2639/1867_B3_18_cr5b68189b76733
https://images.proteinatlas.org/31547/2211_G7_41
https://images.proteinatlas.org/31547/2211_G7_16
https://images.proteinatlas.org/35409/2167_C9_84
https://images.proteinatlas.org/74128/2121_E10_46
https://images.proteinatlas.org/35409/2124_D6_12
https://images.proteinatlas.org/74128/2134_D2_21
https://images.proteinatlas.org/35409/2124_D6_36
https://images.proteinatlas.org/35409/2128_F4_84
https://images.proteinatlas.org/3575/1774_C2_23_cr595f3ba054691
https://images.proteinatlas.org/22896/2216_B9_41
https://images.proteinatlas.org/5466/1884_F2_45_cr5b98d391cb1e3
https://images.proteinatlas.org/46497/fp14_E7_4
https://images.proteinatlas.org/46497/fp14_E7_5
https://images.proteinatlas.org/46497/fp14_B7_3
https://images.proteinatlas.org/46497/fp14_B7_4
https://images.proteinatlas.org/17742/2210_F4_56
https://images.proteinatlas.org/17742/2191_C6_12
https://images.proteinatlas.org/35409/2167_C9_70
https://images.proteinatlas.org/17742/2191_C6_60
https://images.proteinatlas.org/17742/2206_D6_84
https://images.proteinatlas.org/36348/1843_G4_3_cr5af980b12c9bb
https://images.proteinatlas.org/36348/1843_G4_30_cr5af980b12dbaa
https://images.proteinatlas.org/35409/2128_F4_22
https://images.proteinatlas.org/22896/2216_B9_6
https://images.proteinatlas.org/43865/2191_F8_24
https://images.proteinatlas.org/43865/2191_F8_48
https://images.proteinatlas.org/5466/1884_F2_59_cr5b98d391cb9af
https://images.proteinatlas.org/44241/fp10_E4_1
https://images.proteinatlas.org/44241/fp10_E4_3
https://images.proteinatlas.org/1907/si9_A4_1
https://images.proteinatlas.org/44241/fp10_B4_5
https://images.proteinatlas.org/1907/si9_A5_2
https://images.proteinatlas.org/1907/si9_A5_3
https://images.proteinatlas.org/1907/si9_A4_4
https://images.proteinatlas.org/17742/2206_D6_105
https://images.proteinatlas.org/1907/si9_A6_2
https://images.proteinatlas.org/1907/si9_A6_3
https://images.proteinatlas.org/60092/2160_F8_48
https://images.proteinatlas.org/71013/1916_E10_12_cr5c99f28cef591
https://images.proteinatlas.org/53026/1983_G4_6_cr5e58ebec233a8
https://images.proteinatlas.org/53026/1983_G4_21_cr5e58ebec24438
https://images.proteinatlas.org/71013/2176_B4_14
https://images.proteinatlas.org/44241/fp10_B4_3
https://images.proteinatlas.org/71013/2165_E4_60
https://images.proteinatlas.org/71013/1916_E10_26_cr5c99f28cf12b4
https://images.proteinatlas.org/23687/fp25_E2_1
https://images.proteinatlas.org/71013/2148_B11_63
https://images.proteinatlas.org/23687/fp25_E2_2
https://images.proteinatlas.org/23687/fp25_B2_1
https://images.proteinatlas.org/60092/2160_F8_36
https://images.proteinatlas.org/12037/1864_D6_17_cr5afd9f14ef6d8
https://images.proteinatlas.org/23687/fp25_B2_4
https://images.proteinatlas.org/41146/2218_G11_36
https://images.proteinatlas.org/41146/2218_G11_21
https://images.proteinatlas.org/71013/2176_B4_56
https://images.proteinatlas.org/71013/2165_E4_24
https://images.proteinatlas.org/77849/1706_F5_23_cr57ee15f8f0e78
https://images.proteinatlas.org/71013/2148_B11_21
https://images.proteinatlas.org/38347/1891_K12_5_cr5bbde0cd82b50
https://images.proteinatlas.org/28453/2165_G9_48
https://images.proteinatlas.org/40033/2216_C10_11
https://images.proteinatlas.org/31474/1645_A8_8_cr5810f1c01a29d
https://images.proteinatlas.org/77365/1774_G7_23_cr595293e11cc3a
https://images.proteinatlas.org/77365/1774_G7_6_cr595293e11bbe7
https://images.proteinatlas.org/77365/1934_G6_9_cr5d1efab7a685d
https://images.proteinatlas.org/12037/1864_D6_23_cr5afd9f14ef988
https://images.proteinatlas.org/77365/1934_G6_19_cr5d1efab7a6884
https://images.proteinatlas.org/50360/2161_G9_24
https://images.proteinatlas.org/50360/2136_D4_21
https://images.proteinatlas.org/50360/2136_D4_63
https://images.proteinatlas.org/38347/1891_K12_28_cr5bbde0cd83d44
https://images.proteinatlas.org/28453/2165_G9_36
https://images.proteinatlas.org/39054/2121_D2_24
https://images.proteinatlas.org/39054/2121_D2_48
https://images.proteinatlas.org/40033/2216_C10_1
https://images.proteinatlas.org/21455/1732_A10_7_cr580611b3405d6
https://images.proteinatlas.org/21455/1732_A10_13_cr580611bc44ecf
https://images.proteinatlas.org/59929/2168_F8_43
https://images.proteinatlas.org/59929/2121_E9_24
https://images.proteinatlas.org/59929/2132_C11_21
https://images.proteinatlas.org/59929/2121_E9_48
https://images.proteinatlas.org/59929/2132_C11_42
https://images.proteinatlas.org/56572/2175_B11_14
https://images.proteinatlas.org/50360/2161_G9_48
https://images.proteinatlas.org/56572/2175_B11_28
https://images.proteinatlas.org/15310/fp11_E6_1
https://images.proteinatlas.org/15310/fp11_B6_3
https://images.proteinatlas.org/15310/fp11_B6_5
https://images.proteinatlas.org/71023/1775_A7_13_cr595295585ea3d
https://images.proteinatlas.org/71023/1775_A7_18_cr595295585f68a
https://images.proteinatlas.org/40599/2175_C9_14
https://images.proteinatlas.org/40599/2175_C9_70
https://images.proteinatlas.org/59929/2168_F8_14
https://images.proteinatlas.org/40599/2127_B2_39
https://images.proteinatlas.org/40599/2127_B2_60
https://images.proteinatlas.org/66270/1922_G9_19_cr5cc30c4ade567
https://images.proteinatlas.org/66270/1922_G9_29_cr5cc30c4adeb3a
https://images.proteinatlas.org/38006/2237_B5_36
https://images.proteinatlas.org/38006/2237_B5_50
https://images.proteinatlas.org/18439/2199_B8_26
https://images.proteinatlas.org/18439/2199_B8_31
https://images.proteinatlas.org/75880/1813_G3_9_cr5a042b387b699
https://images.proteinatlas.org/15310/fp11_E6_2
https://images.proteinatlas.org/75880/1813_G3_25_cr5a042b387ce46
https://images.proteinatlas.org/6929/1878_G1_37_cr5b7d67af37cda
https://images.proteinatlas.org/6929/1972_C1_1_cr5e1498443a5ca
https://images.proteinatlas.org/40599/2121_A12_96
https://images.proteinatlas.org/40599/2121_A12_108
https://images.proteinatlas.org/6929/1972_C1_30_cr5e1498443c5f0
https://images.proteinatlas.org/2874/2149_A5_21
https://images.proteinatlas.org/40599/2209_H11_26
https://images.proteinatlas.org/35134/2239_F11_36
https://images.proteinatlas.org/51409/2166_H6_12
https://images.proteinatlas.org/31631/2210_C9_14
https://images.proteinatlas.org/31631/2210_C9_70
https://images.proteinatlas.org/31631/2152_G5_12
https://images.proteinatlas.org/31631/2152_G5_33
https://images.proteinatlas.org/31631/2149_D3_21
https://images.proteinatlas.org/31631/2149_D3_84
https://images.proteinatlas.org/31631/fp7_F1_1
https://images.proteinatlas.org/31631/fp7_F1_2
https://images.proteinatlas.org/6929/1878_G1_54_cr5b7d67af387cc
https://images.proteinatlas.org/31631/fp7_C1_2
https://images.proteinatlas.org/31631/fp7_C1_4
https://images.proteinatlas.org/2874/2149_A5_63
https://images.proteinatlas.org/29565/fp18_E7_2
https://images.proteinatlas.org/29565/fp18_B7_1
https://images.proteinatlas.org/35134/2239_F11_8
https://images.proteinatlas.org/62573/1878_H7_8_cr5bb224b655898
https://images.proteinatlas.org/51409/2166_H6_48
https://images.proteinatlas.org/71139/1861_A8_10_cr5aeb5c4ed8081
https://images.proteinatlas.org/55972/2185_H6_14
https://images.proteinatlas.org/55972/2179_G9_48
https://images.proteinatlas.org/55972/2179_G9_85
https://images.proteinatlas.org/55972/2206_G10_21
https://images.proteinatlas.org/55972/2206_G10_63
https://images.proteinatlas.org/55972/2205_H10_31
https://images.proteinatlas.org/55972/2205_H10_36
https://images.proteinatlas.org/55972/2185_H6_14
https://images.proteinatlas.org/29565/fp18_E7_1
https://images.proteinatlas.org/55972/2185_H6_56
https://images.proteinatlas.org/55972/2179_G9_48
https://images.proteinatlas.org/55972/2206_G10_21
https://images.proteinatlas.org/29565/fp18_B7_2
https://images.proteinatlas.org/55972/2206_G10_63
https://images.proteinatlas.org/71139/1861_A8_26_cr5aeb5c4edb2e2
https://images.proteinatlas.org/55972/2205_H10_31
https://images.proteinatlas.org/26080/2237_F2_8
https://images.proteinatlas.org/55972/2185_H6_56
https://images.proteinatlas.org/48743/2160_E10_12
https://images.proteinatlas.org/48743/2160_E10_24
https://images.proteinatlas.org/49527/1695_H3_28_cr57d8358f6bebb
https://images.proteinatlas.org/69672/2160_B2_24
https://images.proteinatlas.org/69672/2160_B2_48
https://images.proteinatlas.org/69672/2135_F11_21
https://images.proteinatlas.org/69672/2135_F11_63
https://images.proteinatlas.org/14790/2147_E11_21
https://images.proteinatlas.org/55972/2179_G9_85
https://images.proteinatlas.org/14790/2147_E11_63
https://images.proteinatlas.org/44109/2169_A7_14
https://images.proteinatlas.org/44109/2152_E2_12
https://images.proteinatlas.org/55972/2205_H10_36
https://images.proteinatlas.org/44109/2152_E2_24
https://images.proteinatlas.org/26080/2237_F2_36
https://images.proteinatlas.org/57420/1722_H5_1_cr57f7a786a1060
https://images.proteinatlas.org/24591/1876_D7_21_cr5b71af786547c
https://images.proteinatlas.org/49527/1695_H3_8_cr57e0eb2b45d39
https://images.proteinatlas.org/41629/2175_B4_14
https://images.proteinatlas.org/41629/2175_B4_29
https://images.proteinatlas.org/41629/2232_C2_60
https://images.proteinatlas.org/41629/2206_H2_21
https://images.proteinatlas.org/41629/2206_H2_42
https://images.proteinatlas.org/61250/2186_H7_24
https://images.proteinatlas.org/61250/2186_H7_60
https://images.proteinatlas.org/73649/1745_E4_8_cr58061c9bbeb6f
https://images.proteinatlas.org/73649/1745_E4_16_cr58061ca4cc628
https://images.proteinatlas.org/44109/2169_A7_42
https://images.proteinatlas.org/73649/1736_E4_2_cr5805f792b00c8
https://images.proteinatlas.org/73649/1736_E4_18_cr59c50da12c7cc
https://images.proteinatlas.org/57420/1722_H5_8_cr57f7a790bcd1c
https://images.proteinatlas.org/46912/1875_C9_86_cr5b7c1bf5c1e00
https://images.proteinatlas.org/24591/1876_D7_29_cr5b71af78658c2
https://images.proteinatlas.org/41387/1645_H2_5_cr57bd8c2b7d6f8
https://images.proteinatlas.org/73093/1916_B6_14_cr5c9a124f20748
https://images.proteinatlas.org/41629/2232_C2_12
https://images.proteinatlas.org/27163/si12_E4_1
https://images.proteinatlas.org/27163/si12_E4_2
https://images.proteinatlas.org/27163/si12_E5_2
https://images.proteinatlas.org/27163/si12_E6_1
https://images.proteinatlas.org/27163/si12_E6_4
https://images.proteinatlas.org/67849/1983_E11_3_cr5f59e9fe5260f
https://images.proteinatlas.org/67849/1983_E11_13_cr5f59e9fe5362a
https://images.proteinatlas.org/67849/1864_G2_16_cr5f59ea654e23e
https://images.proteinatlas.org/46912/1875_C9_61_cr5b7c1bf5c1e00
https://images.proteinatlas.org/67849/1864_G2_26_cr5afd78e2cc62f
https://images.proteinatlas.org/77244/1717_B3_24_cr594b6cf920735
https://images.proteinatlas.org/39946/si29_F10_1
https://images.proteinatlas.org/41387/1645_H2_10_cr57bd8c3197296
https://images.proteinatlas.org/39946/si29_F10_2
https://images.proteinatlas.org/73093/1916_B6_26_cr5c9a124f2103c
https://images.proteinatlas.org/39946/si29_F10_14
https://images.proteinatlas.org/39946/si29_F12_1
https://images.proteinatlas.org/27163/si12_E5_1
https://images.proteinatlas.org/39946/si29_F12_11
https://images.proteinatlas.org/39946/si29_F12_20
https://images.proteinatlas.org/4947/2169_H7_56
https://images.proteinatlas.org/4947/2136_B4_22
https://images.proteinatlas.org/4947/2136_B4_84
https://images.proteinatlas.org/57272/2171_B9_98
https://images.proteinatlas.org/57272/2171_B9_126
https://images.proteinatlas.org/57272/2161_D11_36
https://images.proteinatlas.org/57272/2161_D11_48
https://images.proteinatlas.org/77244/1717_B3_29_cr594b6d04bbbe6
https://images.proteinatlas.org/57272/2147_F9_21
https://images.proteinatlas.org/57272/2147_F9_84
https://images.proteinatlas.org/38719/2217_F4_16
https://images.proteinatlas.org/39946/si29_F10_18
https://images.proteinatlas.org/21136/2183_D3_14
https://images.proteinatlas.org/39946/si29_F12_3
https://images.proteinatlas.org/21136/2183_D3_29
https://images.proteinatlas.org/21136/2184_G3_24
https://images.proteinatlas.org/4947/2169_H7_14
https://images.proteinatlas.org/21136/2199_E3_31
https://images.proteinatlas.org/17080/1871_H11_15_cr5b4875d0a8fcc
https://images.proteinatlas.org/71094/1893_M18_6_cr5bbf25bc944be
https://images.proteinatlas.org/71094/1893_M18_30_cr5bbf25bc94cf7
https://images.proteinatlas.org/71094/2124_E11_24
https://images.proteinatlas.org/71094/2124_E11_36
https://images.proteinatlas.org/71094/2134_D10_21
https://images.proteinatlas.org/71094/2134_D10_63
https://images.proteinatlas.org/52483/1954_D8_41_cr5dfcafd8332c3
https://images.proteinatlas.org/38719/2217_F4_11
https://images.proteinatlas.org/52483/1954_D8_48_cr5dfcafd834bb8
https://images.proteinatlas.org/30170/1914_H6_2_cr5c877aaca142c
https://images.proteinatlas.org/21136/2184_G3_13
https://images.proteinatlas.org/30170/2168_E1_42
https://images.proteinatlas.org/21136/2199_E3_16
https://images.proteinatlas.org/30170/2168_E1_56
https://images.proteinatlas.org/30170/2131_E8_66
https://images.proteinatlas.org/17357/1781_H2_30_cr596dceb1b7bc9
https://images.proteinatlas.org/17080/1871_H11_22_cr5b4875d0aa9c4
https://images.proteinatlas.org/858/2217_C4_11
https://images.proteinatlas.org/858/2217_C4_31
https://images.proteinatlas.org/29055/2186_G8_25
https://images.proteinatlas.org/29055/2186_G8_61
https://images.proteinatlas.org/29055/2216_C6_21
https://images.proteinatlas.org/29055/2216_C6_26
https://images.proteinatlas.org/18126/si3_B1_2
https://images.proteinatlas.org/18126/si3_B1_3
https://images.proteinatlas.org/18126/si3_B1_6
https://images.proteinatlas.org/30170/1914_H6_23_cr5c877aaca2750
https://images.proteinatlas.org/18126/si3_B1_8
https://images.proteinatlas.org/18126/si3_B2_1
https://images.proteinatlas.org/30170/2131_E8_22
https://images.proteinatlas.org/18126/si3_B2_6
https://images.proteinatlas.org/17357/1781_H2_5_cr596dceb1b578d
https://images.proteinatlas.org/18126/si3_B2_7
https://images.proteinatlas.org/18126/si3_B3_3
https://images.proteinatlas.org/29055/2185_A10_70
https://images.proteinatlas.org/18126/si3_B3_6
https://images.proteinatlas.org/60228/1825_H2_3_cr5abb93a3dc788
https://images.proteinatlas.org/8427/1844_D2_20_cr5b03d866e43c4
https://images.proteinatlas.org/39736/2186_F2_37
https://images.proteinatlas.org/39736/2186_F2_48
https://images.proteinatlas.org/39736/2201_B3_21
https://images.proteinatlas.org/39736/2201_B3_43
https://images.proteinatlas.org/63345/1774_F1_7_cr59510132d027a
https://images.proteinatlas.org/63345/1774_F1_27_cr59510132d109b
https://images.proteinatlas.org/18126/si3_B2_3
https://images.proteinatlas.org/6024/1704_B1_1_cr5811e29350250
https://images.proteinatlas.org/6024/1704_B1_17_cr5811e2a081c3a
https://images.proteinatlas.org/30758/1768_F9_18_cr5950c68e51359
https://images.proteinatlas.org/18126/si3_B3_1
https://images.proteinatlas.org/68931/2179_G7_24
https://images.proteinatlas.org/18126/si3_B3_5
https://images.proteinatlas.org/68931/2179_G7_48
https://images.proteinatlas.org/7315/1891_G5_16_cr5ba0bd7759116
https://images.proteinatlas.org/60228/1825_H2_27_cr5abb93a3dd6f8
https://images.proteinatlas.org/30159/si22_A4_36
https://images.proteinatlas.org/30159/si22_A6_35
https://images.proteinatlas.org/29712/2218_B3_16
https://images.proteinatlas.org/29712/2218_B3_31
https://images.proteinatlas.org/31698/2169_G9_56
https://images.proteinatlas.org/31698/2169_G9_70
https://images.proteinatlas.org/31698/2152_B7_12
https://images.proteinatlas.org/31698/2152_B7_36
https://images.proteinatlas.org/31698/2133_F5_64
https://images.proteinatlas.org/30758/1768_F9_4_cr5950c68e51bf5
https://images.proteinatlas.org/31698/2133_F5_84
https://images.proteinatlas.org/30175/2175_G1_14
https://images.proteinatlas.org/30175/2232_C1_24
https://images.proteinatlas.org/7315/1891_G5_6_cr5ba0bd7758bb8
https://images.proteinatlas.org/30159/si22_A4_33
https://images.proteinatlas.org/30175/2232_C1_72
https://images.proteinatlas.org/30175/2206_E1_63
https://images.proteinatlas.org/24657/1717_H4_22_cr57f50bafc4edb
https://images.proteinatlas.org/30159/si22_A6_36
https://images.proteinatlas.org/24657/1846_C1_15_cr5ab92a9e5540f
https://images.proteinatlas.org/24657/1846_C1_18_cr5ab92a9e55b74
https://images.proteinatlas.org/36406/2176_F8_35
https://images.proteinatlas.org/36406/2166_C8_12
https://images.proteinatlas.org/36406/2166_C8_36
https://images.proteinatlas.org/36406/2206_E10_63
https://images.proteinatlas.org/36406/2206_E10_84
https://images.proteinatlas.org/36406/2209_B4_11
https://images.proteinatlas.org/30175/2175_G1_28
https://images.proteinatlas.org/36406/2209_B4_36
https://images.proteinatlas.org/17071/2229_G3_11
https://images.proteinatlas.org/6230/1721_E1_3_cr5ed0ca2b3b18a
https://images.proteinatlas.org/6230/1721_E1_25_cr5ed0ca2b3b38a
https://images.proteinatlas.org/30175/2206_E1_105
https://images.proteinatlas.org/24657/1717_H4_17_cr57f50ba6daa7e
https://images.proteinatlas.org/49538/2199_F10_6
https://images.proteinatlas.org/49538/2199_F10_11
https://images.proteinatlas.org/36406/2176_F8_29
https://images.proteinatlas.org/67941/1754_C10_13_cr57f3d57b894f2
https://images.proteinatlas.org/67941/1754_C10_3_cr57f3d572db7b4
https://images.proteinatlas.org/28357/2167_D12_84
https://images.proteinatlas.org/28357/2167_D12_70
https://images.proteinatlas.org/28357/2120_A3_12
https://images.proteinatlas.org/28357/2120_A3_36
https://images.proteinatlas.org/28357/2129_D8_42
https://images.proteinatlas.org/28357/2129_D8_84
https://images.proteinatlas.org/28357/2209_D9_11
https://images.proteinatlas.org/28357/2209_D9_16
https://images.proteinatlas.org/17071/2229_G3_21
https://images.proteinatlas.org/1909/2177_E8_14
https://images.proteinatlas.org/1909/2177_E8_28
https://images.proteinatlas.org/62050/1983_H3_3_cr5e58e6082198d
https://images.proteinatlas.org/62050/1983_H3_9_cr5e58e60821975
https://images.proteinatlas.org/36268/si15_G8_3
https://images.proteinatlas.org/36268/si15_G8_4
https://images.proteinatlas.org/7316/2229_F9_41
https://images.proteinatlas.org/59155/1984_A1_19_cr5e5f75dabe7d9
https://images.proteinatlas.org/59155/1984_A1_13_cr5e58f593cdbef
https://images.proteinatlas.org/19041/2200_D2_21
https://images.proteinatlas.org/59155/2212_E9_26
https://images.proteinatlas.org/19041/2200_D2_26
https://images.proteinatlas.org/76632/1891_G14_5_cr5bbdd9b4a0f5d
https://images.proteinatlas.org/76632/1891_G14_25_cr5bbdd9b4a1250
https://images.proteinatlas.org/76632/1957_F7_2_cr5da467c076e3b
https://images.proteinatlas.org/76632/1957_F7_28_cr5da467c077574
https://images.proteinatlas.org/34517/2238_F5_8
https://images.proteinatlas.org/277/1898_A3_3_cr5ba3755c8130f
https://images.proteinatlas.org/34517/2238_F5_50
https://images.proteinatlas.org/34517/si27_D1_1
https://images.proteinatlas.org/36268/si15_G9_2
https://images.proteinatlas.org/34517/si27_D1_5
https://images.proteinatlas.org/36268/si15_G9_4
https://images.proteinatlas.org/34517/si27_D1_7
https://images.proteinatlas.org/34517/si27_D2_3
https://images.proteinatlas.org/34517/si27_D2_16
https://images.proteinatlas.org/59155/2212_E9_6
https://images.proteinatlas.org/34517/si27_D3_1
https://images.proteinatlas.org/34517/si27_D3_2
https://images.proteinatlas.org/34517/si27_D3_12
https://images.proteinatlas.org/36879/2148_F11_63
https://images.proteinatlas.org/36879/2148_F11_84
https://images.proteinatlas.org/36879/2239_B7_15
https://images.proteinatlas.org/36879/2239_B7_29
https://images.proteinatlas.org/35675/2171_B12_42
https://images.proteinatlas.org/34517/si27_D1_4
https://images.proteinatlas.org/35675/2171_B12_53
https://images.proteinatlas.org/43230/2210_D5_70
https://images.proteinatlas.org/43230/2153_D7_12
https://images.proteinatlas.org/43230/2153_D7_48
https://images.proteinatlas.org/34517/si27_D2_1
https://images.proteinatlas.org/34517/si27_D2_9
https://images.proteinatlas.org/43230/2134_C4_43
https://images.proteinatlas.org/43230/2134_C4_84
https://images.proteinatlas.org/34517/si27_D3_9
https://images.proteinatlas.org/40084/fp21_B3_1
https://images.proteinatlas.org/40084/fp21_B3_3
https://images.proteinatlas.org/8410/2167_B1_70
https://images.proteinatlas.org/8410/2123_B2_11
https://images.proteinatlas.org/8410/2123_B2_35
https://images.proteinatlas.org/8410/2127_E8_42
https://images.proteinatlas.org/8410/2127_E8_84
https://images.proteinatlas.org/42198/1898_G7_19_cr5ba8a5ea1e010
https://images.proteinatlas.org/42198/1898_G7_28_cr5ba8a5ea1f371
https://images.proteinatlas.org/43230/2210_D5_98
https://images.proteinatlas.org/895/1920_E12_5_cr5cb82d374e425
https://images.proteinatlas.org/895/1920_E12_9_cr5cb82d374e92d
https://images.proteinatlas.org/895/2034_C9_14_cr6047724246c46
https://images.proteinatlas.org/40084/fp21_E3_1
https://images.proteinatlas.org/40084/fp21_E3_2
https://images.proteinatlas.org/55338/1874_B12_19_cr5b6d43a50a040
https://images.proteinatlas.org/55338/1874_B12_23_cr5b6d43a50a8a5
https://images.proteinatlas.org/8410/2167_B1_23
https://images.proteinatlas.org/36697/2179_D4_5
https://images.proteinatlas.org/36697/2179_D4_60
https://images.proteinatlas.org/36697/2206_H4_84
https://images.proteinatlas.org/27520/si24_H1_1
https://images.proteinatlas.org/27520/si24_H1_4
https://images.proteinatlas.org/27520/si24_H1_5
https://images.proteinatlas.org/27520/si24_H1_14
https://images.proteinatlas.org/27520/si24_H2_1
https://images.proteinatlas.org/895/2034_C9_4_cr604772424612a
https://images.proteinatlas.org/27520/si24_H2_2
https://images.proteinatlas.org/27520/si24_H2_8
https://images.proteinatlas.org/27520/si24_H3_1
https://images.proteinatlas.org/27520/si24_H3_4
https://images.proteinatlas.org/36697/2210_G3_14
https://images.proteinatlas.org/27520/si24_H3_13
https://images.proteinatlas.org/36697/2210_G3_56
https://images.proteinatlas.org/27520/si24_H3_17
https://images.proteinatlas.org/5640/2238_F7_36
https://images.proteinatlas.org/36697/2206_H4_43
https://images.proteinatlas.org/30052/2209_G3_26
https://images.proteinatlas.org/30052/si10_G7_2
https://images.proteinatlas.org/30052/si10_G7_7
https://images.proteinatlas.org/30052/si10_G8_1
https://images.proteinatlas.org/30052/si10_G8_2
https://images.proteinatlas.org/30052/si10_G8_5
https://images.proteinatlas.org/30052/si10_G9_3
https://images.proteinatlas.org/27520/si24_H2_16
https://images.proteinatlas.org/30052/si10_G9_4
https://images.proteinatlas.org/30052/si10_G9_7
https://images.proteinatlas.org/46527/si30_E1_1
https://images.proteinatlas.org/46527/si30_E1_6
https://images.proteinatlas.org/5640/2238_F7_15
https://images.proteinatlas.org/46527/si30_E1_18
https://images.proteinatlas.org/30052/2209_G3_11
https://images.proteinatlas.org/46527/si30_E3_2
https://images.proteinatlas.org/46527/si30_E3_6
https://images.proteinatlas.org/30052/si10_G7_4
https://images.proteinatlas.org/15127/2150_B3_12
https://images.proteinatlas.org/15127/2150_B3_24
https://images.proteinatlas.org/15127/2135_E7_63
https://images.proteinatlas.org/1874/2199_B9_6
https://images.proteinatlas.org/1874/2199_B9_21
https://images.proteinatlas.org/21216/si14_B7_1
https://images.proteinatlas.org/21216/si14_B7_2
https://images.proteinatlas.org/46527/si30_E1_3
https://images.proteinatlas.org/21216/si14_B8_1
https://images.proteinatlas.org/21216/si14_B8_2
https://images.proteinatlas.org/21216/si14_B9_3
https://images.proteinatlas.org/20192/2215_B11_21
https://images.proteinatlas.org/20192/2215_B11_31
https://images.proteinatlas.org/46527/si30_E3_4
https://images.proteinatlas.org/22925/1912_A5_9_cr5c8630701fcd2
https://images.proteinatlas.org/46527/si30_E3_19
https://images.proteinatlas.org/54902/2183_B10_14
https://images.proteinatlas.org/54902/2184_E10_64
https://images.proteinatlas.org/15127/2135_E7_21
https://images.proteinatlas.org/79181/1933_A1_4_cr5d122424df97f
https://images.proteinatlas.org/79181/1933_A1_17_cr5d122424e1606
https://images.proteinatlas.org/24415/1850_H8_26_cr5af2b83676bb4
https://images.proteinatlas.org/68327/1840_C9_73_cr5b153d65c34f8
https://images.proteinatlas.org/68327/1840_C9_92_cr5b153d65c5222
https://images.proteinatlas.org/55893/fp21_E2_1
https://images.proteinatlas.org/55893/fp21_E2_2
https://images.proteinatlas.org/21216/si14_B9_2
https://images.proteinatlas.org/55893/fp21_B2_2
https://images.proteinatlas.org/55893/fp21_B2_3
https://images.proteinatlas.org/68012/2178_A4_37
https://images.proteinatlas.org/68012/2206_H5_21
https://images.proteinatlas.org/68012/2206_H5_41
https://images.proteinatlas.org/54902/2183_B10_42
https://images.proteinatlas.org/54902/2184_E10_77
https://images.proteinatlas.org/68012/2216_B7_11
https://images.proteinatlas.org/68012/2216_B7_26
https://images.proteinatlas.org/24415/1850_H8_19_cr5af2b83674dbc
https://images.proteinatlas.org/31153/si35_H4_3
https://images.proteinatlas.org/31153/si35_H4_4
https://images.proteinatlas.org/31153/si35_H4_14
https://images.proteinatlas.org/31153/si35_H5_1
https://images.proteinatlas.org/31153/si35_H5_3
https://images.proteinatlas.org/31153/si35_H5_10
https://images.proteinatlas.org/31153/si35_H5_16
https://images.proteinatlas.org/31153/si35_H6_1
https://images.proteinatlas.org/68012/2178_A4_12
https://images.proteinatlas.org/31153/si35_H6_2
https://images.proteinatlas.org/31153/si35_H6_5
https://images.proteinatlas.org/29254/2233_D6_50
https://images.proteinatlas.org/29254/2233_D6_57
https://images.proteinatlas.org/44905/2199_G9_16
https://images.proteinatlas.org/30165/si18_B1_2
https://images.proteinatlas.org/44905/2199_G9_36
https://images.proteinatlas.org/30165/si18_B1_3
https://images.proteinatlas.org/30165/si18_B2_3
https://images.proteinatlas.org/31153/si35_H4_9
https://images.proteinatlas.org/30165/si18_B2_7
https://images.proteinatlas.org/30165/si18_B3_2
https://images.proteinatlas.org/30165/si18_B3_7
https://images.proteinatlas.org/30955/2217_C10_26
https://images.proteinatlas.org/30955/2217_C10_41
https://images.proteinatlas.org/76313/1760_E2_3_cr594b84a7191ac
https://images.proteinatlas.org/76313/1760_E2_8_cr594b84af9a7fe
https://images.proteinatlas.org/31153/si35_H6_8
https://images.proteinatlas.org/36752/1747_B2_18_cr58062ccc0e67d
https://images.proteinatlas.org/36752/1747_B2_23_cr58062cd596cb0
https://images.proteinatlas.org/43640/1874_B9_56_cr5b714b3a22ae7
https://images.proteinatlas.org/43640/1825_F6_41_cr5ac349f6d258f
https://images.proteinatlas.org/30165/si18_B1_5
https://images.proteinatlas.org/43640/1825_F6_54_cr5ac349f6d4297
https://images.proteinatlas.org/30165/si18_B2_4
https://images.proteinatlas.org/43640/2169_F10_56
https://images.proteinatlas.org/43640/2152_D8_36
https://images.proteinatlas.org/30165/si18_B3_4
https://images.proteinatlas.org/43640/2149_G5_21
https://images.proteinatlas.org/43640/2149_G5_63
https://images.proteinatlas.org/43640/2209_F4_31
https://images.proteinatlas.org/1393/2216_B6_1
https://images.proteinatlas.org/1393/2216_B6_21
https://images.proteinatlas.org/50999/2205_D10_1
https://images.proteinatlas.org/50999/2205_D10_41
https://images.proteinatlas.org/31730/2240_D9_22
https://images.proteinatlas.org/43640/1874_B9_31_cr5b714b3a22aca
https://images.proteinatlas.org/31730/2240_D9_29
https://images.proteinatlas.org/8603/2168_A6_42
https://images.proteinatlas.org/8603/2151_D3_13
https://images.proteinatlas.org/8603/2151_D3_24
https://images.proteinatlas.org/43640/2169_F10_70
https://images.proteinatlas.org/8603/2145_F4_21
https://images.proteinatlas.org/43640/2152_D8_48
https://images.proteinatlas.org/8603/2145_F4_84
https://images.proteinatlas.org/37006/2199_C3_26
https://images.proteinatlas.org/43640/2209_F4_26
https://images.proteinatlas.org/19841/si37_A7_2
https://images.proteinatlas.org/19841/si37_A9_1
https://images.proteinatlas.org/44425/1912_E7_5_cr5c8638bff271c
https://images.proteinatlas.org/44425/1912_E7_16_cr5c8638bff2cc5
https://images.proteinatlas.org/25062/1852_H2_16_cr5afd31dac9033
https://images.proteinatlas.org/25062/1852_H2_25_cr5afd31dac9ab7
https://images.proteinatlas.org/20873/2185_D6_70
https://images.proteinatlas.org/20873/2185_D6_42
https://images.proteinatlas.org/8603/2168_A6_84
https://images.proteinatlas.org/20873/2150_C4_12
https://images.proteinatlas.org/20873/2148_B12_63
https://images.proteinatlas.org/20873/2150_C4_20
https://images.proteinatlas.org/37006/2199_C3_11
https://images.proteinatlas.org/19841/si37_A7_1
https://images.proteinatlas.org/38585/2169_G7_14
https://images.proteinatlas.org/38585/2169_G7_112
https://images.proteinatlas.org/19841/si37_A9_2
https://images.proteinatlas.org/38585/2239_E2_1
https://images.proteinatlas.org/38585/2146_D7_64
https://images.proteinatlas.org/18908/2134_D4_42
https://images.proteinatlas.org/18908/2134_D4_63
https://images.proteinatlas.org/18908/2211_H3_11
https://images.proteinatlas.org/18908/2211_H3_21
https://images.proteinatlas.org/38410/2218_F9_16
https://images.proteinatlas.org/38410/2218_F9_26
https://images.proteinatlas.org/20873/2148_B12_42
https://images.proteinatlas.org/76303/1749_A10_3_cr5804b669d8028
https://images.proteinatlas.org/76303/1749_A10_23_cr5804b68163538
https://images.proteinatlas.org/76303/1712_C8_28_cr580502c71f52e
https://images.proteinatlas.org/76303/1706_F6_3_cr57e394f96ddc8
https://images.proteinatlas.org/38585/2165_H5_9
https://images.proteinatlas.org/76303/1706_F6_8_cr57e39501f2df4
https://images.proteinatlas.org/38585/2146_D7_42
https://images.proteinatlas.org/64218/1753_G10_13_cr57f3d0138be63
https://images.proteinatlas.org/27347/2167_D7_56
https://images.proteinatlas.org/38585/2239_E2_15
https://images.proteinatlas.org/27347/2121_H4_12
https://images.proteinatlas.org/27347/2121_H4_48
https://images.proteinatlas.org/27347/2128_F10_84
https://images.proteinatlas.org/40256/si31_C4_3
https://images.proteinatlas.org/40256/si31_C4_4
https://images.proteinatlas.org/40256/si31_C4_10
https://images.proteinatlas.org/40256/si31_C4_13
https://images.proteinatlas.org/76303/1712_C8_22_cr580502bdb290c
https://images.proteinatlas.org/40256/si31_C6_1
https://images.proteinatlas.org/40256/si31_C6_4
https://images.proteinatlas.org/40256/si31_C6_17
https://images.proteinatlas.org/45208/2212_A8_16
https://images.proteinatlas.org/45208/2212_A8_21
https://images.proteinatlas.org/64218/1753_G10_18_cr57f3d01c31a68
https://images.proteinatlas.org/27347/2167_D7_70
https://images.proteinatlas.org/76729/1702_F3_13_cr57eaabfd3ccaf
https://images.proteinatlas.org/76729/1702_F3_23_cr57eaac04b3e89
https://images.proteinatlas.org/27347/2128_F10_63
https://images.proteinatlas.org/76729/1692_C7_13_cr57d2aa4991a51
https://images.proteinatlas.org/76729/1692_C7_17_cr57d2aa5178689
https://images.proteinatlas.org/9975/si20_E4_3
https://images.proteinatlas.org/9975/si20_E5_2
https://images.proteinatlas.org/9975/si20_E5_3
https://images.proteinatlas.org/9975/si20_E6_2
https://images.proteinatlas.org/9975/si20_E6_4
https://images.proteinatlas.org/40454/1954_E12_45_cr5df8f179c7a18
https://images.proteinatlas.org/40256/si31_C6_6
https://images.proteinatlas.org/40454/1954_E12_48_cr5df8f179c83f7
https://images.proteinatlas.org/61917/2177_H6_99
https://images.proteinatlas.org/61917/2160_F12_12
https://images.proteinatlas.org/61917/2160_F12_48
https://images.proteinatlas.org/76729/1788_A5_1_cr5971d844528b9
https://images.proteinatlas.org/76729/1788_A5_18_cr5971d84453bbf
https://images.proteinatlas.org/41298/2166_D10_36
https://images.proteinatlas.org/9975/si20_E4_2
https://images.proteinatlas.org/41298/2166_D10_48
https://images.proteinatlas.org/51194/1774_C3_4_cr5950f9dddca39
https://images.proteinatlas.org/65273/2160_B5_47
https://images.proteinatlas.org/65273/2160_B5_12
https://images.proteinatlas.org/65273/2147_D5_42
https://images.proteinatlas.org/65273/2147_D5_63
https://images.proteinatlas.org/37540/2239_D9_43
https://images.proteinatlas.org/37540/2239_D9_50
https://images.proteinatlas.org/61917/2177_H6_112
https://images.proteinatlas.org/68616/2168_E6_42
https://images.proteinatlas.org/68616/2168_E6_56
https://images.proteinatlas.org/68616/2121_A6_48
https://images.proteinatlas.org/68616/2134_B2_21
https://images.proteinatlas.org/68616/2134_B2_63
https://images.proteinatlas.org/41298/2201_A12_63
https://images.proteinatlas.org/62905/2168_A9_14
https://images.proteinatlas.org/41298/2201_A12_105
https://images.proteinatlas.org/62905/2168_A9_56
https://images.proteinatlas.org/62905/2123_D6_48
https://images.proteinatlas.org/51194/1774_C3_9_cr5950f9dddcdf8
https://images.proteinatlas.org/62905/2127_F4_84
https://images.proteinatlas.org/62905/2199_F4_6
https://images.proteinatlas.org/15050/2146_D3_21
https://images.proteinatlas.org/15050/2146_D3_84
https://images.proteinatlas.org/71102/1788_D2_20_cr596dfa2c831e9
https://images.proteinatlas.org/71102/1788_D2_30_cr596dfa2c83f93
https://images.proteinatlas.org/19690/1852_C7_16_cr5afd5024b6679
https://images.proteinatlas.org/19690/1852_C7_26_cr5afd5024b669b
https://images.proteinatlas.org/68616/2121_A6_12
https://images.proteinatlas.org/47168/1891_H17_2_cr5bbdab7777be5
https://images.proteinatlas.org/47168/1891_H17_25_cr5bbdab7777f83
https://images.proteinatlas.org/47443/2185_D8_70
https://images.proteinatlas.org/47443/2179_F11_24
https://images.proteinatlas.org/62905/2123_D6_12
https://images.proteinatlas.org/62905/2127_F4_63
https://images.proteinatlas.org/47443/2179_F11_48
https://images.proteinatlas.org/14245/2176_H2_56
https://images.proteinatlas.org/62905/2199_F4_21
https://images.proteinatlas.org/14245/2201_A4_42
https://images.proteinatlas.org/14245/2166_F3_36
https://images.proteinatlas.org/10093/2177_F10_84
https://images.proteinatlas.org/10093/2177_F10_70
https://images.proteinatlas.org/10093/2132_D8_42
https://images.proteinatlas.org/10093/2132_D8_84
https://images.proteinatlas.org/10093/2209_E8_11
https://images.proteinatlas.org/10093/2209_E8_26
https://images.proteinatlas.org/47443/2185_D8_42
https://images.proteinatlas.org/63596/2169_H4_42
https://images.proteinatlas.org/63596/2169_H4_70
https://images.proteinatlas.org/63596/2161_E4_36
https://images.proteinatlas.org/63596/2133_C3_42
https://images.proteinatlas.org/14245/2176_H2_84
https://images.proteinatlas.org/14245/2166_F3_24
https://images.proteinatlas.org/23430/2175_E9_14
https://images.proteinatlas.org/63596/2133_C3_63
https://images.proteinatlas.org/14245/2201_A4_84
https://images.proteinatlas.org/23430/2127_G7_21
https://images.proteinatlas.org/23430/2120_H9_24
https://images.proteinatlas.org/23430/2209_H4_26
https://images.proteinatlas.org/23430/2209_H4_41
https://images.proteinatlas.org/50214/2175_B12_14
https://images.proteinatlas.org/50214/2175_B12_42
https://images.proteinatlas.org/50214/2178_C6_12
https://images.proteinatlas.org/50214/2178_C6_36
https://images.proteinatlas.org/63596/2161_E4_24
https://images.proteinatlas.org/50214/2201_C5_42
https://images.proteinatlas.org/50214/2201_C5_22
https://images.proteinatlas.org/50214/fp15_E3_2
https://images.proteinatlas.org/50214/2212_H8_21
https://images.proteinatlas.org/50214/fp15_B3_1
https://images.proteinatlas.org/23430/2175_E9_29
https://images.proteinatlas.org/50214/fp15_E3_3
https://images.proteinatlas.org/23430/2120_H9_12
https://images.proteinatlas.org/50214/fp15_B3_3
https://images.proteinatlas.org/36285/2176_G5_67
https://images.proteinatlas.org/23430/2127_G7_42
https://images.proteinatlas.org/36285/2152_A2_24
https://images.proteinatlas.org/36285/2146_D9_42
https://images.proteinatlas.org/35365/si30_A2_2
https://images.proteinatlas.org/35365/si30_A2_4
https://images.proteinatlas.org/35365/si30_A3_4
https://images.proteinatlas.org/35365/si30_A3_3
https://images.proteinatlas.org/39189/2176_G6_56
https://images.proteinatlas.org/39189/2176_G6_42
https://images.proteinatlas.org/50214/2212_H8_1
https://images.proteinatlas.org/39189/2152_D4_36
https://images.proteinatlas.org/39189/2152_D4_48
https://images.proteinatlas.org/39189/2146_B8_64
https://images.proteinatlas.org/40199/1774_F5_7_cr5951038ddf32a
https://images.proteinatlas.org/36285/2176_G5_42
https://images.proteinatlas.org/36285/2152_A2_12
https://images.proteinatlas.org/40199/1774_F5_22_cr5951038ddf33f
https://images.proteinatlas.org/1860/2191_D4_24
https://images.proteinatlas.org/36285/2146_D9_84
https://images.proteinatlas.org/1860/2209_F12_21
https://images.proteinatlas.org/70567/1933_H11_7_cr5d10c7e6ccd8a
https://images.proteinatlas.org/39975/2185_E4_14
https://images.proteinatlas.org/39975/2185_E4_70
https://images.proteinatlas.org/39975/2153_F7_12
https://images.proteinatlas.org/39975/2153_F7_24
https://images.proteinatlas.org/39975/2148_B6_42
https://images.proteinatlas.org/39975/2148_B6_84
https://images.proteinatlas.org/39189/2146_B8_21
https://images.proteinatlas.org/39975/2238_D9_36
https://images.proteinatlas.org/39975/2238_D9_8
https://images.proteinatlas.org/50215/2161_E6_36
https://images.proteinatlas.org/50215/2149_C2_63
https://images.proteinatlas.org/1860/2191_D4_60
https://images.proteinatlas.org/1860/2209_F12_16
https://images.proteinatlas.org/50215/2149_C2_84
https://images.proteinatlas.org/4911/si19_H10_3
https://images.proteinatlas.org/4911/si19_H12_3
https://images.proteinatlas.org/4911/si19_H12_4
https://images.proteinatlas.org/70567/1933_H11_17_cr5d10c7e6cd561
https://images.proteinatlas.org/4911/si19_H12_7
https://images.proteinatlas.org/35769/1752_D8_8_cr5804e7be15de8
https://images.proteinatlas.org/4729/2120_G3_23
https://images.proteinatlas.org/4729/2120_G3_48
https://images.proteinatlas.org/4729/2127_B11_21
https://images.proteinatlas.org/4729/2127_B11_63
https://images.proteinatlas.org/50215/2161_E6_24
https://images.proteinatlas.org/5665/2169_C7_14
https://images.proteinatlas.org/5665/2169_C7_56
https://images.proteinatlas.org/5665/2151_F7_48
https://images.proteinatlas.org/5665/2134_F5_22
https://images.proteinatlas.org/4911/si19_H10_4
https://images.proteinatlas.org/4911/si19_H10_7
https://images.proteinatlas.org/5665/2134_F5_42
https://images.proteinatlas.org/5665/2200_E8_11
https://images.proteinatlas.org/11110/fp14_G10_3
https://images.proteinatlas.org/11110/fp14_G10_2
https://images.proteinatlas.org/35769/1752_D8_18_cr5804e7c779268
https://images.proteinatlas.org/11110/fp14_D10_1
https://images.proteinatlas.org/11110/fp14_D10_2
https://images.proteinatlas.org/74370/2204_H9_11
https://images.proteinatlas.org/60374/2205_H1_21
https://images.proteinatlas.org/51170/2211_B4_21
https://images.proteinatlas.org/74370/2204_H9_21
https://images.proteinatlas.org/51170/2211_B4_26
https://images.proteinatlas.org/51386/2179_F9_12
https://images.proteinatlas.org/5665/2151_F7_24
https://images.proteinatlas.org/51386/2179_F9_60
https://images.proteinatlas.org/51386/2206_C11_21
https://images.proteinatlas.org/58432/2215_B6_1
https://images.proteinatlas.org/58432/2215_B6_31
https://images.proteinatlas.org/5665/2200_E8_31
https://images.proteinatlas.org/11110/1957_F9_13_cr5da423f2c9e28
https://images.proteinatlas.org/58432/fp21_E10_1
https://images.proteinatlas.org/58432/fp21_E10_2
https://images.proteinatlas.org/60374/2205_H1_6
https://images.proteinatlas.org/1379/2185_C6_28
https://images.proteinatlas.org/1379/2185_C6_42
https://images.proteinatlas.org/1379/2148_A12_63
https://images.proteinatlas.org/51403/1753_A5_13_cr57f3dc285beba
https://images.proteinatlas.org/51403/1753_A5_18_cr57f3dc3177972
https://images.proteinatlas.org/12530/2241_D6_28
https://images.proteinatlas.org/12530/2241_D6_56
https://images.proteinatlas.org/12530/2232_A5_12
https://images.proteinatlas.org/51386/2206_C11_43
https://images.proteinatlas.org/12530/2232_A5_60
https://images.proteinatlas.org/12530/2234_H4_21
https://images.proteinatlas.org/38841/2148_B2_21
https://images.proteinatlas.org/38841/2148_B2_42
https://images.proteinatlas.org/58432/fp21_B10_1
https://images.proteinatlas.org/58432/fp21_B10_4
https://images.proteinatlas.org/38841/2209_A2_6
https://images.proteinatlas.org/38841/2209_A2_36
https://images.proteinatlas.org/38638/2167_F6_28
https://images.proteinatlas.org/38638/2167_F6_42
https://images.proteinatlas.org/1379/2148_A12_21
https://images.proteinatlas.org/38638/2121_C2_25
https://images.proteinatlas.org/38638/2121_C2_36
https://images.proteinatlas.org/38638/2127_E7_63
https://images.proteinatlas.org/38638/2209_H2_21
https://images.proteinatlas.org/38638/2209_H2_26
https://images.proteinatlas.org/75616/1986_D7_7_cr5e5e678d72e96
https://images.proteinatlas.org/75616/1986_D7_12_cr5e5e678d73679
https://images.proteinatlas.org/12530/2234_H4_42
https://images.proteinatlas.org/57573/1718_E11_8_cr580cfad16b950
https://images.proteinatlas.org/57573/1718_E11_18_cr57f3d23a33bf2
https://images.proteinatlas.org/57573/1741_E7_18_cr580cfa63a1541
https://images.proteinatlas.org/57573/2161_A8_24
https://images.proteinatlas.org/40149/1718_E10_13_cr5bbc950eca481
https://images.proteinatlas.org/57573/2161_A8_36
https://images.proteinatlas.org/40149/1718_E10_18_cr57f3dc35bef2f
https://images.proteinatlas.org/57573/2147_F2_21
https://images.proteinatlas.org/57573/2199_H7_11
https://images.proteinatlas.org/38638/2127_E7_42
https://images.proteinatlas.org/6780/1867_E8_8_cr5b6b06887cadd
https://images.proteinatlas.org/6780/1867_E8_19_cr5b6b06887cb59
https://images.proteinatlas.org/6780/2169_A11_56
https://images.proteinatlas.org/6780/2151_A10_36
https://images.proteinatlas.org/6780/2151_A10_48
https://images.proteinatlas.org/6780/2135_C9_21
https://images.proteinatlas.org/6780/2135_C9_63
https://images.proteinatlas.org/76273/1744_B6_9_cr580c7ec2a8939
https://images.proteinatlas.org/57573/1741_E7_8_cr580600b1c50ce
https://images.proteinatlas.org/76273/1744_B6_23_cr580c7ecd0bf84
https://images.proteinatlas.org/76273/1740_B6_3_cr57fcf6bd27445
https://images.proteinatlas.org/38710/2183_A12_15
https://images.proteinatlas.org/38710/2183_A12_13
https://images.proteinatlas.org/57573/2147_F2_84
https://images.proteinatlas.org/57573/2199_H7_21
https://images.proteinatlas.org/38710/2199_C12_31
https://images.proteinatlas.org/38710/2199_C12_41
https://images.proteinatlas.org/6780/2169_A11_42
https://images.proteinatlas.org/69293/2177_F5_28
https://images.proteinatlas.org/69293/2177_F5_42
https://images.proteinatlas.org/69293/2160_D11_24
https://images.proteinatlas.org/69293/2134_B10_21
https://images.proteinatlas.org/69293/2134_B10_63
https://images.proteinatlas.org/3207/1916_E1_15_cr5c99e09614142
https://images.proteinatlas.org/3207/1916_E1_20_cr5c99e09614f47
https://images.proteinatlas.org/53182/2183_A7_84
https://images.proteinatlas.org/76273/1740_B6_23_cr57fcf6c62a021
https://images.proteinatlas.org/53182/2183_A7_98
https://images.proteinatlas.org/53182/2232_G5_42
https://images.proteinatlas.org/53182/2234_F6_21
https://images.proteinatlas.org/53182/2234_F6_84
https://images.proteinatlas.org/38218/2131_B8_21
https://images.proteinatlas.org/1580/1745_D10_3_cr5806153db0fcf
https://images.proteinatlas.org/38218/2131_B8_64
https://images.proteinatlas.org/1580/1745_D10_18_cr58061546bd8c1
https://images.proteinatlas.org/1580/1736_D10_18_cr5805e97fcefba
https://images.proteinatlas.org/69293/2160_D11_12
https://images.proteinatlas.org/41177/2216_C8_41
https://images.proteinatlas.org/72351/1797_C5_33_cr59db5c6b9a697
https://images.proteinatlas.org/72351/1893_N9_13_cr5bc06c2f1b41b
https://images.proteinatlas.org/72351/1893_N9_18_cr5bc06c2f1b419
https://images.proteinatlas.org/3543/2238_C11_1
https://images.proteinatlas.org/3543/2238_C11_15
https://images.proteinatlas.org/15583/1877_F11_8_cr5b7412e216be0
https://images.proteinatlas.org/15583/1877_F11_26_cr5b7412e217ca6
https://images.proteinatlas.org/53182/2232_G5_56
https://images.proteinatlas.org/40260/2216_G10_1
https://images.proteinatlas.org/40260/2216_G10_36
https://images.proteinatlas.org/10116/1985_F7_28_cr5e57a7d36d821
https://images.proteinatlas.org/46253/2185_G8_14
https://images.proteinatlas.org/1580/1736_D10_12_cr5805e976aa005
https://images.proteinatlas.org/41177/2216_C8_1
https://images.proteinatlas.org/46253/2185_G8_56
https://images.proteinatlas.org/46253/2186_G7_12
https://images.proteinatlas.org/41790/2210_D12_84
https://images.proteinatlas.org/72351/1797_C5_54_cr59db5c6b9a0fd
https://images.proteinatlas.org/41790/2186_F9_12
https://images.proteinatlas.org/41790/2186_F9_48
https://images.proteinatlas.org/41790/2201_D11_42
https://images.proteinatlas.org/71716/1683_B10_2_cr58051fc954dae
https://images.proteinatlas.org/71716/1683_B10_11_cr58051fd2a58c9
https://images.proteinatlas.org/4822/1986_C9_10_cr5e5e604371ba2
https://images.proteinatlas.org/4822/1986_C9_24_cr5e5e604374495
https://images.proteinatlas.org/4822/1891_C4_1_cr5ba0ab8fbb9cc
https://images.proteinatlas.org/10116/1985_F7_2_cr5e57a7d36c740
https://images.proteinatlas.org/4822/1891_C4_17_cr5ba0ab8fbc14c
https://images.proteinatlas.org/4822/2167_F3_42
https://images.proteinatlas.org/4822/2121_A10_48
https://images.proteinatlas.org/46253/2186_G7_48
https://images.proteinatlas.org/4822/2128_B8_1
https://images.proteinatlas.org/41790/2210_D12_14
https://images.proteinatlas.org/4822/2128_B8_23
https://images.proteinatlas.org/39934/1777_E1_22_cr59632a756dca3
https://images.proteinatlas.org/39418/2124_F11_48
https://images.proteinatlas.org/41790/2201_D11_21
https://images.proteinatlas.org/39418/2199_H4_6
https://images.proteinatlas.org/39418/2199_H4_41
https://images.proteinatlas.org/40474/2237_E8_57
https://images.proteinatlas.org/14699/2230_G5_21
https://images.proteinatlas.org/14699/2230_G5_41
https://images.proteinatlas.org/78482/1759_B5_3_cr594b6f24d60be
https://images.proteinatlas.org/78482/1759_B5_27_cr594b6f2cefb3f
https://images.proteinatlas.org/4822/2121_A10_12
https://images.proteinatlas.org/40379/fp12_F7_1
https://images.proteinatlas.org/40379/fp12_F7_2
https://images.proteinatlas.org/40379/fp12_C7_2
https://images.proteinatlas.org/5999/2238_D3_15
https://images.proteinatlas.org/39934/1777_E1_7_cr59632a756d511
https://images.proteinatlas.org/5999/2238_D3_57
https://images.proteinatlas.org/39418/2124_F11_36
https://images.proteinatlas.org/77877/1767_C8_12_cr594ba8fa8207a
https://images.proteinatlas.org/77877/1692_F7_3_cr57d2a7ee1f575
https://images.proteinatlas.org/40474/2237_E8_22
https://images.proteinatlas.org/41128/2204_H6_16
https://images.proteinatlas.org/41128/2204_H6_36
https://images.proteinatlas.org/63649/2191_C12_36
https://images.proteinatlas.org/63649/2206_A12_84
https://images.proteinatlas.org/63649/2206_A12_105
https://images.proteinatlas.org/75891/1890_M12_35_cr5ba4cfed738f5
https://images.proteinatlas.org/75891/1890_M12_36_cr5ba4cfed74524
https://images.proteinatlas.org/73447/2186_F7_13
https://images.proteinatlas.org/40379/fp12_C7_1
https://images.proteinatlas.org/73447/2186_F7_60
https://images.proteinatlas.org/52474/1723_B3_3_cr57ea9bc0df5dd
https://images.proteinatlas.org/52474/2169_C11_42
https://images.proteinatlas.org/52474/2161_E10_24
https://images.proteinatlas.org/77877/1767_C8_17_cr594ba8fa825fa
https://images.proteinatlas.org/77877/1692_F7_8_cr57d2a7f616af1
https://images.proteinatlas.org/52474/2161_E10_37
https://images.proteinatlas.org/52474/2147_G9_63
https://images.proteinatlas.org/63649/2191_C12_24
https://images.proteinatlas.org/49136/1700_D1_1_cr57eabe30e23ab
https://images.proteinatlas.org/49136/1700_D1_6_cr57eabe38dc10a
https://images.proteinatlas.org/49136/1747_D2_19_cr58062df83c0a4
https://images.proteinatlas.org/49136/2166_A5_12
https://images.proteinatlas.org/49136/2166_A5_24
https://images.proteinatlas.org/41311/2185_B9_14
https://images.proteinatlas.org/41311/2185_B9_43
https://images.proteinatlas.org/41311/2121_C12_24
https://images.proteinatlas.org/52474/1723_B3_28_cr57ea9bc8abfe9
https://images.proteinatlas.org/41311/2121_C12_48
https://images.proteinatlas.org/41311/2132_B4_21
https://images.proteinatlas.org/41311/2229_G6_6
https://images.proteinatlas.org/41311/2229_G6_26
https://images.proteinatlas.org/52474/2147_G9_84
https://images.proteinatlas.org/12624/1864_D1_18_cr5afd67eb28481
https://images.proteinatlas.org/29290/2176_E1_28
https://images.proteinatlas.org/29290/2166_G1_12
https://images.proteinatlas.org/49136/1747_D2_1_cr58062de4d3615
https://images.proteinatlas.org/29290/2201_A2_42
https://images.proteinatlas.org/11878/2043_A10_14_cr6094ed969e112
https://images.proteinatlas.org/23103/2233_F11_15
https://images.proteinatlas.org/23103/2233_F11_29
https://images.proteinatlas.org/2969/1787_H4_7_cr5968c4f251dc0
https://images.proteinatlas.org/2969/1787_H4_24_cr5968c4f252599
https://images.proteinatlas.org/74893/2171_B11_14
https://images.proteinatlas.org/74893/2171_B11_84
https://images.proteinatlas.org/41311/2132_B4_63
https://images.proteinatlas.org/74893/2121_D9_25
https://images.proteinatlas.org/74893/2121_D9_48
https://images.proteinatlas.org/74893/2134_F2_84
https://images.proteinatlas.org/23633/2237_B9_1
https://images.proteinatlas.org/29290/2166_G1_36
https://images.proteinatlas.org/23633/2237_B9_50
https://images.proteinatlas.org/12897/2205_E8_36
https://images.proteinatlas.org/29290/2201_A2_21
https://images.proteinatlas.org/4479/2200_F6_6
https://images.proteinatlas.org/4479/2200_F6_41
https://images.proteinatlas.org/11878/2043_A10_19_cr6094ed969e5f9
https://images.proteinatlas.org/75177/1872_D9_26_cr5b518a1f00b62
https://images.proteinatlas.org/75177/2134_C11_21
https://images.proteinatlas.org/22974/2150_D8_12
https://images.proteinatlas.org/22974/2150_D8_36
https://images.proteinatlas.org/22974/2145_D7_58
https://images.proteinatlas.org/22974/2145_D7_21
https://images.proteinatlas.org/22974/2211_A12_26
https://images.proteinatlas.org/74893/2134_F2_42
https://images.proteinatlas.org/22974/2211_A12_41
https://images.proteinatlas.org/70888/2177_H9_84
https://images.proteinatlas.org/70888/2160_A1_12
https://images.proteinatlas.org/70888/2160_A1_24
https://images.proteinatlas.org/70888/2147_B6_43
https://images.proteinatlas.org/12897/2205_E8_41
https://images.proteinatlas.org/75177/1872_D9_14_cr5b518a1ef2a98
https://images.proteinatlas.org/70888/2147_B6_84
https://images.proteinatlas.org/70888/2240_D5_1
https://images.proteinatlas.org/75177/2134_C11_63
https://images.proteinatlas.org/31462/fp22_E10_3
https://images.proteinatlas.org/31462/fp22_B10_1
https://images.proteinatlas.org/24019/2169_G6_15
https://images.proteinatlas.org/24019/2169_G6_42
https://images.proteinatlas.org/24019/2165_B5_12
https://images.proteinatlas.org/24019/2165_B5_61
https://images.proteinatlas.org/24019/2129_F2_43
https://images.proteinatlas.org/24019/2129_F2_65
https://images.proteinatlas.org/70888/2177_H9_98
https://images.proteinatlas.org/24019/2240_B6_8
https://images.proteinatlas.org/24019/2240_B6_29
https://images.proteinatlas.org/12021/fp8_F11_2
https://images.proteinatlas.org/12021/fp8_C11_2
https://images.proteinatlas.org/70888/2240_D5_43
https://images.proteinatlas.org/12021/fp8_C11_5
https://images.proteinatlas.org/31462/fp22_E10_1
https://images.proteinatlas.org/7461/2168_E7_29
https://images.proteinatlas.org/7461/2151_G3_12
https://images.proteinatlas.org/31462/fp22_B10_4
https://images.proteinatlas.org/7461/2206_G6_36
https://images.proteinatlas.org/7461/2206_G6_63
https://images.proteinatlas.org/19154/2167_A6_42
https://images.proteinatlas.org/19154/2120_B8_36
https://images.proteinatlas.org/19154/2120_B8_48
https://images.proteinatlas.org/19154/2132_C5_21
https://images.proteinatlas.org/19154/2132_C5_84
https://images.proteinatlas.org/12021/fp8_F11_1
https://images.proteinatlas.org/47976/1717_E2_8_cr57f4f213f4077
https://images.proteinatlas.org/47976/1717_E2_23_cr57f4f22680687
https://images.proteinatlas.org/40711/1797_D7_50_cr59dc7fcae7289
https://images.proteinatlas.org/56335/2200_G1_6
https://images.proteinatlas.org/7461/2168_E7_70
https://images.proteinatlas.org/56335/2200_G1_31
https://images.proteinatlas.org/13808/1934_H8_25_cr5d1ca4f8cd1ca
https://images.proteinatlas.org/7461/2151_G3_36
https://images.proteinatlas.org/71902/1743_B9_8_cr57ff7a03266fd
https://images.proteinatlas.org/71902/1743_B9_13_cr57ff7a0caf357
https://images.proteinatlas.org/19154/2167_A6_28
https://images.proteinatlas.org/30047/1921_G2_11_cr5cac796db65c1
https://images.proteinatlas.org/43995/1977_B5_37_cr5e5687d60d6f8
https://images.proteinatlas.org/21485/si17_H10_3
https://images.proteinatlas.org/21485/si17_H11_2
https://images.proteinatlas.org/40711/1797_D7_33_cr59dc7fcae69b6
https://images.proteinatlas.org/21485/si17_H10_2
https://images.proteinatlas.org/21485/si17_H11_3
https://images.proteinatlas.org/21485/si17_H12_3
https://images.proteinatlas.org/27232/1923_F5_1_cr5cd3dfe5714c3
https://images.proteinatlas.org/27232/1923_F5_26_cr5cd3dfe5718ac
https://images.proteinatlas.org/1401/fp22_E9_1
https://images.proteinatlas.org/13808/1934_H8_29_cr5d1ca4f8cdb5a
https://images.proteinatlas.org/1401/fp22_E9_3
https://images.proteinatlas.org/1401/fp22_B9_4
https://images.proteinatlas.org/43995/1977_B5_53_cr5e5687d60dd8e
https://images.proteinatlas.org/30047/1921_G2_6_cr5cac796db65ce
https://images.proteinatlas.org/78064/1718_A10_8_cr57f3ebef59f08
https://images.proteinatlas.org/78064/1718_A10_13_cr57f3ebf8ac0a0
https://images.proteinatlas.org/55234/1737_D8_13_cr5806548119686
https://images.proteinatlas.org/55234/1737_D8_18_cr5806548a84e5f
https://images.proteinatlas.org/1462/2179_H8_12
https://images.proteinatlas.org/1462/2179_H8_60
https://images.proteinatlas.org/2891/2167_A7_42
https://images.proteinatlas.org/21485/si17_H12_2
https://images.proteinatlas.org/2891/2167_A7_70
https://images.proteinatlas.org/2891/2124_E2_24
https://images.proteinatlas.org/2891/2128_C10_44
https://images.proteinatlas.org/2891/2128_C10_64
https://images.proteinatlas.org/2891/2200_E10_1
https://images.proteinatlas.org/1401/fp22_B9_8
https://images.proteinatlas.org/2891/2200_E10_11
https://images.proteinatlas.org/62030/1743_B8_3_cr57ff7ec6de117
https://images.proteinatlas.org/55234/1712_D12_9_cr5804a2f3a5814
https://images.proteinatlas.org/55234/1712_D12_27_cr5804a2fd482ec
https://images.proteinatlas.org/43552/fp17_F2_1
https://images.proteinatlas.org/43552/fp17_F2_2
https://images.proteinatlas.org/43099/2171_D9_85
https://images.proteinatlas.org/43464/si2_D4_2
https://images.proteinatlas.org/43464/si2_D4_3
https://images.proteinatlas.org/43464/si2_D4_7
https://images.proteinatlas.org/43464/si2_D5_1
https://images.proteinatlas.org/43464/si2_D5_3
https://images.proteinatlas.org/2891/2124_E2_48
https://images.proteinatlas.org/43464/si2_D5_5
https://images.proteinatlas.org/43464/si2_D6_2
https://images.proteinatlas.org/62958/1767_H11_1_cr594bac8e62e83
https://images.proteinatlas.org/43464/si2_D6_5
https://images.proteinatlas.org/62030/1743_B8_23_cr57ff7ed00fda1
https://images.proteinatlas.org/62958/1767_H11_14_cr594bac8e63603
https://images.proteinatlas.org/17327/1717_C11_13_cr57f4f3933d450
https://images.proteinatlas.org/43552/fp17_C2_2
https://images.proteinatlas.org/43552/fp17_C2_4
https://images.proteinatlas.org/17327/2150_B6_36
https://images.proteinatlas.org/17327/2150_B6_48
https://images.proteinatlas.org/20559/si29_H4_1
https://images.proteinatlas.org/20559/si29_H4_3
https://images.proteinatlas.org/20559/si29_H4_5
https://images.proteinatlas.org/20559/si29_H4_18
https://images.proteinatlas.org/20559/si29_H6_1
https://images.proteinatlas.org/43464/si2_D6_4
https://images.proteinatlas.org/20559/si29_H6_2
https://images.proteinatlas.org/20559/si29_H6_8
https://images.proteinatlas.org/71185/2176_H8_15
https://images.proteinatlas.org/71185/2165_A8_13
https://images.proteinatlas.org/71185/2165_A8_36
https://images.proteinatlas.org/71185/2135_D4_21
https://images.proteinatlas.org/17327/1717_C11_16_cr57f4f39cb500f
https://images.proteinatlas.org/71185/2135_D4_42
https://images.proteinatlas.org/71185/2199_H10_16
https://images.proteinatlas.org/17327/2128_E4_22
https://images.proteinatlas.org/17327/2128_E4_64
https://images.proteinatlas.org/29266/si37_A1_1
https://images.proteinatlas.org/29266/si37_A1_2
https://images.proteinatlas.org/29266/si37_A2_1
https://images.proteinatlas.org/29266/si37_A2_2
https://images.proteinatlas.org/29266/si37_A2_9
https://images.proteinatlas.org/29266/si37_A3_1
https://images.proteinatlas.org/29266/si37_A2_10
https://images.proteinatlas.org/20559/si29_H6_9
https://images.proteinatlas.org/29266/si37_A3_3
https://images.proteinatlas.org/29266/si37_A3_11
https://images.proteinatlas.org/76657/1850_B1_20_cr5af196db8e39d
https://images.proteinatlas.org/76657/1850_B1_24_cr5af196db8e2b1
https://images.proteinatlas.org/71185/2199_H10_41
https://images.proteinatlas.org/13952/2146_G8_63
https://images.proteinatlas.org/13952/2146_G8_42
https://images.proteinatlas.org/29266/si37_A1_10
https://images.proteinatlas.org/29266/si37_A1_11
https://images.proteinatlas.org/72047/2169_B6_14
https://images.proteinatlas.org/64008/1749_F7_27_cr5804c697a6290
https://images.proteinatlas.org/72047/2128_G8_21
https://images.proteinatlas.org/72047/2232_C3_60
https://images.proteinatlas.org/12815/1864_E3_22_cr5afd7c3eba476
https://images.proteinatlas.org/72047/2128_G8_84
https://images.proteinatlas.org/65548/1723_C11_3_cr57ea99bd7cc7c
https://images.proteinatlas.org/12815/1864_E3_26_cr5afd7c3eba78d
https://images.proteinatlas.org/29266/si37_A3_12
https://images.proteinatlas.org/10775/1715_A1_3_cr57fd0422d62d2
https://images.proteinatlas.org/65548/1723_C11_18_cr57ea99c4c0475
https://images.proteinatlas.org/50546/si21_D1_4
https://images.proteinatlas.org/50546/si21_D1_1
https://images.proteinatlas.org/50546/si21_D3_4
https://images.proteinatlas.org/64008/1749_F7_18_cr5804c68dbd72d
https://images.proteinatlas.org/50546/si21_D3_1
https://images.proteinatlas.org/8220/1984_H10_25_cr5e5cdcb8d98c3
https://images.proteinatlas.org/72047/2169_B6_42
https://images.proteinatlas.org/72047/2232_C3_48
https://images.proteinatlas.org/23948/1732_B11_13_cr58060c21dee4d
https://images.proteinatlas.org/23948/fp21_D1_2
https://images.proteinatlas.org/23948/1732_B11_18_cr58060c2b5aa5e
https://images.proteinatlas.org/23948/fp21_D1_3
https://images.proteinatlas.org/6800/si25_G1_1
https://images.proteinatlas.org/6800/si25_G1_3
https://images.proteinatlas.org/6800/si25_G1_5
https://images.proteinatlas.org/10775/1715_A1_17_cr57fd042b67c46
https://images.proteinatlas.org/6800/si25_G3_1
https://images.proteinatlas.org/6800/si25_G1_15
https://images.proteinatlas.org/6800/si25_G3_17
https://images.proteinatlas.org/6800/si25_G3_18
https://images.proteinatlas.org/72016/1872_E3_7_cr5b50524d8657a
https://images.proteinatlas.org/72016/1872_E3_27_cr5b50524d86a86
https://images.proteinatlas.org/8220/1984_H10_29_cr5e5cdcb8d9eb7
https://images.proteinatlas.org/72016/1925_E9_1_cr5cd561ee955f5
https://images.proteinatlas.org/72016/1925_E9_7_cr5cd561ee95db1
https://images.proteinatlas.org/23948/fp21_G1_1
https://images.proteinatlas.org/23948/fp21_G1_2
https://images.proteinatlas.org/61103/1876_G2_29_cr5b6d6900caba1
https://images.proteinatlas.org/17015/si30_G1_1
https://images.proteinatlas.org/17015/si30_G1_10
https://images.proteinatlas.org/17015/si30_G2_1
https://images.proteinatlas.org/17015/si30_G2_4
https://images.proteinatlas.org/17015/si30_G2_11
https://images.proteinatlas.org/6800/si25_G3_2
https://images.proteinatlas.org/17015/si30_G2_18
https://images.proteinatlas.org/17015/si30_G3_1
https://images.proteinatlas.org/17015/si30_G3_14
https://images.proteinatlas.org/17015/si30_G3_17
https://images.proteinatlas.org/42151/2169_C4_42
https://images.proteinatlas.org/42151/2169_C4_70
https://images.proteinatlas.org/61103/1876_G2_5_cr5b6d6900ca4a1
https://images.proteinatlas.org/42151/2121_C10_24
https://images.proteinatlas.org/42151/2121_C10_36
https://images.proteinatlas.org/17015/si30_G1_2
https://images.proteinatlas.org/17015/si30_G1_5
https://images.proteinatlas.org/42151/2129_C7_84
https://images.proteinatlas.org/76422/1743_B2_3_cr57fe1ccc74cc4
https://images.proteinatlas.org/76422/1769_G8_8_cr5950ec06e244d
https://images.proteinatlas.org/76422/1694_G2_3_cr57ceae0c7ad08
https://images.proteinatlas.org/71252/1723_H8_3_cr57eaaf913171d
https://images.proteinatlas.org/76422/1694_G2_28_cr57ceae1915249
https://images.proteinatlas.org/71252/1723_H8_8_cr61dc23dc86211
https://images.proteinatlas.org/17015/si30_G3_2
https://images.proteinatlas.org/62236/2186_E5_12
https://images.proteinatlas.org/62236/2186_E5_72
https://images.proteinatlas.org/62236/si26_C7_4
https://images.proteinatlas.org/62236/si26_C7_5
https://images.proteinatlas.org/62236/si26_C7_15
https://images.proteinatlas.org/42151/2129_C7_41
https://images.proteinatlas.org/62236/si26_C8_1
https://images.proteinatlas.org/62236/si26_C8_3
https://images.proteinatlas.org/76422/1743_B2_23_cr57fe1ce1a38e3
https://images.proteinatlas.org/76422/1769_G8_3_cr5950ec06e199e
https://images.proteinatlas.org/62236/si26_C8_10
https://images.proteinatlas.org/62236/si26_C9_1
https://images.proteinatlas.org/62236/si26_C9_12
https://images.proteinatlas.org/34652/2186_B4_36
https://images.proteinatlas.org/34652/2186_B4_60
https://images.proteinatlas.org/34652/2201_B5_21
https://images.proteinatlas.org/34652/2201_B5_43
https://images.proteinatlas.org/62236/si26_C7_1
https://images.proteinatlas.org/67912/2166_H9_24
https://images.proteinatlas.org/67912/2166_H9_48
https://images.proteinatlas.org/36688/2167_C10_70
https://images.proteinatlas.org/36688/2121_A2_12
https://images.proteinatlas.org/36688/2121_A2_36
https://images.proteinatlas.org/36688/2132_D9_21
https://images.proteinatlas.org/62236/si26_C8_9
https://images.proteinatlas.org/36688/2132_D9_84
https://images.proteinatlas.org/36688/2237_G10_8
https://images.proteinatlas.org/62236/si26_C9_2
https://images.proteinatlas.org/62236/si26_C9_11
https://images.proteinatlas.org/41344/2209_C9_6
https://images.proteinatlas.org/41344/2209_C9_26
https://images.proteinatlas.org/44144/2133_F3_42
https://images.proteinatlas.org/44144/2133_F3_63
https://images.proteinatlas.org/44144/2238_B5_8
https://images.proteinatlas.org/44144/2238_B5_29
https://images.proteinatlas.org/36688/2167_C10_28
https://images.proteinatlas.org/35048/2178_F5_24
https://images.proteinatlas.org/35048/2178_F5_48
https://images.proteinatlas.org/29321/2178_G11_48
https://images.proteinatlas.org/34546/2152_F10_24
https://images.proteinatlas.org/34546/2152_F10_36
https://images.proteinatlas.org/34546/2147_D10_22
https://images.proteinatlas.org/36688/2237_G10_36
https://images.proteinatlas.org/34546/2147_D10_84
https://images.proteinatlas.org/21052/1717_C4_17_cr57f506732eae4
https://images.proteinatlas.org/44144/2153_F6_12
https://images.proteinatlas.org/44144/2153_F6_36
https://images.proteinatlas.org/42642/2169_F11_14
https://images.proteinatlas.org/42642/2169_F11_57
https://images.proteinatlas.org/42642/2135_G2_21
https://images.proteinatlas.org/42642/2135_G2_42
https://images.proteinatlas.org/42642/2209_G5_11
https://images.proteinatlas.org/42642/2209_G5_36
https://images.proteinatlas.org/49378/2205_C2_21
https://images.proteinatlas.org/49378/2205_C2_26
https://images.proteinatlas.org/29321/2178_G11_24
https://images.proteinatlas.org/78664/1750_C7_8_cr57fb835d08b16
https://images.proteinatlas.org/78664/1750_C7_18_cr57fb8365be763
https://images.proteinatlas.org/78664/1737_E2_13_cr580639817c099
https://images.proteinatlas.org/14205/2238_C8_22
https://images.proteinatlas.org/14205/2238_C8_43
https://images.proteinatlas.org/21052/1717_C4_23_cr57f5067cc8f1d
https://images.proteinatlas.org/7175/1972_B7_5_cr5e16f61401d59
https://images.proteinatlas.org/42642/2152_D10_12
https://images.proteinatlas.org/7175/1972_B7_24_cr5e16f61403b37
https://images.proteinatlas.org/42642/2152_D10_36
https://images.proteinatlas.org/1523/2194_G10_41
https://images.proteinatlas.org/37542/2153_G8_24
https://images.proteinatlas.org/37542/2148_H6_63
https://images.proteinatlas.org/37542/2238_E3_8
https://images.proteinatlas.org/37542/2238_E3_50
https://images.proteinatlas.org/78239/1702_B9_3_cr57eab4e5669ee
https://images.proteinatlas.org/78664/1737_E2_7_cr5806397831190
https://images.proteinatlas.org/78239/1702_B9_14_cr57eab4f6b385f
https://images.proteinatlas.org/78239/1694_H10_13_cr57d697ff81d25
https://images.proteinatlas.org/45531/2183_H10_14
https://images.proteinatlas.org/45531/2183_H10_56
https://images.proteinatlas.org/1523/2194_G10_21
https://images.proteinatlas.org/45531/2178_C10_25
https://images.proteinatlas.org/45531/2178_C10_36
https://images.proteinatlas.org/37542/2153_G8_12
https://images.proteinatlas.org/45531/2201_F9_63
https://images.proteinatlas.org/37542/2148_H6_21
https://images.proteinatlas.org/49354/fp8_E10_1
https://images.proteinatlas.org/49354/fp8_B10_1
https://images.proteinatlas.org/35013/2204_B6_21
https://images.proteinatlas.org/35013/2204_B6_36
https://images.proteinatlas.org/37556/2237_D3_15
https://images.proteinatlas.org/37556/2237_D3_29
https://images.proteinatlas.org/43550/2212_H3_21
https://images.proteinatlas.org/78239/1694_H10_18_cr57d69805a1779
https://images.proteinatlas.org/43550/2212_H3_26
https://images.proteinatlas.org/66081/1736_D11_2_cr5805dba2a5449
https://images.proteinatlas.org/3596/1749_G1_8_cr580497afc9e61
https://images.proteinatlas.org/3596/1749_G1_13_cr580497bac8c32
https://images.proteinatlas.org/11133/2120_B6_12
https://images.proteinatlas.org/45531/2201_F9_23
https://images.proteinatlas.org/11133/2120_B6_24
https://images.proteinatlas.org/11133/2133_B11_21
https://images.proteinatlas.org/49354/fp8_E10_2
https://images.proteinatlas.org/49354/fp8_B10_2
https://images.proteinatlas.org/66841/2008_D12_14_cr5f1a99b83e456
https://images.proteinatlas.org/66841/2008_D12_22_cr5f1a99b83e571
https://images.proteinatlas.org/37475/fp7_E2_1
https://images.proteinatlas.org/37475/fp7_E2_2
https://images.proteinatlas.org/37475/fp7_B2_1
https://images.proteinatlas.org/37475/fp7_B2_2
https://images.proteinatlas.org/35880/1819_B3_4_cr59f3301ba00a9
https://images.proteinatlas.org/66081/1736_D11_13_cr5805dbabc52e7
https://images.proteinatlas.org/35880/1819_B3_16_cr59f3301ba00a1
https://images.proteinatlas.org/49740/1914_D6_27_cr5c877788c353a
https://images.proteinatlas.org/34528/1745_C11_18_cr58060fbb7ac3a
https://images.proteinatlas.org/51785/2171_C12_15
https://images.proteinatlas.org/51785/2171_C12_56
https://images.proteinatlas.org/11133/2133_B11_63
https://images.proteinatlas.org/51785/2160_F10_24
https://images.proteinatlas.org/51785/2160_F10_36
https://images.proteinatlas.org/51785/2234_G12_63
https://images.proteinatlas.org/66841/1754_B8_18_cr57f3e8fcecb93
https://images.proteinatlas.org/66841/1754_B8_22_cr57f3e905cee71
https://images.proteinatlas.org/51785/2217_F2_1
https://images.proteinatlas.org/51785/2217_F2_31
https://images.proteinatlas.org/35845/1743_H9_13_cr57ff90d708801
https://images.proteinatlas.org/35845/1743_H9_18_cr57ff90e0d68b0
https://images.proteinatlas.org/58111/si31_B5_1
https://images.proteinatlas.org/58111/si31_B5_3
https://images.proteinatlas.org/58111/si31_B5_17
https://images.proteinatlas.org/34528/1745_C11_13_cr58060fb231a4b
https://images.proteinatlas.org/58111/si31_B6_2
https://images.proteinatlas.org/58111/si31_B6_3
https://images.proteinatlas.org/66090/fp8_E7_2
https://images.proteinatlas.org/66090/fp8_E7_3
https://images.proteinatlas.org/66090/fp8_B7_2
https://images.proteinatlas.org/51785/2234_G12_42
https://images.proteinatlas.org/66090/fp8_B7_3
https://images.proteinatlas.org/41830/2210_D3_56
https://images.proteinatlas.org/8007/1768_B7_3_cr594bb415b728c
https://images.proteinatlas.org/8007/1768_B7_18_cr594bb415b7987
https://images.proteinatlas.org/41830/2153_B6_13
https://images.proteinatlas.org/41830/2153_B6_48
https://images.proteinatlas.org/41830/2211_D7_6
https://images.proteinatlas.org/41830/2211_D7_16
https://images.proteinatlas.org/61013/1767_D11_13_cr594ba0f290e5b
https://images.proteinatlas.org/61013/1767_D11_5_cr594ba0f290115
https://images.proteinatlas.org/61013/2186_E12_12
https://images.proteinatlas.org/61013/2186_E12_24
https://images.proteinatlas.org/58111/si31_B6_9
https://images.proteinatlas.org/1216/2171_F8_14
https://images.proteinatlas.org/1216/2171_F8_56
https://images.proteinatlas.org/1216/2151_D9_36
https://images.proteinatlas.org/19105/1742_E7_7_cr580496f427b03
https://images.proteinatlas.org/41830/2210_D3_98
https://images.proteinatlas.org/19105/1742_E7_27_cr580496ff23496
https://images.proteinatlas.org/76743/1871_B2_11_cr5b718036a6009
https://images.proteinatlas.org/76743/1934_C5_18_cr5d9708a4ee846
https://images.proteinatlas.org/41830/2148_A5_42
https://images.proteinatlas.org/41830/2148_A5_63
https://images.proteinatlas.org/36393/2210_H3_17
https://images.proteinatlas.org/36393/2210_H3_2
https://images.proteinatlas.org/36393/2201_A3_21
https://images.proteinatlas.org/36393/2201_A3_42
https://images.proteinatlas.org/58426/1788_E4_2_cr5971bd31b446f
https://images.proteinatlas.org/11401/1914_D5_4_cr5daec90c19335
https://images.proteinatlas.org/1216/2151_D9_12
https://images.proteinatlas.org/58426/1788_E4_21_cr5971bd31b5ec6
https://images.proteinatlas.org/11401/1914_D5_29_cr5c877071b4acc
https://images.proteinatlas.org/11401/1972_D7_30_cr5e16f25f4f893
https://images.proteinatlas.org/42338/1683_B6_14_cr580538c42938d
https://images.proteinatlas.org/42338/1683_B6_17_cr580538ccbc004
https://images.proteinatlas.org/76743/1871_B2_18_cr5b718036a634f
https://images.proteinatlas.org/34821/2185_B8_42
https://images.proteinatlas.org/34821/2185_B8_56
https://images.proteinatlas.org/36393/2178_A3_48
https://images.proteinatlas.org/36393/2178_A3_24
https://images.proteinatlas.org/34821/2178_E9_48
https://images.proteinatlas.org/34821/2201_C9_21
https://images.proteinatlas.org/28975/1645_G6_21_cr57c044a35ed38
https://images.proteinatlas.org/15860/1848_C2_15_cr5abb827639837
https://images.proteinatlas.org/15860/1848_C2_21_cr5abb82763a162
https://images.proteinatlas.org/54625/1925_H2_8_cr5cd55a5477ea6
https://images.proteinatlas.org/54625/1942_B11_8_cr5d27121b4fd1d
https://images.proteinatlas.org/54625/1925_H2_28_cr5cd55a54786e9
https://images.proteinatlas.org/11401/1972_D7_7_cr5e16f25f4efc6
https://images.proteinatlas.org/54625/1942_B11_18_cr5d27121b51ea8
https://images.proteinatlas.org/20731/2217_C6_6
https://images.proteinatlas.org/31582/1789_B8_2_cr59c4cee228317
https://images.proteinatlas.org/31582/1789_B8_13_cr59770f7e56d1a
https://images.proteinatlas.org/34821/2178_E9_36
https://images.proteinatlas.org/31582/2204_D11_26
https://images.proteinatlas.org/31582/2204_D11_41
https://images.proteinatlas.org/40606/1775_B3_18_cr595295af1a54d
https://images.proteinatlas.org/34821/2201_C9_63
https://images.proteinatlas.org/28975/1645_G6_19_cr57c0449d6c760
https://images.proteinatlas.org/40606/1775_B3_28_cr595295af1b237
https://images.proteinatlas.org/31739/2195_H9_6
https://images.proteinatlas.org/67502/2200_C10_1
https://images.proteinatlas.org/67502/2200_C10_16
https://images.proteinatlas.org/10550/si35_A2_2
https://images.proteinatlas.org/10550/si35_A2_4
https://images.proteinatlas.org/10550/si35_A2_9
https://images.proteinatlas.org/10550/si35_A3_1
https://images.proteinatlas.org/20731/2217_C6_11
https://images.proteinatlas.org/10550/si35_A3_2
https://images.proteinatlas.org/10550/si35_A3_20
https://images.proteinatlas.org/72701/1760_E4_8_cr594b84ed85169
https://images.proteinatlas.org/50020/2166_G7_12
https://images.proteinatlas.org/77312/1732_B8_13_cr58061ccce0bd8
https://images.proteinatlas.org/50020/2166_G7_48
https://images.proteinatlas.org/77143/1774_A2_2_cr594a78b93b300
https://images.proteinatlas.org/67502/2160_D1_12
https://images.proteinatlas.org/67502/2160_D1_24
https://images.proteinatlas.org/72701/1760_E4_3_cr594b84e510be2
https://images.proteinatlas.org/20397/2123_C8_36
https://images.proteinatlas.org/20397/2123_C8_48
https://images.proteinatlas.org/1424/1898_C2_7_cr5ba372cb0f5c2
https://images.proteinatlas.org/30503/1869_F6_45_cr5b758fbf12202
https://images.proteinatlas.org/77143/1774_A2_8_cr594a78c416714
https://images.proteinatlas.org/30367/2200_H7_26
https://images.proteinatlas.org/30503/1869_F6_47_cr5b758fbf1266f
https://images.proteinatlas.org/65289/1992_A5_39_cr5ed635d574191
https://images.proteinatlas.org/65289/1992_A5_50_cr5ed635d5748b1
https://images.proteinatlas.org/58306/1849_F8_26_cr5afc4067ad206
https://images.proteinatlas.org/58306/1849_F8_5_cr5afc4067ad193
https://images.proteinatlas.org/20397/2131_G6_44
https://images.proteinatlas.org/20397/2131_G6_66
https://images.proteinatlas.org/46641/2176_E7_57
https://images.proteinatlas.org/46641/2176_E7_70
https://images.proteinatlas.org/68462/1872_E1_10_cr5b4f230cb8d3d
https://images.proteinatlas.org/68462/1872_E1_20_cr5d945657c8e77
https://images.proteinatlas.org/1424/1898_C2_5_cr5ba372cb0e202
https://images.proteinatlas.org/2862/1846_A3_13_cr5ab944e55bae3
https://images.proteinatlas.org/2862/1846_A3_30_cr5ab944e55d0ee
https://images.proteinatlas.org/45680/1912_C11_19_cr5c86270ae4b97
https://images.proteinatlas.org/58373/2177_F3_42
https://images.proteinatlas.org/30367/2200_H7_31
https://images.proteinatlas.org/58373/2177_F3_57
https://images.proteinatlas.org/20965/2215_D10_26
https://images.proteinatlas.org/23873/1972_G6_2_cr5e16f656a21de
https://images.proteinatlas.org/23873/1972_G6_13_cr5e16f656a29dd
https://images.proteinatlas.org/10961/2171_E2_28
https://images.proteinatlas.org/10961/2171_E2_56
https://images.proteinatlas.org/28956/2204_A11_6
https://images.proteinatlas.org/65758/1754_B9_17_cr57f4e52016ee0
https://images.proteinatlas.org/28956/2204_A11_41
https://images.proteinatlas.org/65758/1754_B9_28_cr57f4e528b83fe
https://images.proteinatlas.org/65758/2185_B6_42
https://images.proteinatlas.org/65758/2161_F4_24
https://images.proteinatlas.org/65758/2129_C11_21
https://images.proteinatlas.org/65758/2129_C11_42
https://images.proteinatlas.org/45680/1912_C11_2_cr5c86270ae244e
https://images.proteinatlas.org/44347/2200_A9_1
https://images.proteinatlas.org/44347/2200_A9_36
https://images.proteinatlas.org/30443/2153_H11_1
https://images.proteinatlas.org/30443/2148_G9_21
https://images.proteinatlas.org/20965/2215_D10_31
https://images.proteinatlas.org/30443/2148_G9_42
https://images.proteinatlas.org/71849/1702_H10_4_cr57ea9e8059425
https://images.proteinatlas.org/14296/2237_G3_15
https://images.proteinatlas.org/14296/2237_G3_50
https://images.proteinatlas.org/59149/1942_E6_1_cr5dcac782ea2ed
https://images.proteinatlas.org/59149/1942_E6_19_cr5d2c4a0f67319
https://images.proteinatlas.org/65758/2161_F4_12
https://images.proteinatlas.org/65758/2185_B6_28
https://images.proteinatlas.org/51785/2171_C12_15
https://images.proteinatlas.org/51785/2171_C12_56
https://images.proteinatlas.org/51785/2234_G12_42
https://images.proteinatlas.org/51785/2234_G12_63
https://images.proteinatlas.org/30443/2153_H11_13
https://images.proteinatlas.org/51785/2217_F2_1
https://images.proteinatlas.org/51785/2217_F2_31
https://images.proteinatlas.org/7572/1891_H5_16_cr5bac6e7dc0582
https://images.proteinatlas.org/37929/2183_A9_84
https://images.proteinatlas.org/71849/1702_H10_13_cr57ea9e884e033
https://images.proteinatlas.org/37929/2183_A9_98
https://images.proteinatlas.org/6026/2151_G1_24
https://images.proteinatlas.org/6026/2134_F7_21
https://images.proteinatlas.org/6026/2134_F7_63
https://images.proteinatlas.org/40051/2234_E9_21
https://images.proteinatlas.org/40051/2234_E9_63
https://images.proteinatlas.org/51785/2160_F10_24
https://images.proteinatlas.org/40745/2185_A1_49
https://images.proteinatlas.org/51785/2160_F10_36
https://images.proteinatlas.org/40745/2185_A1_84
https://images.proteinatlas.org/40745/2179_B1_25
https://images.proteinatlas.org/40745/2201_B1_126
https://images.proteinatlas.org/7572/1891_H5_5_cr5bac6e7dbf310
https://images.proteinatlas.org/29198/2153_B1_24
https://images.proteinatlas.org/29198/2153_B1_37
https://images.proteinatlas.org/29198/2149_B9_84
https://images.proteinatlas.org/3565/2166_B3_12
https://images.proteinatlas.org/6026/2151_G1_36
https://images.proteinatlas.org/3565/2166_B3_36
https://images.proteinatlas.org/38542/2152_G8_12
https://images.proteinatlas.org/38542/2149_A6_21
https://images.proteinatlas.org/38542/2149_A6_63
https://images.proteinatlas.org/67142/fp23_F1_2
https://images.proteinatlas.org/67142/fp23_F1_5
https://images.proteinatlas.org/40745/2179_B1_12
https://images.proteinatlas.org/67142/fp23_C1_1
https://images.proteinatlas.org/67142/fp23_C1_4
https://images.proteinatlas.org/40745/2201_B1_42
https://images.proteinatlas.org/71758/1745_C2_19_cr58060cb74bec7
https://images.proteinatlas.org/71758/1736_C2_2_cr5805da129b3f8
https://images.proteinatlas.org/42373/2210_F5_28
https://images.proteinatlas.org/29198/2149_B9_63
https://images.proteinatlas.org/42373/2210_F5_98
https://images.proteinatlas.org/42373/2153_E11_12
https://images.proteinatlas.org/42373/2148_C9_21
https://images.proteinatlas.org/42373/2148_C9_42
https://images.proteinatlas.org/38542/2152_G8_24
https://images.proteinatlas.org/42373/2211_B2_26
https://images.proteinatlas.org/42373/2211_B2_31
https://images.proteinatlas.org/28910/2148_A9_84
https://images.proteinatlas.org/72563/1812_D8_3_cr59ef378cddb17
https://images.proteinatlas.org/72563/1812_D8_18_cr59ef378cdf081
https://images.proteinatlas.org/76649/1674_A2_8_cr5812024b83c1a
https://images.proteinatlas.org/71758/1745_C2_14_cr58060cae2aa4d
https://images.proteinatlas.org/76649/1674_A2_18_cr57e27201d20b1
https://images.proteinatlas.org/71758/1736_C2_12_cr5805da1bef5b3
https://images.proteinatlas.org/43182/1916_G2_6_cr5c99eee7e67c6
https://images.proteinatlas.org/43182/2195_H1_11
https://images.proteinatlas.org/43597/1893_F20_11_cr5bbefd8920157
https://images.proteinatlas.org/43597/1893_F20_28_cr5bbefd8920c0f
https://images.proteinatlas.org/42373/2153_E11_25
https://images.proteinatlas.org/67068/1869_B6_5_cr5b758d8d07eb8
https://images.proteinatlas.org/67068/1869_B6_24_cr5b758d8d0811a
https://images.proteinatlas.org/65231/1642_B11_24_cr57bbf7d7222f7
https://images.proteinatlas.org/54038/1918_D2_2_cr5cacaded1a891
https://images.proteinatlas.org/28910/2148_A9_21
https://images.proteinatlas.org/54038/1918_D2_12_cr5cacaded1aca9
https://images.proteinatlas.org/54038/1955_C11_4_cr5dcd0bbc76499
https://images.proteinatlas.org/29460/1942_D9_10_cr5d2c4407c29bd
https://images.proteinatlas.org/29460/1942_D9_24_cr5dde2be39b58e
https://images.proteinatlas.org/26910/1712_D7_3_cr580511849a647
https://images.proteinatlas.org/26910/1712_D7_13_cr58051196cd883
https://images.proteinatlas.org/43182/1916_G2_11_cr5c99eee7e7231
https://images.proteinatlas.org/76441/1707_A7_8_cr57eab8fc2248c
https://images.proteinatlas.org/43182/2195_H1_26
https://images.proteinatlas.org/76441/1707_A7_27_cr57eab90beb106
https://images.proteinatlas.org/76441/1695_B8_28_cr57e101a22dfb3
https://images.proteinatlas.org/38489/2186_F3_24
https://images.proteinatlas.org/65231/1642_B11_1_cr57bbf7cf94adc
https://images.proteinatlas.org/38489/2186_F3_48
https://images.proteinatlas.org/68333/1984_C11_4_cr5e5903e44d642
https://images.proteinatlas.org/68333/1899_G12_6_cr5e7244cec1b52
https://images.proteinatlas.org/68333/1899_G12_29_cr5e7244cec2c16
https://images.proteinatlas.org/54038/1955_C11_29_cr5dcd0bbc76bc1
https://images.proteinatlas.org/30791/2183_E3_28
https://images.proteinatlas.org/30791/2183_E3_56
https://images.proteinatlas.org/30791/2217_E4_11
https://images.proteinatlas.org/15865/1847_C10_42_cr5abb48a309a8f
https://images.proteinatlas.org/15865/1847_C10_53_cr5abb48a30aa2e
https://images.proteinatlas.org/41002/2199_E6_11
https://images.proteinatlas.org/76441/1695_B8_18_cr57e1019a17eee
https://images.proteinatlas.org/41002/2199_E6_36
https://images.proteinatlas.org/28727/1769_G9_13_cr5950d1617ffc0
https://images.proteinatlas.org/38489/2175_F11_14
https://images.proteinatlas.org/28727/1737_A2_13_cr580630fa78ee5
https://images.proteinatlas.org/28727/1737_A2_18_cr58063103c616a
https://images.proteinatlas.org/68333/1984_C11_6_cr5e5903e44ea50
https://images.proteinatlas.org/2238/2200_G3_31
https://images.proteinatlas.org/70232/2160_A2_12
https://images.proteinatlas.org/38289/2175_G6_98
https://images.proteinatlas.org/38289/2191_F4_36
https://images.proteinatlas.org/30791/2217_E4_6
https://images.proteinatlas.org/38289/2191_F4_48
https://images.proteinatlas.org/38289/2201_H2_126
https://images.proteinatlas.org/65440/2171_E10_42
https://images.proteinatlas.org/65440/2171_E10_56
https://images.proteinatlas.org/65440/2160_A5_12
https://images.proteinatlas.org/65440/2160_A5_34
https://images.proteinatlas.org/28727/1769_G9_18_cr5950d1618026a
https://images.proteinatlas.org/65440/2135_F4_21
https://images.proteinatlas.org/65440/2135_F4_84
https://images.proteinatlas.org/2238/2200_G3_21
https://images.proteinatlas.org/28958/2210_G5_56
https://images.proteinatlas.org/28958/2148_F9_63
https://images.proteinatlas.org/28958/2211_B9_41
https://images.proteinatlas.org/41344/2209_C9_6
https://images.proteinatlas.org/70232/2160_A2_25
https://images.proteinatlas.org/41344/2209_C9_26
https://images.proteinatlas.org/14765/2191_D10_24
https://images.proteinatlas.org/14765/2239_E9_8
https://images.proteinatlas.org/14765/2239_E9_36
https://images.proteinatlas.org/38289/2201_H2_168
https://images.proteinatlas.org/37594/2153_E5_36
https://images.proteinatlas.org/37594/2153_E5_12
https://images.proteinatlas.org/37594/2134_G6_42
https://images.proteinatlas.org/37594/2194_H4_1
https://images.proteinatlas.org/28958/2210_G5_14
https://images.proteinatlas.org/31952/2200_A5_16
https://images.proteinatlas.org/28958/2148_F9_126
https://images.proteinatlas.org/39796/2153_E3_12
https://images.proteinatlas.org/37594/2194_H4_16
https://images.proteinatlas.org/14765/2191_D10_36
https://images.proteinatlas.org/39796/2145_D2_15
https://images.proteinatlas.org/39796/2145_D2_78
https://images.proteinatlas.org/14453/1858_E6_16_cr5acdf29b167af
https://images.proteinatlas.org/37837/2152_C3_14
https://images.proteinatlas.org/37837/2152_C3_36
https://images.proteinatlas.org/37837/2134_F6_42
https://images.proteinatlas.org/37594/2134_G6_21
https://images.proteinatlas.org/37837/2134_F6_84
https://images.proteinatlas.org/78409/1712_H3_13_cr5804df9d23046
https://images.proteinatlas.org/67516/2205_G3_21
https://images.proteinatlas.org/67516/2205_G3_31
https://images.proteinatlas.org/31952/2200_A5_31
https://images.proteinatlas.org/75079/1767_B12_15_cr59df16174252d
https://images.proteinatlas.org/75079/1767_B12_26_cr594b9dafe0ee5
https://images.proteinatlas.org/39796/2153_E3_48
https://images.proteinatlas.org/75079/1741_F6_8_cr580601994184d
https://images.proteinatlas.org/36561/2177_C3_56
https://images.proteinatlas.org/36561/2127_C6_21
https://images.proteinatlas.org/14453/1858_E6_7_cr5acdf29b15edd
https://images.proteinatlas.org/36561/2127_C6_84
https://images.proteinatlas.org/15064/2233_C6_1
https://images.proteinatlas.org/50209/1748_F8_2_cr5878f0af1d253
https://images.proteinatlas.org/50209/1748_F8_7_cr5805f6350ce82
https://images.proteinatlas.org/54108/2205_A9_6
https://images.proteinatlas.org/54108/2205_A9_11
https://images.proteinatlas.org/78409/1712_H3_19_cr5804dfa689d41
https://images.proteinatlas.org/39415/2167_D11_70
https://images.proteinatlas.org/39415/2121_G2_12
https://images.proteinatlas.org/39415/2132_F6_21
https://images.proteinatlas.org/39415/2132_F6_63
https://images.proteinatlas.org/75079/1741_F6_4_cr580601904458b
https://images.proteinatlas.org/73099/2178_H9_37
https://images.proteinatlas.org/36561/2177_C3_98
https://images.proteinatlas.org/73099/2178_H9_48
https://images.proteinatlas.org/39611/2178_H5_60
https://images.proteinatlas.org/39611/2201_H4_42
https://images.proteinatlas.org/76638/2199_E7_11
https://images.proteinatlas.org/15064/2233_C6_43
https://images.proteinatlas.org/76638/2199_E7_31
https://images.proteinatlas.org/18493/2124_D8_12
https://images.proteinatlas.org/46284/2183_D12_14
https://images.proteinatlas.org/46284/2183_D12_70
https://images.proteinatlas.org/46284/2232_H10_14
https://images.proteinatlas.org/46284/2232_H10_26
https://images.proteinatlas.org/39415/2121_G2_24
https://images.proteinatlas.org/46284/2201_A11_21
https://images.proteinatlas.org/46284/2201_A11_63
https://images.proteinatlas.org/39247/2176_C10_112
https://images.proteinatlas.org/39247/2152_B9_24
https://images.proteinatlas.org/39611/2178_H5_36
https://images.proteinatlas.org/39247/2152_B9_36
https://images.proteinatlas.org/39611/2201_H4_21
https://images.proteinatlas.org/39247/2149_E6_64
https://images.proteinatlas.org/40944/1849_D8_4_cr5afc425805ae3
https://images.proteinatlas.org/47144/si2_E2_1
https://images.proteinatlas.org/18493/2124_D8_24
https://images.proteinatlas.org/47144/si2_E2_2
https://images.proteinatlas.org/47144/si2_E2_5
https://images.proteinatlas.org/47144/si2_E3_1
https://images.proteinatlas.org/47144/si2_E3_2
https://images.proteinatlas.org/47144/si2_E3_5
https://images.proteinatlas.org/47144/si2_E3_7
https://images.proteinatlas.org/39247/2176_C10_84
https://images.proteinatlas.org/48813/2205_A6_26
https://images.proteinatlas.org/48813/2205_A6_41
https://images.proteinatlas.org/1336/2120_E2_48
https://images.proteinatlas.org/11753/2166_F5_12
https://images.proteinatlas.org/39247/2149_E6_84
https://images.proteinatlas.org/11753/2166_F5_34
https://images.proteinatlas.org/40944/1849_D8_30_cr5afc4258063f4
https://images.proteinatlas.org/77225/1672_A8_8_cr57c83b73c1a0f
https://images.proteinatlas.org/2117/2199_E5_11
https://images.proteinatlas.org/12655/1916_H11_10_cr5c99e971d13cc
https://images.proteinatlas.org/12655/1916_H11_26_cr5c99e971d1273
https://images.proteinatlas.org/47144/si2_E2_8
https://images.proteinatlas.org/40343/2185_D3_56
https://images.proteinatlas.org/40343/2185_D3_28
https://images.proteinatlas.org/40343/2186_B2_60
https://images.proteinatlas.org/40343/2206_G4_21
https://images.proteinatlas.org/40343/2206_G4_42
https://images.proteinatlas.org/1336/2120_E2_24
https://images.proteinatlas.org/40343/2202_B3_6
https://images.proteinatlas.org/40343/2202_B3_21
https://images.proteinatlas.org/58495/2168_B8_42
https://images.proteinatlas.org/58495/2123_B3_24
https://images.proteinatlas.org/77225/1672_A8_18_cr57c83b79f394e
https://images.proteinatlas.org/58495/2123_B3_48
https://images.proteinatlas.org/58495/2131_E3_44
https://images.proteinatlas.org/2117/2199_E5_21
https://images.proteinatlas.org/38366/1912_A3_3_cr5c86290c10c81
https://images.proteinatlas.org/38366/1912_A3_9_cr5c86290c10e60
https://images.proteinatlas.org/47551/1667_C3_9_cr58036d70359d6
https://images.proteinatlas.org/40343/2186_B2_49
https://images.proteinatlas.org/76641/1747_A3_7_cr5807267dce596
https://images.proteinatlas.org/76641/1747_A3_18_cr5807268841895
https://images.proteinatlas.org/76641/1712_H9_12_cr5804e02808c42
https://images.proteinatlas.org/76641/1692_E12_17_cr57d159514b6ef
https://images.proteinatlas.org/76641/1692_E12_23_cr57d15957b06bc
https://images.proteinatlas.org/39136/1849_A6_4_cr5afc4400a9130
https://images.proteinatlas.org/58495/2168_B8_29
https://images.proteinatlas.org/39136/1849_A6_14_cr5afc4400a9558
https://images.proteinatlas.org/39136/1985_E5_19_cr5e57a5865946f
https://images.proteinatlas.org/49004/2238_E11_29
https://images.proteinatlas.org/49004/2238_E11_36
https://images.proteinatlas.org/58495/2131_E3_66
https://images.proteinatlas.org/47250/2241_E8_14
https://images.proteinatlas.org/47551/1667_C3_4_cr57ea313c6793b
https://images.proteinatlas.org/47250/2241_E8_28
https://images.proteinatlas.org/47250/2232_F5_64
https://images.proteinatlas.org/47250/2234_D6_84
https://images.proteinatlas.org/54315/2161_B2_24
https://images.proteinatlas.org/76641/1712_H9_8_cr5804e01d44e11
https://images.proteinatlas.org/54315/2161_B2_48
https://images.proteinatlas.org/54315/2148_H2_21
https://images.proteinatlas.org/54315/2194_C1_6
https://images.proteinatlas.org/54315/2194_C1_16
https://images.proteinatlas.org/62180/1898_C8_17_cr5ba8a2c1606f2
https://images.proteinatlas.org/39136/1985_E5_28_cr5e57a58659bad
https://images.proteinatlas.org/62180/1898_C8_29_cr5ba8a2c160cb8
https://images.proteinatlas.org/56820/si25_A10_1
https://images.proteinatlas.org/56820/si25_A10_9
https://images.proteinatlas.org/56820/si25_A10_17
https://images.proteinatlas.org/47250/2232_F5_24
https://images.proteinatlas.org/56820/si25_A11_2
https://images.proteinatlas.org/56820/si25_A11_3
https://images.proteinatlas.org/47250/2234_D6_21
https://images.proteinatlas.org/56820/si25_A11_16
https://images.proteinatlas.org/56820/si25_A12_2
https://images.proteinatlas.org/56820/si25_A12_11
https://images.proteinatlas.org/54315/2148_H2_63
https://images.proteinatlas.org/56820/si25_A12_17
https://images.proteinatlas.org/3257/1846_F10_8_cr5ab9ff4c0f62b
https://images.proteinatlas.org/18894/2183_H7_42
https://images.proteinatlas.org/18894/2183_H7_70
https://images.proteinatlas.org/18894/2191_G9_36
https://images.proteinatlas.org/18894/2191_G9_60
https://images.proteinatlas.org/56820/si25_A10_4
https://images.proteinatlas.org/18894/2206_E9_85
https://images.proteinatlas.org/18894/2206_E9_168
https://images.proteinatlas.org/54056/2161_C7_36
https://images.proteinatlas.org/54056/2135_G8_21
https://images.proteinatlas.org/56820/si25_A11_14
https://images.proteinatlas.org/54056/2135_G8_84
https://images.proteinatlas.org/56820/si25_A12_4
https://images.proteinatlas.org/54056/2211_H4_26
https://images.proteinatlas.org/20344/si11_G4_3
https://images.proteinatlas.org/20344/si11_G4_8
https://images.proteinatlas.org/3257/1846_F10_28_cr5ab9ff4c11b8f
https://images.proteinatlas.org/20344/si11_G5_1
https://images.proteinatlas.org/20344/si11_G5_3
https://images.proteinatlas.org/20344/si11_G6_2
https://images.proteinatlas.org/20344/si11_G6_3
https://images.proteinatlas.org/20344/si11_G6_6
https://images.proteinatlas.org/43578/2238_F4_29
https://images.proteinatlas.org/54056/2161_C7_24
https://images.proteinatlas.org/43578/2238_F4_36
https://images.proteinatlas.org/63704/2177_E4_28
https://images.proteinatlas.org/63704/2160_B6_12
https://images.proteinatlas.org/63704/2160_B6_36
https://images.proteinatlas.org/63704/2146_F4_22
https://images.proteinatlas.org/54056/2211_H4_41
https://images.proteinatlas.org/63704/2146_F4_63
https://images.proteinatlas.org/20344/si11_G4_4
https://images.proteinatlas.org/58707/si26_A4_2
https://images.proteinatlas.org/58707/si26_A4_13
https://images.proteinatlas.org/58707/si26_A6_2
https://images.proteinatlas.org/20344/si11_G5_5
https://images.proteinatlas.org/58707/si26_A6_3
https://images.proteinatlas.org/58707/si26_A6_7
https://images.proteinatlas.org/36196/2216_G11_31
https://images.proteinatlas.org/36196/2216_G11_36
https://images.proteinatlas.org/48349/2217_F11_1
https://images.proteinatlas.org/48349/2217_F11_6
https://images.proteinatlas.org/63704/2177_E4_70
https://images.proteinatlas.org/43951/1719_G7_3_cr5804b60255ac2
https://images.proteinatlas.org/43951/1719_G7_17_cr5804b60cde478
https://images.proteinatlas.org/77409/1745_A4_18_cr580618ff00128
https://images.proteinatlas.org/77409/1736_A4_7_cr5805ecccd8361
https://images.proteinatlas.org/58707/si26_A4_3
https://images.proteinatlas.org/77409/1736_A4_23_cr5805ecd5cc9b0
https://images.proteinatlas.org/59054/1922_C3_16_cr5cc2f982ca630
https://images.proteinatlas.org/58707/si26_A4_16
https://images.proteinatlas.org/66967/1754_D5_3_cr57f3dfae3bc02
https://images.proteinatlas.org/66967/1754_D5_18_cr57f3dfb7e0ee6
https://images.proteinatlas.org/66967/2171_F10_98
https://images.proteinatlas.org/58707/si26_A6_10
https://images.proteinatlas.org/66967/2160_B4_12
https://images.proteinatlas.org/66967/2160_B4_25
https://images.proteinatlas.org/66967/2147_F5_84
https://images.proteinatlas.org/59563/1789_B2_17_cr5961f71b18ad0
https://images.proteinatlas.org/59563/1789_B2_21_cr5961f71b1917b
https://images.proteinatlas.org/59563/1688_D6_18_cr57f3f07c0e625
https://images.proteinatlas.org/77409/1745_A4_6_cr580618f626d5b
https://images.proteinatlas.org/59563/1688_D6_23_cr57f3f084d37c5
https://images.proteinatlas.org/48953/1891_M16_18_cr5bbdb8434118b
https://images.proteinatlas.org/11183/1853_A7_47_cr5afd8117a8e57
https://images.proteinatlas.org/11183/1853_A7_51_cr5afd8117a8e4c
https://images.proteinatlas.org/59054/1922_C3_26_cr5cc2f982cc419
https://images.proteinatlas.org/6034/2218_G2_26
https://images.proteinatlas.org/6034/2218_G2_41
https://images.proteinatlas.org/66967/2171_F10_84
https://images.proteinatlas.org/47801/2205_C9_21
https://images.proteinatlas.org/6563/1899_A8_11_cr5ba21117b56ad
https://images.proteinatlas.org/52113/1749_C9_8_cr5804bb173ff71
https://images.proteinatlas.org/66967/2147_F5_63
https://images.proteinatlas.org/52113/1749_C9_18_cr5804bb2274fc7
https://images.proteinatlas.org/52113/1751_B6_3_cr57fd355f13576
https://images.proteinatlas.org/52113/1692_D1_8_cr57d15985e5b4b
https://images.proteinatlas.org/52113/1692_D1_18_cr57d1598c2a807
https://images.proteinatlas.org/74783/1645_A4_13_cr57bed6652a83f
https://images.proteinatlas.org/48953/1891_M16_25_cr5bbdb84342f64
https://images.proteinatlas.org/74783/1645_A4_18_cr57bed66b5b922
https://images.proteinatlas.org/74783/1637_H11_5_cr57a1dbf18813f
https://images.proteinatlas.org/71263/2239_G3_8
https://images.proteinatlas.org/71263/2239_G3_29
https://images.proteinatlas.org/30901/1645_D4_3_cr57bed70384593
https://images.proteinatlas.org/47801/2205_C9_6
https://images.proteinatlas.org/30901/1645_D4_11_cr57bed709c22bb
https://images.proteinatlas.org/6563/1899_A8_18_cr5ba21117b5b55
https://images.proteinatlas.org/18331/2240_B3_15
https://images.proteinatlas.org/31069/2238_C7_22
https://images.proteinatlas.org/14436/1878_D7_33_cr5bb22f6440d15
https://images.proteinatlas.org/14436/1878_D7_60_cr5b803808c5e03
https://images.proteinatlas.org/52113/1751_B6_13_cr57fd3567f3f25
https://images.proteinatlas.org/28760/2153_G10_12
https://images.proteinatlas.org/28760/2153_G10_25
https://images.proteinatlas.org/28760/2146_G2_64
https://images.proteinatlas.org/44511/fp19_E1_3
https://images.proteinatlas.org/44511/fp19_E1_1
https://images.proteinatlas.org/74783/1637_H11_12_cr57a1dbf7a71f4
https://images.proteinatlas.org/44511/fp19_B1_6
https://images.proteinatlas.org/44511/fp19_B1_8
https://images.proteinatlas.org/45495/2168_B10_48
https://images.proteinatlas.org/45495/2127_B6_21
https://images.proteinatlas.org/18331/2240_B3_22
https://images.proteinatlas.org/45495/2127_B6_63
https://images.proteinatlas.org/31069/2238_C7_43
https://images.proteinatlas.org/41089/2218_C4_31
https://images.proteinatlas.org/27763/1921_E4_7_cr5caca5514d6f6
https://images.proteinatlas.org/27763/1972_G4_18_cr5e15f1c538dff
https://images.proteinatlas.org/28760/2146_G2_42
https://images.proteinatlas.org/59131/2169_C9_56
https://images.proteinatlas.org/59131/2169_C9_70
https://images.proteinatlas.org/59131/2160_A9_45
https://images.proteinatlas.org/59131/2135_G4_42
https://images.proteinatlas.org/59131/2135_G4_63
https://images.proteinatlas.org/67740/2161_E8_24
https://images.proteinatlas.org/45495/2168_B10_29
https://images.proteinatlas.org/67740/2161_E8_48
https://images.proteinatlas.org/67740/2149_E12_42
https://images.proteinatlas.org/49182/2183_A4_85
https://images.proteinatlas.org/49182/2184_C4_28
https://images.proteinatlas.org/27763/1921_E4_1_cr5caca5514cd70
https://images.proteinatlas.org/49182/2184_C4_65
https://images.proteinatlas.org/49182/2206_E5_21
https://images.proteinatlas.org/27763/1972_G4_14_cr5e15f1c5388e9
https://images.proteinatlas.org/63728/2204_E8_6
https://images.proteinatlas.org/63728/2204_E8_11
https://images.proteinatlas.org/30804/2177_A11_84
https://images.proteinatlas.org/30804/2165_E11_35
https://images.proteinatlas.org/59131/2160_A9_24
https://images.proteinatlas.org/30804/2165_E11_42
https://images.proteinatlas.org/30804/2136_B8_21
https://images.proteinatlas.org/30804/2194_C12_6
https://images.proteinatlas.org/30804/2194_C12_16
https://images.proteinatlas.org/64295/2205_A8_21
https://images.proteinatlas.org/67740/2149_E12_84
https://images.proteinatlas.org/64295/2205_A8_26
https://images.proteinatlas.org/76857/1759_G3_12_cr594b71199c016
https://images.proteinatlas.org/3324/si9_A8_3
https://images.proteinatlas.org/3324/si9_A8_4
https://images.proteinatlas.org/49182/2206_E5_63
https://images.proteinatlas.org/3324/si9_A9_1
https://images.proteinatlas.org/30804/2177_A11_70
https://images.proteinatlas.org/3324/si9_A9_4
https://images.proteinatlas.org/35793/2199_C5_41
https://images.proteinatlas.org/45406/2239_E11_22
https://images.proteinatlas.org/52596/2168_E5_28
https://images.proteinatlas.org/30804/2136_B8_84
https://images.proteinatlas.org/52596/2168_E5_42
https://images.proteinatlas.org/52596/2160_E12_12
https://images.proteinatlas.org/52596/2132_D6_42
https://images.proteinatlas.org/52596/2132_D6_63
https://images.proteinatlas.org/76857/1759_G3_27_cr594b71233fdcf
https://images.proteinatlas.org/59979/1801_H6_1_cr59ca18578d9ef
https://images.proteinatlas.org/59979/1801_H6_7_cr59ca18578e0d0
https://images.proteinatlas.org/28666/2237_G8_36
https://images.proteinatlas.org/62456/2228_C2_11
https://images.proteinatlas.org/62456/2228_C2_36
https://images.proteinatlas.org/76454/2199_H2_16
https://images.proteinatlas.org/35793/2199_C5_6
https://images.proteinatlas.org/45406/2239_E11_8
https://images.proteinatlas.org/76454/2199_H2_31
https://images.proteinatlas.org/66741/1921_F5_6_cr5cb4652aa732f
https://images.proteinatlas.org/66741/2034_H4_24_cr604774e47d28d
https://images.proteinatlas.org/77642/1712_D3_3_cr5808dc68a72e2
https://images.proteinatlas.org/52596/2160_E12_48
https://images.proteinatlas.org/77642/1712_D3_9_cr5808dc79289af
https://images.proteinatlas.org/47381/1750_H2_3_cr57fb72de909f1
https://images.proteinatlas.org/4469/2239_G11_15
https://images.proteinatlas.org/4469/2239_G11_36
https://images.proteinatlas.org/2455/2209_E3_1
https://images.proteinatlas.org/2455/2209_E3_31
https://images.proteinatlas.org/28666/2237_G8_29
https://images.proteinatlas.org/3111/fp22_E6_2
https://images.proteinatlas.org/3111/fp22_E6_3
https://images.proteinatlas.org/3111/fp22_B6_4
https://images.proteinatlas.org/37582/2167_B3_14
https://images.proteinatlas.org/66741/1921_F5_13_cr5cb4652aa7787
https://images.proteinatlas.org/66741/2034_H4_5_cr604774e47cb6e
https://images.proteinatlas.org/37582/2167_B3_28
https://images.proteinatlas.org/37582/2124_G8_12
https://images.proteinatlas.org/37582/2132_G5_63
https://images.proteinatlas.org/37582/2237_E11_8
https://images.proteinatlas.org/47381/1750_H2_13_cr580c9334cbe0a
https://images.proteinatlas.org/37582/2237_E11_29
https://images.proteinatlas.org/74290/1777_G2_6_cr5967622147b64
https://images.proteinatlas.org/24198/2177_D3_15
https://images.proteinatlas.org/24198/2150_F8_24
https://images.proteinatlas.org/24198/2150_F8_84
https://images.proteinatlas.org/24198/2146_E8_42
https://images.proteinatlas.org/3111/fp22_B6_2
https://images.proteinatlas.org/24198/2146_E8_84
https://images.proteinatlas.org/24198/2211_A11_6
https://images.proteinatlas.org/11268/2229_D7_1
https://images.proteinatlas.org/11268/2229_D7_16
https://images.proteinatlas.org/37582/2124_G8_36
https://images.proteinatlas.org/18520/2200_H10_11
https://images.proteinatlas.org/37582/2132_G5_42
https://images.proteinatlas.org/18520/2200_H10_31
https://images.proteinatlas.org/35922/2241_C8_42
https://images.proteinatlas.org/35922/2179_C7_60
https://images.proteinatlas.org/35922/2234_B6_42
https://images.proteinatlas.org/74290/1777_G2_10_cr5967622149430
https://images.proteinatlas.org/35922/2234_B6_84
https://images.proteinatlas.org/18319/si3_G2_2
https://images.proteinatlas.org/18319/si3_G2_5
https://images.proteinatlas.org/18319/si3_G2_6
https://images.proteinatlas.org/18319/si3_G3_1
https://images.proteinatlas.org/24198/2211_A11_26
https://images.proteinatlas.org/18319/si3_G3_3
https://images.proteinatlas.org/18319/si3_G3_6
https://images.proteinatlas.org/1593/2185_H5_14
https://images.proteinatlas.org/1593/2185_H5_70
https://images.proteinatlas.org/1593/2186_B5_24
https://images.proteinatlas.org/1593/2186_B5_60
https://images.proteinatlas.org/35922/2241_C8_28
https://images.proteinatlas.org/35922/2179_C7_24
https://images.proteinatlas.org/1593/2206_D10_55
https://images.proteinatlas.org/1593/2206_D10_105
https://images.proteinatlas.org/27379/2120_G2_36
https://images.proteinatlas.org/27379/2120_G2_48
https://images.proteinatlas.org/18319/si3_G2_3
https://images.proteinatlas.org/27379/2211_F2_11
https://images.proteinatlas.org/27379/2211_F2_41
https://images.proteinatlas.org/42122/2209_E5_26
https://images.proteinatlas.org/42122/2135_B3_63
https://images.proteinatlas.org/18319/si3_G3_7
https://images.proteinatlas.org/42122/2209_E5_31
https://images.proteinatlas.org/7044/2179_C12_12
https://images.proteinatlas.org/8992/1876_G4_15_cr5b7167eac2596
https://images.proteinatlas.org/8992/1876_G4_26_cr5b7167eac2cf3
https://images.proteinatlas.org/14670/2135_B8_21
https://images.proteinatlas.org/14670/2135_B8_42
https://images.proteinatlas.org/1593/2204_D7_41
https://images.proteinatlas.org/1593/2204_D7_6
https://images.proteinatlas.org/72453/1891_C23_4_cr5b8ea27221c43
https://images.proteinatlas.org/72453/1891_C23_9_cr5b8ea272226ef
https://images.proteinatlas.org/23710/2167_H10_71
https://images.proteinatlas.org/23710/2124_E5_35
https://images.proteinatlas.org/42122/2135_B3_21
https://images.proteinatlas.org/23710/2124_E5_48
https://images.proteinatlas.org/23710/2128_C6_1
https://images.proteinatlas.org/29424/si3_E1_3
https://images.proteinatlas.org/29424/si3_E1_4
https://images.proteinatlas.org/29424/si3_E1_6
https://images.proteinatlas.org/29424/si3_E1_8
https://images.proteinatlas.org/7044/2179_C12_48
https://images.proteinatlas.org/29424/si3_E2_2
https://images.proteinatlas.org/29424/si3_E2_3
https://images.proteinatlas.org/29424/si3_E2_7
https://images.proteinatlas.org/29424/si3_E3_2
https://images.proteinatlas.org/30611/2200_F7_26
https://images.proteinatlas.org/30611/2200_F7_36
https://images.proteinatlas.org/29424/si3_E3_3
https://images.proteinatlas.org/29424/si3_E3_6
https://images.proteinatlas.org/28187/2167_G1_42
https://images.proteinatlas.org/28187/2120_C12_12
https://images.proteinatlas.org/23710/2128_C6_44
https://images.proteinatlas.org/28187/2120_C12_48
https://images.proteinatlas.org/28187/2127_E2_42
https://images.proteinatlas.org/13881/1846_D12_16_cr5ab92b8541b9d
https://images.proteinatlas.org/13881/1846_D12_21_cr5ab92b8542181
https://images.proteinatlas.org/8419/2178_H10_1
https://images.proteinatlas.org/8419/2178_H10_24
https://images.proteinatlas.org/29424/si3_E2_5
https://images.proteinatlas.org/8419/2201_A10_84
https://images.proteinatlas.org/8419/2201_A10_105
https://images.proteinatlas.org/15708/1736_C10_18_cr5805ea0f06266
https://images.proteinatlas.org/38806/2240_F2_43
https://images.proteinatlas.org/38806/2240_F2_50
https://images.proteinatlas.org/29424/si3_E3_8
https://images.proteinatlas.org/28187/2167_G1_28
https://images.proteinatlas.org/77850/1744_C7_12_cr580488e1f2732
https://images.proteinatlas.org/77850/1744_C7_21_cr580488f6aac97
https://images.proteinatlas.org/75777/2204_B10_16
https://images.proteinatlas.org/75777/2204_B10_36
https://images.proteinatlas.org/28187/2127_E2_84
https://images.proteinatlas.org/20215/2200_A6_26
https://images.proteinatlas.org/20215/2200_A6_41
https://images.proteinatlas.org/73252/1848_G8_25_cr5ac31e3a1ae35
https://images.proteinatlas.org/46282/2161_G4_12
https://images.proteinatlas.org/46282/2161_G4_36
https://images.proteinatlas.org/46282/2146_B7_19
https://images.proteinatlas.org/15708/1736_C10_8_cr5805ea03e87d6
https://images.proteinatlas.org/46282/2146_B7_63
https://images.proteinatlas.org/46282/2199_G7_1
https://images.proteinatlas.org/30849/2200_E7_11
https://images.proteinatlas.org/30849/2200_E7_31
https://images.proteinatlas.org/3176/fp8_G5_1
https://images.proteinatlas.org/77850/1740_C7_18_cr57fcfaded1733
https://images.proteinatlas.org/77850/1740_C7_23_cr57fcfae7a3863
https://images.proteinatlas.org/3176/fp8_G5_4
https://images.proteinatlas.org/3176/fp8_D5_2
https://images.proteinatlas.org/32010/2211_F6_36
https://images.proteinatlas.org/58905/1769_B1_18_cr5950d064182e6
https://images.proteinatlas.org/73252/1848_G8_17_cr5ac31e3a1abed
https://images.proteinatlas.org/58905/1769_B1_29_cr5950d06418734
https://images.proteinatlas.org/71048/2210_E10_14
https://images.proteinatlas.org/71048/2191_H11_25
https://images.proteinatlas.org/71048/2191_H11_36
https://images.proteinatlas.org/71048/2201_A8_21
https://images.proteinatlas.org/46282/2199_G7_21
https://images.proteinatlas.org/71048/2201_A8_42
https://images.proteinatlas.org/71048/2212_F12_11
https://images.proteinatlas.org/37989/1788_A4_7_cr5971b651a2dbe
https://images.proteinatlas.org/37989/1788_A4_26_cr5971b651a414e
https://images.proteinatlas.org/39616/2216_F11_1
https://images.proteinatlas.org/3176/fp8_D5_5
https://images.proteinatlas.org/39616/2216_F11_16
https://images.proteinatlas.org/51247/2204_C2_6
https://images.proteinatlas.org/32010/2211_F6_31
https://images.proteinatlas.org/51247/2241_G2_42
https://images.proteinatlas.org/51247/2241_G2_70
https://images.proteinatlas.org/71048/2210_E10_70
https://images.proteinatlas.org/51247/2244_H1_24
https://images.proteinatlas.org/51247/2234_F2_42
https://images.proteinatlas.org/10726/1914_F1_20_cr5c865a33b17a6
https://images.proteinatlas.org/10726/1914_F1_29_cr5c865a33b1d1f
https://images.proteinatlas.org/10726/1986_B10_2_cr5e5e293711418
https://images.proteinatlas.org/10726/1986_B10_13_cr5e5e293711b8c
https://images.proteinatlas.org/71048/2212_F12_36
https://images.proteinatlas.org/10726/2210_B8_84
https://images.proteinatlas.org/10726/2210_B8_98
https://images.proteinatlas.org/10726/2178_G6_48
https://images.proteinatlas.org/10726/2201_E6_21
https://images.proteinatlas.org/10726/2201_E6_105
https://images.proteinatlas.org/51247/2204_C2_16
https://images.proteinatlas.org/39902/2194_H7_6
https://images.proteinatlas.org/39902/2194_H7_41
https://images.proteinatlas.org/51247/2244_H1_12
https://images.proteinatlas.org/59960/2186_C9_156
https://images.proteinatlas.org/28600/2171_H7_42
https://images.proteinatlas.org/24288/2199_G5_1
https://images.proteinatlas.org/51247/2234_F2_84
https://images.proteinatlas.org/24288/2199_G5_16
https://images.proteinatlas.org/39425/1751_E3_3_cr57fd26702fb8d
https://images.proteinatlas.org/39425/1709_A8_7_cr58048b11d8426
https://images.proteinatlas.org/10726/2178_G6_12
https://images.proteinatlas.org/39425/1709_A8_18_cr58048b1af1c1a
https://images.proteinatlas.org/17732/2195_E10_11
https://images.proteinatlas.org/30404/2171_D11_29
https://images.proteinatlas.org/30404/2171_D11_42
https://images.proteinatlas.org/30404/2165_G10_12
https://images.proteinatlas.org/30404/2165_G10_24
https://images.proteinatlas.org/59960/2186_C9_132
https://images.proteinatlas.org/30404/2147_G6_63
https://images.proteinatlas.org/28600/2171_H7_70
https://images.proteinatlas.org/30404/2147_G6_84
https://images.proteinatlas.org/3046/fp6_F3_2
https://images.proteinatlas.org/3046/fp6_C3_2
https://images.proteinatlas.org/39425/1751_E3_18_cr57fd26792ed7b
https://images.proteinatlas.org/10089/1878_D10_40_cr5b7d732830784
https://images.proteinatlas.org/10089/1878_D10_48_cr5b7d732830cd9
https://images.proteinatlas.org/1150/2184_G8_24
https://images.proteinatlas.org/1150/2211_E12_11
https://images.proteinatlas.org/1150/2211_E12_16
https://images.proteinatlas.org/44818/2237_E3_8
https://images.proteinatlas.org/17732/2195_E10_16
https://images.proteinatlas.org/44818/2237_E3_15
https://images.proteinatlas.org/77777/1992_A9_36_cr5ed6355449d92
https://images.proteinatlas.org/56212/2204_A5_21
https://images.proteinatlas.org/56212/2204_A5_36
https://images.proteinatlas.org/3046/fp6_F3_1
https://images.proteinatlas.org/75591/1718_H2_3_cr57f3d6dfd578a
https://images.proteinatlas.org/75591/1718_H2_19_cr57f3d6e96901a
https://images.proteinatlas.org/3046/fp6_C3_1
https://images.proteinatlas.org/40847/2209_C8_16
https://images.proteinatlas.org/1925/2123_E5_12
https://images.proteinatlas.org/1150/2184_G8_12
https://images.proteinatlas.org/1925/2127_F2_63
https://images.proteinatlas.org/1925/2127_F2_84
https://images.proteinatlas.org/19907/si14_F7_2
https://images.proteinatlas.org/19907/si14_F8_1
https://images.proteinatlas.org/19907/si14_F8_4
https://images.proteinatlas.org/19907/si14_F9_1
https://images.proteinatlas.org/77777/1992_A9_43_cr5ed635544a30c
https://images.proteinatlas.org/19907/si14_F9_4
https://images.proteinatlas.org/18453/2167_G9_84
https://images.proteinatlas.org/18453/2124_D9_60
https://images.proteinatlas.org/18453/2124_D9_72
https://images.proteinatlas.org/18453/2129_G3_50
https://images.proteinatlas.org/40847/2209_C8_1
https://images.proteinatlas.org/18453/2129_G3_71
https://images.proteinatlas.org/18453/2211_F12_11
https://images.proteinatlas.org/1925/2123_E5_36
https://images.proteinatlas.org/35424/1840_A1_34_cr5b1530481772a
https://images.proteinatlas.org/35424/1840_A1_59_cr5b15304817a02
https://images.proteinatlas.org/19907/si14_F7_1
https://images.proteinatlas.org/34848/fp14_F8_3
https://images.proteinatlas.org/34848/fp14_C8_1
https://images.proteinatlas.org/21679/si28_B7_2
https://images.proteinatlas.org/21679/si28_B7_4
https://images.proteinatlas.org/21679/si28_B7_10
https://images.proteinatlas.org/21679/si28_B7_13
https://images.proteinatlas.org/18453/2167_G9_98
https://images.proteinatlas.org/21679/si28_B9_2
https://images.proteinatlas.org/21679/si28_B9_3
https://images.proteinatlas.org/21679/si28_B9_17
https://images.proteinatlas.org/54707/1787_C5_4_cr5968c5fd1bd3d
https://images.proteinatlas.org/18453/2211_F12_21
https://images.proteinatlas.org/54707/1787_C5_21_cr5968c5fd1c392
https://images.proteinatlas.org/10531/1853_D9_57_cr5afd739a20508
https://images.proteinatlas.org/34848/fp14_F8_1
https://images.proteinatlas.org/38807/2176_D10_14
https://images.proteinatlas.org/38807/2176_D10_56
https://images.proteinatlas.org/28587/1912_G4_20_cr5c862f4c562e3
https://images.proteinatlas.org/34848/fp14_C8_3
https://images.proteinatlas.org/77835/1702_F11_18_cr57ea96878f3e0
https://images.proteinatlas.org/77835/1702_F11_23_cr57ea968fadf07
https://images.proteinatlas.org/77835/1708_G2_17_cr580b5aa4dfc67
https://images.proteinatlas.org/69790/1774_D3_3_cr5950fc2aec7ed
https://images.proteinatlas.org/69790/1774_D3_18_cr5950fc2aec9fc
https://images.proteinatlas.org/21679/si28_B9_9
https://images.proteinatlas.org/47673/2239_G10_36
https://images.proteinatlas.org/47673/2239_G10_57
https://images.proteinatlas.org/62763/2241_E9_28
https://images.proteinatlas.org/62763/2121_E7_5
https://images.proteinatlas.org/62763/2121_E7_36
https://images.proteinatlas.org/10531/1853_D9_62_cr5afd739a1fb0b
https://images.proteinatlas.org/62763/2132_E4_21
https://images.proteinatlas.org/28587/1912_G4_5_cr5c862f4c55d36
https://images.proteinatlas.org/62763/2132_E4_42
https://images.proteinatlas.org/56470/2179_B10_60
https://images.proteinatlas.org/56470/2215_G8_21
https://images.proteinatlas.org/77835/1708_G2_13_cr580b5a88bf634
https://images.proteinatlas.org/58968/2240_B8_1
https://images.proteinatlas.org/58968/2240_B8_22
https://images.proteinatlas.org/31329/1830_D8_46_cr5ba8ac10ddf64
https://images.proteinatlas.org/51965/1933_F9_19_cr5d10e33b4fe06
https://images.proteinatlas.org/51965/1933_F9_21_cr5d10e33b506b1
https://images.proteinatlas.org/62763/2241_E9_14
https://images.proteinatlas.org/31470/2178_B6_24
https://images.proteinatlas.org/31470/2178_B6_36
https://images.proteinatlas.org/16816/1787_F3_14_cr5968c01a7348a
https://images.proteinatlas.org/16816/2169_D2_37
https://images.proteinatlas.org/16816/2169_D2_57
https://images.proteinatlas.org/16816/2150_C3_12
https://images.proteinatlas.org/56470/2179_B10_24
https://images.proteinatlas.org/16816/2150_C3_24
https://images.proteinatlas.org/56470/2215_G8_1
https://images.proteinatlas.org/16816/2148_D9_21
https://images.proteinatlas.org/16816/2238_B3_29
https://images.proteinatlas.org/44833/fp13_E3_1
https://images.proteinatlas.org/31329/1830_D8_31_cr5ba8ac10ddf65
https://images.proteinatlas.org/44833/fp13_E3_2
https://images.proteinatlas.org/44833/fp13_B3_1
https://images.proteinatlas.org/18517/2229_B11_6
https://images.proteinatlas.org/18517/2229_B11_41
https://images.proteinatlas.org/30284/2185_A9_14
https://images.proteinatlas.org/16816/1787_F3_6_cr5968c01a731b8
https://images.proteinatlas.org/30284/2185_A9_28
https://images.proteinatlas.org/30284/2186_B8_24
https://images.proteinatlas.org/30284/2201_G9_21
https://images.proteinatlas.org/30284/2201_G9_42
https://images.proteinatlas.org/35110/2183_E9_42
https://images.proteinatlas.org/16816/2148_D9_42
https://images.proteinatlas.org/35110/2183_E9_81
https://images.proteinatlas.org/35110/2179_C10_12
https://images.proteinatlas.org/16816/2238_B3_50
https://images.proteinatlas.org/16820/2209_G7_11
https://images.proteinatlas.org/16820/2209_G7_31
https://images.proteinatlas.org/44833/fp13_B3_3
https://images.proteinatlas.org/15768/2210_B5_98
https://images.proteinatlas.org/15768/2191_C7_12
https://images.proteinatlas.org/15768/2206_A7_22
https://images.proteinatlas.org/15768/2206_A7_63
https://images.proteinatlas.org/52077/1938_E11_12_cr5d245e6d6f6c9
https://images.proteinatlas.org/52077/1977_C7_42_cr5e568cf6c3e16
https://images.proteinatlas.org/30284/2186_B8_36
https://images.proteinatlas.org/52077/1977_C7_50_cr5e568cf6c568f
https://images.proteinatlas.org/21439/2230_G10_31
https://images.proteinatlas.org/42199/2153_B11_12
https://images.proteinatlas.org/42199/2153_B11_48
https://images.proteinatlas.org/42199/2146_F3_21
https://images.proteinatlas.org/35110/2179_C10_60
https://images.proteinatlas.org/42199/2146_F3_42
https://images.proteinatlas.org/15768/2210_B5_84
https://images.proteinatlas.org/5854/1954_D11_31_cr5dfb7ddd913c7
https://images.proteinatlas.org/40679/2167_D4_28
https://images.proteinatlas.org/40679/2121_F9_12
https://images.proteinatlas.org/40679/2121_F9_36
https://images.proteinatlas.org/15768/2191_C7_24
https://images.proteinatlas.org/40679/2127_D11_21
https://images.proteinatlas.org/40679/2127_D11_84
https://images.proteinatlas.org/28486/2209_D3_26
https://images.proteinatlas.org/3890/si10_C7_2
https://images.proteinatlas.org/21439/2230_G10_36
https://images.proteinatlas.org/3890/si10_C7_4
https://images.proteinatlas.org/3890/si10_C7_6
https://images.proteinatlas.org/3890/si10_C8_3
https://images.proteinatlas.org/3890/si10_C8_7
https://images.proteinatlas.org/3890/si10_C9_2
https://images.proteinatlas.org/3890/si10_C9_4
https://images.proteinatlas.org/5854/1954_D11_47_cr5dfb7ddd92143
https://images.proteinatlas.org/3890/si10_C9_8
https://images.proteinatlas.org/40679/2167_D4_42
https://images.proteinatlas.org/16624/1878_A2_24_cr5b7d69b79beca
https://images.proteinatlas.org/16624/2167_C1_14
https://images.proteinatlas.org/16624/2123_C5_12
https://images.proteinatlas.org/28486/2209_D3_16
https://images.proteinatlas.org/16624/2123_C5_24
https://images.proteinatlas.org/16624/2127_E10_42
https://images.proteinatlas.org/7491/2151_G2_24
https://images.proteinatlas.org/7491/2151_G2_36
https://images.proteinatlas.org/16564/1787_G3_24_cr5968c2a6212eb
https://images.proteinatlas.org/3890/si10_C8_2
https://images.proteinatlas.org/16564/1787_G3_27_cr5968c2a6218f4
https://images.proteinatlas.org/17770/2195_B10_1
https://images.proteinatlas.org/25821/si26_G1_2
https://images.proteinatlas.org/25821/si26_G1_3
https://images.proteinatlas.org/25821/si26_G1_12
https://images.proteinatlas.org/16624/1878_A2_26_cr5b7d69b79ca7b
https://images.proteinatlas.org/25821/si26_G1_13
https://images.proteinatlas.org/25821/si26_G2_1
https://images.proteinatlas.org/16624/2167_C1_29
https://images.proteinatlas.org/25821/si26_G2_5
https://images.proteinatlas.org/25821/si26_G2_10
https://images.proteinatlas.org/16624/2127_E10_84
https://images.proteinatlas.org/25821/si26_G3_4
https://images.proteinatlas.org/25821/si26_G3_5
https://images.proteinatlas.org/65937/1718_B6_8_cr57f63cc3c3fc5
https://images.proteinatlas.org/65937/1718_B6_13_cr57f63ccd01a1f
https://images.proteinatlas.org/12804/1864_A5_20_cr5afd99ae9df92
https://images.proteinatlas.org/12804/1864_A5_28_cr5afd99ae9e666
https://images.proteinatlas.org/17770/2195_B10_26
https://images.proteinatlas.org/19832/2199_F8_1
https://images.proteinatlas.org/19832/2199_F8_16
https://images.proteinatlas.org/58265/2210_A11_70
https://images.proteinatlas.org/58265/2160_E9_12
https://images.proteinatlas.org/58265/2160_E9_25
https://images.proteinatlas.org/25821/si26_G2_2
https://images.proteinatlas.org/58265/2136_B6_42
https://images.proteinatlas.org/58265/2136_B6_63
https://images.proteinatlas.org/25821/si26_G3_3
https://images.proteinatlas.org/30947/2239_F8_57
https://images.proteinatlas.org/67538/2212_B11_11
https://images.proteinatlas.org/52132/1813_B3_6_cr59f2fb202d9b7
https://images.proteinatlas.org/25821/si26_G3_7
https://images.proteinatlas.org/52132/1813_B3_17_cr59f2fb202f560
https://images.proteinatlas.org/4131/2195_B2_21
https://images.proteinatlas.org/42143/2237_E4_8
https://images.proteinatlas.org/42143/2237_E4_29
https://images.proteinatlas.org/27300/1700_F8_22_cr57ebc43f750ba
https://images.proteinatlas.org/58265/2210_A11_28
https://images.proteinatlas.org/27300/1700_F8_27_cr57ebc44768ee3
https://images.proteinatlas.org/25711/2165_A6_12
https://images.proteinatlas.org/25711/2135_F6_21
https://images.proteinatlas.org/25711/2135_F6_63
https://images.proteinatlas.org/65008/1712_E3_2_cr5804dac1ad659
https://images.proteinatlas.org/30947/2239_F8_36
https://images.proteinatlas.org/65008/1712_E3_8_cr5804dacbb5717
https://images.proteinatlas.org/65008/1688_B8_13_cr57f3edd5b7c0d
https://images.proteinatlas.org/67538/2212_B11_26
https://images.proteinatlas.org/39306/si15_E10_3
https://images.proteinatlas.org/39306/si15_E10_4
https://images.proteinatlas.org/39306/si15_E11_2
https://images.proteinatlas.org/39306/si15_E11_3
https://images.proteinatlas.org/4131/2195_B2_36
https://images.proteinatlas.org/39306/si15_E11_5
https://images.proteinatlas.org/39306/si15_E12_1
https://images.proteinatlas.org/39306/si15_E12_5
https://images.proteinatlas.org/16700/1848_G4_13_cr5ac31c0972d1a
https://images.proteinatlas.org/25711/2165_A6_24
https://images.proteinatlas.org/16700/1848_G4_21_cr5ac31c09740b9
https://images.proteinatlas.org/60290/2160_E8_13
https://images.proteinatlas.org/60290/2149_C4_42
https://images.proteinatlas.org/60290/2149_C4_63
https://images.proteinatlas.org/65008/1688_B8_18_cr57f3edde75459
https://images.proteinatlas.org/69297/1972_G2_7_cr5e15ac98afb9c
https://images.proteinatlas.org/69297/1972_G2_15_cr5e15ac98b134c
https://images.proteinatlas.org/39306/si15_E10_7
https://images.proteinatlas.org/49362/2168_C11_42
https://images.proteinatlas.org/49362/2123_G8_8
https://images.proteinatlas.org/49362/2127_B8_22
https://images.proteinatlas.org/49362/2127_B8_63
https://images.proteinatlas.org/41328/2168_H7_28
https://images.proteinatlas.org/39306/si15_E12_2
https://images.proteinatlas.org/41328/2168_H7_56
https://images.proteinatlas.org/41328/2123_E4_36
https://images.proteinatlas.org/41328/2131_B11_21
https://images.proteinatlas.org/60290/2160_E8_24
https://images.proteinatlas.org/41328/2131_B11_42
https://images.proteinatlas.org/45674/1921_E7_11_cr5cb480ccf1556
https://images.proteinatlas.org/39068/2178_D2_12
https://images.proteinatlas.org/39068/2178_D2_24
https://images.proteinatlas.org/39068/2234_H2_63
https://images.proteinatlas.org/49362/2168_C11_28
https://images.proteinatlas.org/39068/2234_H2_84
https://images.proteinatlas.org/49362/2123_G8_36
https://images.proteinatlas.org/39068/2218_C3_1
https://images.proteinatlas.org/14907/1789_A1_28_cr595496f4ec7a0
https://images.proteinatlas.org/72751/1774_B2_15_cr5950f7fb8e401
https://images.proteinatlas.org/72751/1774_B2_24_cr5950f7fb8e8db
https://images.proteinatlas.org/72751/2195_D10_11
https://images.proteinatlas.org/72751/2195_D10_21
https://images.proteinatlas.org/44540/2123_C7_48
https://images.proteinatlas.org/41328/2123_E4_48
https://images.proteinatlas.org/44540/2123_C7_36
https://images.proteinatlas.org/45674/1921_E7_30_cr5cb480ccf286c
https://images.proteinatlas.org/44540/2131_D5_22
https://images.proteinatlas.org/7949/1852_G1_13_cr5b2371265c53b
https://images.proteinatlas.org/10844/2179_H5_48
https://images.proteinatlas.org/10844/2179_H5_60
https://images.proteinatlas.org/74969/2175_A7_28
https://images.proteinatlas.org/74969/2175_A7_70
https://images.proteinatlas.org/39068/2218_C3_6
https://images.proteinatlas.org/74969/2166_B2_12
https://images.proteinatlas.org/14907/1789_A1_31_cr595496f4ed0e8
https://images.proteinatlas.org/74969/2166_B2_24
https://images.proteinatlas.org/74969/2206_G11_85
https://images.proteinatlas.org/6149/si28_E1_2
https://images.proteinatlas.org/6149/si28_E1_10
https://images.proteinatlas.org/6149/si28_E2_3
https://images.proteinatlas.org/44540/2131_D5_62
https://images.proteinatlas.org/6149/si28_E2_4
https://images.proteinatlas.org/6149/si28_E2_10
https://images.proteinatlas.org/7949/1852_G1_16_cr5afd2b081c65c
https://images.proteinatlas.org/6149/si28_E3_3
https://images.proteinatlas.org/6149/si28_E3_7
https://images.proteinatlas.org/11904/1864_G3_73_cr5afd7d69c42e9
https://images.proteinatlas.org/78659/1750_D7_8_cr57fb82f90c81f
https://images.proteinatlas.org/78659/1750_D7_23_cr57fb8301a0440
https://images.proteinatlas.org/65954/1742_B7_12_cr580497b7b586e
https://images.proteinatlas.org/74969/2206_G11_38
https://images.proteinatlas.org/65954/1742_B7_18_cr580497c2c0db3
https://images.proteinatlas.org/30270/1973_F1_19_cr5de787a996785
https://images.proteinatlas.org/6149/si28_E1_1
https://images.proteinatlas.org/36072/si18_C5_4
https://images.proteinatlas.org/36072/si18_C5_6
https://images.proteinatlas.org/36072/si18_C6_3
https://images.proteinatlas.org/36072/si18_C6_5
https://images.proteinatlas.org/38526/2153_G5_12
https://images.proteinatlas.org/38526/2153_G5_36
https://images.proteinatlas.org/6149/si28_E3_1
https://images.proteinatlas.org/38526/2148_E4_21
https://images.proteinatlas.org/38526/2148_E4_63
https://images.proteinatlas.org/11904/1864_G3_70_cr5afd7d69c42f1
https://images.proteinatlas.org/38526/2199_F3_41
https://images.proteinatlas.org/69867/1750_F2_3_cr57fb71e172c79
https://images.proteinatlas.org/69867/1706_F12_13_cr57d839dfbbe1a
https://images.proteinatlas.org/69867/1706_F12_18_cr57d839e75f94b
https://images.proteinatlas.org/36072/si18_C5_2
https://images.proteinatlas.org/18034/2191_D7_36
https://images.proteinatlas.org/18034/2191_D7_12
https://images.proteinatlas.org/36072/si18_C6_2
https://images.proteinatlas.org/51228/si25_G5_3
https://images.proteinatlas.org/51228/si25_G5_16
https://images.proteinatlas.org/51228/si25_G6_1
https://images.proteinatlas.org/51228/si25_G6_2
https://images.proteinatlas.org/51228/si25_G6_7
https://images.proteinatlas.org/51228/si25_G6_8
https://images.proteinatlas.org/38526/2199_F3_21
https://images.proteinatlas.org/70112/1650_G12_38_cr57ea7c0f5e2f1
https://images.proteinatlas.org/70112/1650_G12_48_cr57ea7c172b83f
https://images.proteinatlas.org/69867/1750_F2_23_cr57fb71ea24128
https://images.proteinatlas.org/1562/2241_C6_70
https://images.proteinatlas.org/1562/2232_H4_28
https://images.proteinatlas.org/1562/2234_G4_21
https://images.proteinatlas.org/1562/2234_G4_63
https://images.proteinatlas.org/71114/2185_E3_42
https://images.proteinatlas.org/71114/2185_E3_84
https://images.proteinatlas.org/51228/si25_G5_2
https://images.proteinatlas.org/71114/2178_C3_24
https://images.proteinatlas.org/71114/2178_C3_48
https://images.proteinatlas.org/51228/si25_G5_19
https://images.proteinatlas.org/71114/2206_F4_63
https://images.proteinatlas.org/71114/2204_E4_21
https://images.proteinatlas.org/48461/2212_H6_6
https://images.proteinatlas.org/48461/2212_H6_11
https://images.proteinatlas.org/30099/2184_C7_48
https://images.proteinatlas.org/30099/2184_C7_36
https://images.proteinatlas.org/1562/2241_C6_14
https://images.proteinatlas.org/30099/2239_C5_43
https://images.proteinatlas.org/30099/2239_C5_1
https://images.proteinatlas.org/1562/2232_H4_42
https://images.proteinatlas.org/43105/2171_E9_70
https://images.proteinatlas.org/43105/2178_B12_24
https://images.proteinatlas.org/43105/2234_B10_168
https://images.proteinatlas.org/43105/2234_B10_231
https://images.proteinatlas.org/71114/2206_F4_21
https://images.proteinatlas.org/43105/2199_E11_21
https://images.proteinatlas.org/43105/2199_E11_26
https://images.proteinatlas.org/71114/2204_E4_26
https://images.proteinatlas.org/28562/2175_D8_84
https://images.proteinatlas.org/28562/2232_A4_24
https://images.proteinatlas.org/28562/2206_C6_63
https://images.proteinatlas.org/28562/2206_C6_105
https://images.proteinatlas.org/7846/1918_E9_7_cr5cb4855b84044
https://images.proteinatlas.org/7846/1918_E9_17_cr5cb4855b84311
https://images.proteinatlas.org/43105/2171_E9_57
https://images.proteinatlas.org/45556/2176_B11_28
https://images.proteinatlas.org/45556/2176_B11_56
https://images.proteinatlas.org/43105/2178_B12_48
https://images.proteinatlas.org/45556/2166_G9_36
https://images.proteinatlas.org/45556/2201_G10_42
https://images.proteinatlas.org/24470/2200_E6_11
https://images.proteinatlas.org/24470/2200_E6_31
https://images.proteinatlas.org/28562/2175_D8_29
https://images.proteinatlas.org/28538/1992_F8_45_cr5ed636704f9d9
https://images.proteinatlas.org/28538/1992_F8_32_cr5ed636704e18b
https://images.proteinatlas.org/28562/2232_A4_72
https://images.proteinatlas.org/28538/1985_G4_7_cr5f04c632cfce8
https://images.proteinatlas.org/14738/2177_B6_85
https://images.proteinatlas.org/14738/2150_F4_13
https://images.proteinatlas.org/14738/2150_F4_72
https://images.proteinatlas.org/14738/2147_F11_63
https://images.proteinatlas.org/14738/2147_F11_21
https://images.proteinatlas.org/45556/2166_G9_24
https://images.proteinatlas.org/18441/2150_D5_12
https://images.proteinatlas.org/18441/2150_D5_48
https://images.proteinatlas.org/45556/2201_G10_63
https://images.proteinatlas.org/18441/2149_F3_63
https://images.proteinatlas.org/46284/2183_D12_14
https://images.proteinatlas.org/46284/2232_H10_14
https://images.proteinatlas.org/46284/2232_H10_26
https://images.proteinatlas.org/46284/2201_A11_21
https://images.proteinatlas.org/46284/2201_A11_63
https://images.proteinatlas.org/28538/1985_G4_4_cr5f04c632ce536
https://images.proteinatlas.org/69872/2218_B8_6
https://images.proteinatlas.org/69872/2218_B8_41
https://images.proteinatlas.org/14738/2177_B6_126
https://images.proteinatlas.org/36854/2232_A1_24
https://images.proteinatlas.org/36854/2175_B1_70
https://images.proteinatlas.org/36854/2234_A1_63
https://images.proteinatlas.org/36854/2234_A1_42
https://images.proteinatlas.org/76885/1847_F7_58_cr5abb733e844c0
https://images.proteinatlas.org/42501/2240_G9_8
https://images.proteinatlas.org/18441/2149_F3_42
https://images.proteinatlas.org/74599/1751_G4_5_cr57fd2fa615234
https://images.proteinatlas.org/42501/2240_G9_22
https://images.proteinatlas.org/46284/2183_D12_70
https://images.proteinatlas.org/74599/1708_B2_28_cr57eaad1ed1b55
https://images.proteinatlas.org/74599/1708_B2_8_cr57eaad0f887c3
https://images.proteinatlas.org/46125/2124_E4_48
https://images.proteinatlas.org/46125/2128_B9_2
https://images.proteinatlas.org/36854/2175_B1_42
https://images.proteinatlas.org/46125/2200_F4_31
https://images.proteinatlas.org/46125/2128_B9_44
https://images.proteinatlas.org/36854/2232_A1_36
https://images.proteinatlas.org/16737/si30_B7_4
https://images.proteinatlas.org/16737/si30_B7_3
https://images.proteinatlas.org/16737/si30_B7_15
https://images.proteinatlas.org/16737/si30_B8_2
https://images.proteinatlas.org/16737/si30_B8_4
https://images.proteinatlas.org/16737/si30_B8_5
https://images.proteinatlas.org/74599/1751_G4_8_cr57fd2faf1a9d9
https://images.proteinatlas.org/16737/si30_B8_6
https://images.proteinatlas.org/16737/si30_B9_2
https://images.proteinatlas.org/46125/2124_E4_36
https://images.proteinatlas.org/16737/si30_B9_6
https://images.proteinatlas.org/16737/si30_B9_15
https://images.proteinatlas.org/47864/1645_G11_19_cr57b568f223f4d
https://images.proteinatlas.org/47864/2212_G10_21
https://images.proteinatlas.org/46125/2200_F4_36
https://images.proteinatlas.org/47864/2212_G10_26
https://images.proteinatlas.org/59473/2205_D9_11
https://images.proteinatlas.org/16737/si30_B7_8
https://images.proteinatlas.org/55392/1775_E2_18_cr595297d052794
https://images.proteinatlas.org/55392/1775_E2_3_cr595297d051d42
https://images.proteinatlas.org/61866/fp8_F2_2
https://images.proteinatlas.org/61866/fp8_C2_2
https://images.proteinatlas.org/54327/1751_D3_8_cr57fd2624ea536
https://images.proteinatlas.org/61866/fp8_C2_3
https://images.proteinatlas.org/54327/1751_D3_18_cr57fd262e2b967
https://images.proteinatlas.org/16737/si30_B9_3
https://images.proteinatlas.org/54327/1712_A7_13_cr5805124065228
https://images.proteinatlas.org/47864/1645_G11_15_cr57b568eb09215
https://images.proteinatlas.org/54327/1712_A7_18_cr580512497c98c
https://images.proteinatlas.org/54327/1709_C7_23_cr58048cf44dcf8
https://images.proteinatlas.org/58102/1955_E10_26_cr5dd24acc37ac9
https://images.proteinatlas.org/16664/2210_E1_29
https://images.proteinatlas.org/16664/2210_E1_56
https://images.proteinatlas.org/16664/2179_C1_10
https://images.proteinatlas.org/59473/2205_D9_31
https://images.proteinatlas.org/16664/2179_C1_45
https://images.proteinatlas.org/61866/fp8_F2_1
https://images.proteinatlas.org/16664/2201_D1_42
https://images.proteinatlas.org/60314/2204_C1_6
https://images.proteinatlas.org/73900/2043_D9_10_cr60c75179c3997
https://images.proteinatlas.org/73900/2043_D9_29_cr60c89a4007638
https://images.proteinatlas.org/35251/2169_H6_14
https://images.proteinatlas.org/35251/2169_H6_70
https://images.proteinatlas.org/35251/2152_D1_12
https://images.proteinatlas.org/54327/1709_C7_13_cr58048cead10bc
https://images.proteinatlas.org/35251/2152_D1_32
https://images.proteinatlas.org/58102/1955_E10_21_cr5dd24acc36876
https://images.proteinatlas.org/35251/2146_F5_63
https://images.proteinatlas.org/30391/2167_A1_14
https://images.proteinatlas.org/30391/2120_H4_12
https://images.proteinatlas.org/30391/2120_H4_36
https://images.proteinatlas.org/30391/2131_F8_22
https://images.proteinatlas.org/16664/2201_D1_64
https://images.proteinatlas.org/30391/2131_F8_44
https://images.proteinatlas.org/27453/2150_F9_13
https://images.proteinatlas.org/60314/2204_C1_11
https://images.proteinatlas.org/27453/2148_B8_42
https://images.proteinatlas.org/27453/2148_B8_64
https://images.proteinatlas.org/44383/2244_F10_48
https://images.proteinatlas.org/38941/1642_C6_11_cr57bc61ba04221
https://images.proteinatlas.org/38941/1642_C6_19_cr57bc61c0517e8
https://images.proteinatlas.org/35251/2146_F5_84
https://images.proteinatlas.org/38941/2153_B9_12
https://images.proteinatlas.org/30391/2167_A1_28
https://images.proteinatlas.org/38941/2153_B9_34
https://images.proteinatlas.org/38941/2148_B7_84
https://images.proteinatlas.org/39570/2177_G3_70
https://images.proteinatlas.org/39570/2146_F10_21
https://images.proteinatlas.org/39570/2165_H3_48
https://images.proteinatlas.org/39570/2146_F10_84
https://images.proteinatlas.org/27453/2150_F9_36
https://images.proteinatlas.org/34835/1788_F5_10_cr5971d74b481a3
https://images.proteinatlas.org/44383/2244_F10_12
https://images.proteinatlas.org/34835/1788_F5_29_cr5971d74b499c2
https://images.proteinatlas.org/34835/1706_G9_13_cr6038c6dd010f7
https://images.proteinatlas.org/34835/2238_B7_15
https://images.proteinatlas.org/28997/2239_C7_8
https://images.proteinatlas.org/28997/2239_C7_36
https://images.proteinatlas.org/39837/fp14_F6_1
https://images.proteinatlas.org/38941/2148_B7_42
https://images.proteinatlas.org/39837/fp14_F6_2
https://images.proteinatlas.org/39570/2177_G3_28
https://images.proteinatlas.org/39837/fp14_C6_1
https://images.proteinatlas.org/64843/2168_A10_15
https://images.proteinatlas.org/64843/2123_D7_24
https://images.proteinatlas.org/64843/2123_D7_48
https://images.proteinatlas.org/64843/2127_F9_21
https://images.proteinatlas.org/64843/2127_F9_42
https://images.proteinatlas.org/47833/2210_A6_56
https://images.proteinatlas.org/34835/1706_G9_3_cr6038c6dd006c1
https://images.proteinatlas.org/34835/2238_B7_1
https://images.proteinatlas.org/47833/2210_A6_98
https://images.proteinatlas.org/47833/2179_F7_24
https://images.proteinatlas.org/65290/2176_D11_28
https://images.proteinatlas.org/65290/2160_C5_12
https://images.proteinatlas.org/65290/2160_C5_24
https://images.proteinatlas.org/53582/1916_A3_3_cr5c99f1c270217
https://images.proteinatlas.org/39837/fp14_C6_2
https://images.proteinatlas.org/53582/1916_A3_20_cr5c99f1c2712b3
https://images.proteinatlas.org/28601/2153_A10_24
https://images.proteinatlas.org/64843/2168_A10_26
https://images.proteinatlas.org/28601/2146_G10_21
https://images.proteinatlas.org/28601/2146_G10_64
https://images.proteinatlas.org/54031/2176_B2_70
https://images.proteinatlas.org/54031/2161_H2_36
https://images.proteinatlas.org/54031/2161_H2_48
https://images.proteinatlas.org/54031/2145_G4_21
https://images.proteinatlas.org/47833/2179_F7_60
https://images.proteinatlas.org/54031/2145_G4_42
https://images.proteinatlas.org/65290/2176_D11_14
https://images.proteinatlas.org/54031/2205_H7_11
https://images.proteinatlas.org/69320/1775_A2_23_cr595294f723da3
https://images.proteinatlas.org/30338/1893_H21_4_cr5bbdf6f89e20d
https://images.proteinatlas.org/30338/1893_H21_27_cr5bbdf6f89e5b1
https://images.proteinatlas.org/51352/1954_G1_52_cr5df8f9ee87a48
https://images.proteinatlas.org/51352/1954_G1_57_cr5df8f9ee8882e
https://images.proteinatlas.org/28601/2153_A10_36
https://images.proteinatlas.org/6479/1825_G10_5_cr5ac32dec139e3
https://images.proteinatlas.org/6479/1825_G10_22_cr5ac32dec149d6
https://images.proteinatlas.org/54031/2176_B2_56
https://images.proteinatlas.org/36738/1864_A2_24_cr5afd751d2d74d
https://images.proteinatlas.org/75430/1715_H3_13_cr57fd134c6f86e
https://images.proteinatlas.org/75430/2165_A11_12
https://images.proteinatlas.org/75430/2165_A11_36
https://images.proteinatlas.org/75430/2136_F7_21
https://images.proteinatlas.org/75430/2136_F7_63
https://images.proteinatlas.org/54031/2205_H7_21
https://images.proteinatlas.org/69320/1775_A2_28_cr595294f724e77
https://images.proteinatlas.org/43466/2171_H2_28
https://images.proteinatlas.org/43466/2171_H2_56
https://images.proteinatlas.org/35526/fp11_F7_3
https://images.proteinatlas.org/35526/fp11_F7_6
https://images.proteinatlas.org/35526/fp12_F2_1
https://images.proteinatlas.org/35526/fp12_F2_2
https://images.proteinatlas.org/35526/fp12_C2_2
https://images.proteinatlas.org/36738/1864_A2_8_cr5afd751d29e21
https://images.proteinatlas.org/35526/fp12_C2_3
https://images.proteinatlas.org/75430/1715_H3_18_cr57fd1355d3eb4
https://images.proteinatlas.org/35526/fp11_C7_1
https://images.proteinatlas.org/75932/1712_E5_13_cr5805024a22115
https://images.proteinatlas.org/39138/1925_A12_6_cr5cd55468112e3
https://images.proteinatlas.org/39138/1925_A12_24_cr5cd5546812320
https://images.proteinatlas.org/39077/1925_C8_20_cr5cd5678d21ec4
https://images.proteinatlas.org/39077/1925_C8_26_cr5cd5678d248af
https://images.proteinatlas.org/28305/2168_B6_56
https://images.proteinatlas.org/43466/2120_E6_36
https://images.proteinatlas.org/43466/2120_E6_48
https://images.proteinatlas.org/28305/2168_B6_70
https://images.proteinatlas.org/28305/2150_E7_13
https://images.proteinatlas.org/28305/2145_D4_84
https://images.proteinatlas.org/28305/2194_D5_16
https://images.proteinatlas.org/28305/2194_D5_31
https://images.proteinatlas.org/46354/2237_F8_29
https://images.proteinatlas.org/35526/fp11_C7_2
https://images.proteinatlas.org/46354/2237_F8_36
https://images.proteinatlas.org/75932/1712_E5_28_cr5805025cbf50a
https://images.proteinatlas.org/50835/2166_A7_11
https://images.proteinatlas.org/50835/2201_H7_17
https://images.proteinatlas.org/50835/2176_G7_28
https://images.proteinatlas.org/50835/2201_H7_43
https://images.proteinatlas.org/41815/2167_D8_98
https://images.proteinatlas.org/28305/2150_E7_24
https://images.proteinatlas.org/41815/2167_D8_112
https://images.proteinatlas.org/28305/2145_D4_42
https://images.proteinatlas.org/41815/2121_G7_12
https://images.proteinatlas.org/41815/2132_C3_21
https://images.proteinatlas.org/41815/2230_B10_26
https://images.proteinatlas.org/41815/2230_B10_36
https://images.proteinatlas.org/49123/si8_F7_3
https://images.proteinatlas.org/49123/si8_F7_4
https://images.proteinatlas.org/50835/2176_G7_56
https://images.proteinatlas.org/49123/si8_F7_5
https://images.proteinatlas.org/49123/si8_F7_8
https://images.proteinatlas.org/50835/2166_A7_37
https://images.proteinatlas.org/49123/si8_F8_4
https://images.proteinatlas.org/49123/si8_F8_6
https://images.proteinatlas.org/49123/si8_F9_2
https://images.proteinatlas.org/49123/si8_F9_4
https://images.proteinatlas.org/49123/si8_F9_5
https://images.proteinatlas.org/49123/si8_F9_6
https://images.proteinatlas.org/41815/2121_G7_24
https://images.proteinatlas.org/1863/fp25_E3_1
https://images.proteinatlas.org/41815/2132_C3_63
https://images.proteinatlas.org/1863/fp25_E3_3
https://images.proteinatlas.org/1863/fp26_E2_2
https://images.proteinatlas.org/1863/fp25_B3_5
https://images.proteinatlas.org/1863/fp26_B2_1
https://images.proteinatlas.org/1863/fp26_B2_2
https://images.proteinatlas.org/17142/si21_C5_2
https://images.proteinatlas.org/49123/si8_F8_3
https://images.proteinatlas.org/17142/si21_C5_4
https://images.proteinatlas.org/17142/si21_C6_3
https://images.proteinatlas.org/49123/si8_F8_7
https://images.proteinatlas.org/46109/fp6_E7_1
https://images.proteinatlas.org/46109/fp6_E7_3
https://images.proteinatlas.org/46109/fp6_B7_3
https://images.proteinatlas.org/75251/1861_F8_12_cr5aeb597a3dea3
https://images.proteinatlas.org/75251/1861_F8_17_cr5aeb597a3f1f2
https://images.proteinatlas.org/35435/2238_F8_15
https://images.proteinatlas.org/1863/fp26_E2_1
https://images.proteinatlas.org/1863/fp25_B3_3
https://images.proteinatlas.org/35435/2238_F8_50
https://images.proteinatlas.org/47008/2195_A10_26
https://images.proteinatlas.org/5855/2015_C7_20_cr5f6359564e30e
https://images.proteinatlas.org/36714/2185_A8_42
https://images.proteinatlas.org/36714/2185_A8_56
https://images.proteinatlas.org/36714/2186_A7_24
https://images.proteinatlas.org/36714/2186_A7_48
https://images.proteinatlas.org/17142/si21_C6_4
https://images.proteinatlas.org/36714/2234_D7_21
https://images.proteinatlas.org/46109/fp6_B7_2
https://images.proteinatlas.org/36714/2234_D7_63
https://images.proteinatlas.org/73223/1872_B5_26_cr5b61c2a7942ae
https://images.proteinatlas.org/40600/2216_D7_26
https://images.proteinatlas.org/26907/1767_A9_17_cr594ba41cd715d
https://images.proteinatlas.org/26907/1767_A9_21_cr594ba41cd730c
https://images.proteinatlas.org/53314/2179_D12_25
https://images.proteinatlas.org/53314/2179_D12_48
https://images.proteinatlas.org/47008/2195_A10_41
https://images.proteinatlas.org/5855/2015_C7_6_cr5f6359564dd40
https://images.proteinatlas.org/53314/2205_F11_31
https://images.proteinatlas.org/53314/2205_F11_41
https://images.proteinatlas.org/37864/2121_E2_13
https://images.proteinatlas.org/37864/2121_E2_48
https://images.proteinatlas.org/37864/2132_D10_21
https://images.proteinatlas.org/37864/2132_D10_63
https://images.proteinatlas.org/73223/1872_B5_12_cr5b7e77f9ce540
https://images.proteinatlas.org/41515/2121_A1_20
https://images.proteinatlas.org/40600/2216_D7_16
https://images.proteinatlas.org/41515/2121_A1_43
https://images.proteinatlas.org/41515/2127_G3_42
https://images.proteinatlas.org/77313/2218_C5_41
https://images.proteinatlas.org/36846/si8_H4_3
https://images.proteinatlas.org/36846/si8_H4_4
https://images.proteinatlas.org/36846/si8_H5_3
https://images.proteinatlas.org/36846/si8_H5_4
https://images.proteinatlas.org/37864/2167_G2_14
https://images.proteinatlas.org/37864/2167_G2_84
https://images.proteinatlas.org/36846/si8_H6_3
https://images.proteinatlas.org/36846/si8_H6_4
https://images.proteinatlas.org/36594/2184_C12_12
https://images.proteinatlas.org/36594/2184_C12_48
https://images.proteinatlas.org/67503/2176_C4_28
https://images.proteinatlas.org/67503/2176_C4_42
https://images.proteinatlas.org/67503/2160_E1_24
https://images.proteinatlas.org/41515/2127_G3_22
https://images.proteinatlas.org/67503/2160_E1_37
https://images.proteinatlas.org/77313/2218_C5_26
https://images.proteinatlas.org/67503/2146_E5_42
https://images.proteinatlas.org/56974/1753_H1_3_cr57f3cafaa92fe
https://images.proteinatlas.org/14091/1740_E4_3_cr57fce64f28518
https://images.proteinatlas.org/14091/1740_E4_17_cr57fce65847914
https://images.proteinatlas.org/3884/2200_B5_11
https://images.proteinatlas.org/3884/2200_B5_36
https://images.proteinatlas.org/36594/1983_D5_10_cr5e58ed944bf51
https://images.proteinatlas.org/37798/2237_C2_8
https://images.proteinatlas.org/36594/1983_D5_16_cr5e58ed944c964
https://images.proteinatlas.org/37798/2237_C2_36
https://images.proteinatlas.org/2643/2215_E9_21
https://images.proteinatlas.org/58195/1855_D8_23_cr5ad88133c0ec2
https://images.proteinatlas.org/53335/2177_F6_70
https://images.proteinatlas.org/53335/2177_F6_84
https://images.proteinatlas.org/53335/2191_B11_25
https://images.proteinatlas.org/67503/2146_E5_84
https://images.proteinatlas.org/53335/2191_B11_36
https://images.proteinatlas.org/53335/2201_G6_21
https://images.proteinatlas.org/56974/1753_H1_13_cr57f3cb0334356
https://images.proteinatlas.org/37802/2166_D8_24
https://images.proteinatlas.org/37802/2166_D8_48
https://images.proteinatlas.org/69871/1891_G16_12_cr5bbdbc9f4bfff
https://images.proteinatlas.org/54641/1749_C6_8_cr5804c6cb0f6c7
https://images.proteinatlas.org/54641/1749_C6_18_cr5804c6d48698e
https://images.proteinatlas.org/54641/1782_B1_7_cr596b5f3cb4a8a
https://images.proteinatlas.org/2643/2215_E9_1
https://images.proteinatlas.org/54641/1782_B1_17_cr596b5f3cb51d0
https://images.proteinatlas.org/58195/1855_D8_9_cr5ad88133c0b4b
https://images.proteinatlas.org/5665/2169_C7_14
https://images.proteinatlas.org/5665/2151_F7_24
https://images.proteinatlas.org/5665/2134_F5_22
https://images.proteinatlas.org/5665/2134_F5_42
https://images.proteinatlas.org/5665/2200_E8_11
https://images.proteinatlas.org/5665/2200_E8_31
https://images.proteinatlas.org/53335/2201_G6_42
https://images.proteinatlas.org/26094/2218_E8_11
https://images.proteinatlas.org/26094/2218_E8_31
https://images.proteinatlas.org/69871/1891_G16_4_cr5bbdbc9f4b385
https://images.proteinatlas.org/18138/1745_D8_27_cr580622829d0fc
https://images.proteinatlas.org/18138/1736_D8_3_cr5806000a3e549
https://images.proteinatlas.org/7525/1718_H6_13_cr57f758318237a
https://images.proteinatlas.org/7525/1718_H6_28_cr57f7584e45197
https://images.proteinatlas.org/52636/2210_D10_56
https://images.proteinatlas.org/52636/2210_D10_70
https://images.proteinatlas.org/5665/2169_C7_56
https://images.proteinatlas.org/5665/2151_F7_48
https://images.proteinatlas.org/52636/2166_B7_24
https://images.proteinatlas.org/52636/2166_B7_36
https://images.proteinatlas.org/77928/1692_G11_13_cr57d27214e11fa
https://images.proteinatlas.org/77928/1692_G11_18_cr57d2721b0e426
https://images.proteinatlas.org/58624/2210_C7_28
https://images.proteinatlas.org/58624/2210_C7_70
https://images.proteinatlas.org/58624/2160_H9_48
https://images.proteinatlas.org/18138/1745_D8_16_cr580622799cbda
https://images.proteinatlas.org/58624/2136_B9_42
https://images.proteinatlas.org/18138/1736_D8_7_cr580600138425b
https://images.proteinatlas.org/58624/2136_B9_84
https://images.proteinatlas.org/58624/2209_A5_26
https://images.proteinatlas.org/76093/1744_B11_8_cr57fe28970f3c3
https://images.proteinatlas.org/76093/1740_B11_33_cr57fb79814f449
https://images.proteinatlas.org/76093/1740_B11_38_cr57fb7989ecd32
https://images.proteinatlas.org/49626/1789_F3_20_cr598d919867186
https://images.proteinatlas.org/49626/1789_F3_29_cr596f1f58dd5ed
https://images.proteinatlas.org/77928/1700_B2_2_cr57eac1f9cd6c4
https://images.proteinatlas.org/77928/1700_B2_22_cr57eac2013932a
https://images.proteinatlas.org/49626/2217_D5_6
https://images.proteinatlas.org/49626/2217_D5_11
https://images.proteinatlas.org/23763/1717_F4_17_cr60d9b47fc96a2
https://images.proteinatlas.org/23763/1717_F4_23_cr60a27e2df27a3
https://images.proteinatlas.org/23763/1740_A8_13_cr58072d06ee8f5
https://images.proteinatlas.org/23763/1740_A8_17_cr58072d0fdd42d
https://images.proteinatlas.org/58624/2209_A5_16
https://images.proteinatlas.org/61655/1801_B4_4_cr59ca0d3dc6143
https://images.proteinatlas.org/61655/1801_B4_6_cr59c4f4e721d1a
https://images.proteinatlas.org/76093/1744_B11_4_cr57fe288b4bc26
https://images.proteinatlas.org/68274/2168_C10_84
https://images.proteinatlas.org/68274/2121_H5_36
https://images.proteinatlas.org/68274/2131_D6_66
https://images.proteinatlas.org/68274/2131_D6_88
https://images.proteinatlas.org/21286/2179_F1_19
https://images.proteinatlas.org/21286/2179_F1_31
https://images.proteinatlas.org/68464/1775_C7_18_cr595296a89eded
https://images.proteinatlas.org/68464/1775_C7_23_cr595296a89fddb
https://images.proteinatlas.org/21286/2206_D1_22
https://images.proteinatlas.org/21286/2206_D1_63
https://images.proteinatlas.org/10983/2178_A11_25
https://images.proteinatlas.org/10983/2178_A11_60
https://images.proteinatlas.org/20044/si21_E8_4
https://images.proteinatlas.org/20044/si21_E8_2
https://images.proteinatlas.org/68274/2168_C10_70
https://images.proteinatlas.org/20044/si21_E8_6
https://images.proteinatlas.org/20044/si21_E8_7
https://images.proteinatlas.org/68274/2121_H5_48
https://images.proteinatlas.org/20044/si21_E9_4
https://images.proteinatlas.org/20044/si21_E9_7
https://images.proteinatlas.org/58613/1742_C8_3_cr580495b1126ea
https://images.proteinatlas.org/58613/1742_C8_17_cr580495ba5c167
https://images.proteinatlas.org/29595/1787_G2_10_cr5968be07bf14b
https://images.proteinatlas.org/29595/1787_G2_16_cr5968be07bf890
https://images.proteinatlas.org/10983/1667_G6_19_cr57ea77cb3dafe
https://images.proteinatlas.org/10983/1667_G6_29_cr57ea77d2efc3f
https://images.proteinatlas.org/67233/1955_G5_23_cr5dd53b890d8e4
https://images.proteinatlas.org/67233/1955_G5_26_cr5dd53b890ec2f
https://images.proteinatlas.org/60196/2171_H6_56
https://images.proteinatlas.org/60196/2171_H6_70
https://images.proteinatlas.org/8346/si13_H1_1
https://images.proteinatlas.org/8346/si13_H1_4
https://images.proteinatlas.org/20044/si21_E9_3
https://images.proteinatlas.org/8346/si13_H1_5
https://images.proteinatlas.org/8346/si13_H2_1
https://images.proteinatlas.org/20044/si21_E9_8
https://images.proteinatlas.org/8346/si13_H2_8
https://images.proteinatlas.org/8346/si13_H3_3
https://images.proteinatlas.org/8346/si13_H3_7
https://images.proteinatlas.org/63294/1695_B7_13_cr57d851f23a598
https://images.proteinatlas.org/63294/1695_B7_18_cr57d851fa1ba65
https://images.proteinatlas.org/17991/2165_D3_13
https://images.proteinatlas.org/29008/2043_D10_25_cr6094eccdd5152
https://images.proteinatlas.org/29008/2043_D10_30_cr6094eccdd60b2
https://images.proteinatlas.org/17991/2165_D3_48
https://images.proteinatlas.org/17991/2149_D10_64
https://images.proteinatlas.org/44504/2211_C6_41
https://images.proteinatlas.org/53008/2205_A1_31
https://images.proteinatlas.org/53008/2205_A1_41
https://images.proteinatlas.org/7108/1867_D7_3_cr5b6b0f373c2e4
https://images.proteinatlas.org/8346/si13_H2_2
https://images.proteinatlas.org/19697/si29_C7_3
https://images.proteinatlas.org/7108/1867_D7_21_cr5b6b0f373cd60
https://images.proteinatlas.org/8346/si13_H3_4
https://images.proteinatlas.org/19697/si29_C7_13
https://images.proteinatlas.org/19697/si29_C7_20
https://images.proteinatlas.org/19697/si29_C9_4
https://images.proteinatlas.org/19697/si29_C9_11
https://images.proteinatlas.org/19697/si29_C9_17
https://images.proteinatlas.org/19804/1859_C1_1_cr5acf1923533d4
https://images.proteinatlas.org/17991/2149_D10_84
https://images.proteinatlas.org/44504/2211_C6_11
https://images.proteinatlas.org/19804/1859_C1_8_cr5acf192353373
https://images.proteinatlas.org/71185/2176_H8_15
https://images.proteinatlas.org/71185/2135_D4_21
https://images.proteinatlas.org/71185/2135_D4_42
https://images.proteinatlas.org/71185/2199_H10_16
https://images.proteinatlas.org/71185/2199_H10_41
https://images.proteinatlas.org/19697/si29_C7_4
https://images.proteinatlas.org/21431/188_G7_3
https://images.proteinatlas.org/21431/188_G7_4
https://images.proteinatlas.org/19697/si29_C9_3
https://images.proteinatlas.org/8355/2168_F12_126
https://images.proteinatlas.org/8355/2151_F6_36
https://images.proteinatlas.org/8355/2146_D10_21
https://images.proteinatlas.org/8355/2146_D10_63
https://images.proteinatlas.org/57220/1719_A7_13_cr5804ba5e3a497
https://images.proteinatlas.org/57220/1719_A7_18_cr5804ba67c788b
https://images.proteinatlas.org/71185/2165_A8_13
https://images.proteinatlas.org/71185/2165_A8_36
https://images.proteinatlas.org/44001/2211_G3_1
https://images.proteinatlas.org/44001/2211_G3_26
https://images.proteinatlas.org/55891/1864_H1_7_cr5afd6a37018ae
https://images.proteinatlas.org/55891/1864_H1_29_cr5afd6a3702506
https://images.proteinatlas.org/73230/1797_D4_49_cr5bf56dcfb638e
https://images.proteinatlas.org/73230/1797_D4_54_cr5bf56dcfb6bd0
https://images.proteinatlas.org/51548/2161_B10_36
https://images.proteinatlas.org/8355/2168_F12_28
https://images.proteinatlas.org/51548/2161_B10_48
https://images.proteinatlas.org/8355/2151_F6_41
https://images.proteinatlas.org/51548/2147_G3_21
https://images.proteinatlas.org/76699/1985_F11_14_cr5e57927d10b2e
https://images.proteinatlas.org/43949/2215_G10_26
https://images.proteinatlas.org/43949/2215_G10_41
https://images.proteinatlas.org/60948/1768_G5_15_cr5950c7ed006f6
https://images.proteinatlas.org/60948/1768_G5_19_cr5950c7ed03157
https://images.proteinatlas.org/48106/1753_G3_8_cr57f3ed5ced8da
https://images.proteinatlas.org/39356/1825_G7_37_cr5ac34600d8353
https://images.proteinatlas.org/48106/1753_G3_19_cr57f3ed66510db
https://images.proteinatlas.org/39356/1825_G7_50_cr5bb4856a8a0f1
https://images.proteinatlas.org/39356/2133_F8_84
https://images.proteinatlas.org/2894/2185_A6_70
https://images.proteinatlas.org/2894/2186_C5_72
https://images.proteinatlas.org/2894/2186_C5_84
https://images.proteinatlas.org/2894/2201_C6_63
https://images.proteinatlas.org/51548/2147_G3_84
https://images.proteinatlas.org/16736/si13_B1_3
https://images.proteinatlas.org/76699/1985_F11_18_cr5e57927d11223
https://images.proteinatlas.org/2894/2201_C6_84
https://images.proteinatlas.org/16736/si13_B1_6
https://images.proteinatlas.org/16736/si13_B2_3
https://images.proteinatlas.org/16736/si13_B2_8
https://images.proteinatlas.org/16736/si13_B3_3
https://images.proteinatlas.org/16736/si13_B3_4
https://images.proteinatlas.org/16736/si13_B3_5
https://images.proteinatlas.org/39356/2133_F8_60
https://images.proteinatlas.org/2894/2185_A6_15
https://images.proteinatlas.org/3310/2167_E1_14
https://images.proteinatlas.org/3310/2167_E1_28
https://images.proteinatlas.org/3310/2131_G10_66
https://images.proteinatlas.org/3310/2209_F10_11
https://images.proteinatlas.org/3310/2131_G10_88
https://images.proteinatlas.org/16736/si13_B2_2
https://images.proteinatlas.org/19827/2238_D4_8
https://images.proteinatlas.org/3310/2209_F10_41
https://images.proteinatlas.org/16736/si13_B1_4
https://images.proteinatlas.org/73224/1702_H4_13_cr57eab5c0071f4
https://images.proteinatlas.org/73224/1702_H4_19_cr57eab5c8b4bf1
https://images.proteinatlas.org/73224/1637_D12_14_cr57a1d257431ef
https://images.proteinatlas.org/74089/2176_A8_42
https://images.proteinatlas.org/3310/2120_C1_12
https://images.proteinatlas.org/3310/2120_C1_36
https://images.proteinatlas.org/74089/2176_A8_56
https://images.proteinatlas.org/74089/2178_B8_48
https://images.proteinatlas.org/74089/2201_C8_105
https://images.proteinatlas.org/3027/1899_C11_6_cr5ba1f54fd5ccb
https://images.proteinatlas.org/3027/1899_C11_21_cr5ba1f54fd5ccb
https://images.proteinatlas.org/21443/2169_A2_42
https://images.proteinatlas.org/21443/2238_G7_8
https://images.proteinatlas.org/19827/2238_D4_29
https://images.proteinatlas.org/22243/2200_A11_1
https://images.proteinatlas.org/73224/1637_D12_1_cr57a1d250e373f
https://images.proteinatlas.org/21443/2238_G7_29
https://images.proteinatlas.org/6291/1847_C4_35_cr5abb5df1d3f6f
https://images.proteinatlas.org/6360/2229_G2_16
https://images.proteinatlas.org/30745/1768_C12_2_cr594bb4c9931ee
https://images.proteinatlas.org/30745/1768_C12_28_cr594bb4c993c60
https://images.proteinatlas.org/74089/2178_B8_60
https://images.proteinatlas.org/7718/2167_G3_70
https://images.proteinatlas.org/7718/2120_F4_24
https://images.proteinatlas.org/7718/2200_G4_1
https://images.proteinatlas.org/74089/2201_C8_42
https://images.proteinatlas.org/30703/1797_D2_31_cr59d4dbe08231d
https://images.proteinatlas.org/30703/1797_D2_59_cr59d4dbe0824b3
https://images.proteinatlas.org/36655/1781_F1_29_cr596dc90203c13
https://images.proteinatlas.org/66403/1827_G2_1_cr5ac377d83031d
https://images.proteinatlas.org/66403/1827_G2_17_cr5ac377d830d0c
https://images.proteinatlas.org/22243/2200_A11_11
https://images.proteinatlas.org/3417/2171_F1_42
https://images.proteinatlas.org/3417/2171_F1_70
https://images.proteinatlas.org/6360/2229_G2_6
https://images.proteinatlas.org/3886/2211_B12_26
https://images.proteinatlas.org/42150/2202_D3_31
https://images.proteinatlas.org/24269/1871_F11_2_cr5b48858564770
https://images.proteinatlas.org/24269/1871_F11_17_cr5b4885856590b
https://images.proteinatlas.org/7718/2120_F4_36
https://images.proteinatlas.org/36604/2177_G5_28
https://images.proteinatlas.org/36604/2177_G5_56
https://images.proteinatlas.org/36604/2146_C6_84
https://images.proteinatlas.org/36655/1781_F1_20_cr596dc90203ca0
https://images.proteinatlas.org/26598/si20_H10_2
https://images.proteinatlas.org/26598/si20_H10_3
https://images.proteinatlas.org/26598/si20_H11_2
https://images.proteinatlas.org/26598/si20_H11_3
https://images.proteinatlas.org/26598/si20_H11_5
https://images.proteinatlas.org/26598/si20_H12_2
https://images.proteinatlas.org/3886/2211_B12_21
https://images.proteinatlas.org/26598/si20_H12_4
https://images.proteinatlas.org/42150/2202_D3_41
https://images.proteinatlas.org/26598/si20_H12_6
https://images.proteinatlas.org/21125/2150_B2_36
https://images.proteinatlas.org/21125/2134_D6_63
https://images.proteinatlas.org/3198/2151_H7_12
https://images.proteinatlas.org/3198/2151_H7_48
https://images.proteinatlas.org/36604/2146_C6_21
https://images.proteinatlas.org/3198/2229_G9_11
https://images.proteinatlas.org/38521/1878_F12_15_cr5b7d3f4ce24d8
https://images.proteinatlas.org/26598/si20_H10_7
https://images.proteinatlas.org/48437/2166_D2_24
https://images.proteinatlas.org/17970/1752_B1_18_cr5804bf34eb55b
https://images.proteinatlas.org/50336/1712_H6_3_cr58051277f151a
https://images.proteinatlas.org/50336/1712_H6_8_cr58051281ba21b
https://images.proteinatlas.org/70605/1801_H2_8_cr59c2883734ffc
https://images.proteinatlas.org/70605/1801_H2_30_cr59c28837361a4
https://images.proteinatlas.org/17997/2169_E2_56
https://images.proteinatlas.org/17997/2169_E2_84
https://images.proteinatlas.org/21125/2134_D6_21
https://images.proteinatlas.org/21125/2150_B2_24
https://images.proteinatlas.org/17997/2150_D3_12
https://images.proteinatlas.org/17997/2150_D3_24
https://images.proteinatlas.org/40741/fp14_E3_2
https://images.proteinatlas.org/40741/fp14_E3_3
https://images.proteinatlas.org/38521/1878_F12_30_cr5b7d3f4ce24ca
https://images.proteinatlas.org/40741/fp14_B3_4
https://images.proteinatlas.org/40741/fp14_B3_5
https://images.proteinatlas.org/3264/1891_C3_16_cr5b9910f226295
https://images.proteinatlas.org/17970/1752_B1_23_cr5804bf3f0b32e
https://images.proteinatlas.org/54097/1742_D4_23_cr5804932698cce
https://images.proteinatlas.org/54097/1742_D4_27_cr58049332516fc
https://images.proteinatlas.org/53851/1753_E4_18_cr57f3d78f3b595
https://images.proteinatlas.org/76949/1872_F10_15_cr5b504d53b3680
https://images.proteinatlas.org/76949/1732_D6_13_cr580623ced6d9c
https://images.proteinatlas.org/76949/1872_F10_22_cr5b504d53b4397
https://images.proteinatlas.org/17997/2148_H9_21
https://images.proteinatlas.org/76949/1732_D6_18_cr580623d82b02e
https://images.proteinatlas.org/74584/1983_A3_1_cr5e5cff48e2d94
https://images.proteinatlas.org/17997/2148_H9_63
https://images.proteinatlas.org/46810/2217_F3_1
https://images.proteinatlas.org/46810/2217_F3_16
https://images.proteinatlas.org/41755/1753_B1_18_cr57f3c7131421e
https://images.proteinatlas.org/3264/1891_C3_8_cr5b9910f22626b
https://images.proteinatlas.org/41755/2184_E4_48
https://images.proteinatlas.org/41755/2184_E4_60
https://images.proteinatlas.org/41755/2239_F3_29
https://images.proteinatlas.org/53851/1753_E4_13_cr57f3d7855e52e
https://images.proteinatlas.org/23247/2176_A6_12
https://images.proteinatlas.org/23247/2176_A6_40
https://images.proteinatlas.org/23247/2165_G5_60
https://images.proteinatlas.org/23247/2146_F6_16
https://images.proteinatlas.org/23247/2146_F6_79
https://images.proteinatlas.org/23247/2237_B11_15
https://images.proteinatlas.org/23247/2237_B11_29
https://images.proteinatlas.org/74584/1983_A3_8_cr5e58e1cad260e
https://images.proteinatlas.org/41224/si10_D1_3
https://images.proteinatlas.org/41755/1753_B1_13_cr57f3c70a69919
https://images.proteinatlas.org/41224/si10_D2_1
https://images.proteinatlas.org/41224/si10_D1_4
https://images.proteinatlas.org/41224/si10_D3_3
https://images.proteinatlas.org/41224/si10_D2_6
https://images.proteinatlas.org/41755/2239_F3_22
https://images.proteinatlas.org/41224/si10_D3_4
https://images.proteinatlas.org/41224/si10_D3_8
https://images.proteinatlas.org/23247/2165_G5_36
https://images.proteinatlas.org/42709/2179_F2_13
https://images.proteinatlas.org/42709/2185_A2_70
https://images.proteinatlas.org/42709/2206_D5_42
https://images.proteinatlas.org/42709/2206_D5_63
https://images.proteinatlas.org/42709/2237_D9_1
https://images.proteinatlas.org/42709/2237_D9_50
https://images.proteinatlas.org/41224/si10_D1_7
https://images.proteinatlas.org/12720/1752_C1_2_cr5804bfa7d57a4
https://images.proteinatlas.org/12720/1752_C1_8_cr5804bfb37c6f5
https://images.proteinatlas.org/41224/si10_D2_2
https://images.proteinatlas.org/45442/2217_B6_41
https://images.proteinatlas.org/43145/2168_F2_43
https://images.proteinatlas.org/43145/2121_G3_12
https://images.proteinatlas.org/42709/2185_A2_14
https://images.proteinatlas.org/43145/2121_G3_24
https://images.proteinatlas.org/43145/2131_E11_67
https://images.proteinatlas.org/71194/2232_H9_24
https://images.proteinatlas.org/42709/2179_F2_36
https://images.proteinatlas.org/71194/2232_H9_36
https://images.proteinatlas.org/40262/2200_E11_11
https://images.proteinatlas.org/1861/2209_A6_1
https://images.proteinatlas.org/1861/2209_A6_6
https://images.proteinatlas.org/69176/2183_D1_30
https://images.proteinatlas.org/69176/2183_D1_15
https://images.proteinatlas.org/45442/2217_B6_11
https://images.proteinatlas.org/69176/2160_B1_36
https://images.proteinatlas.org/69176/2160_B1_12
https://images.proteinatlas.org/43145/2168_F2_57
https://images.proteinatlas.org/69176/2148_A1_49
https://images.proteinatlas.org/69176/2228_D10_6
https://images.proteinatlas.org/76623/1751_H9_15_cr57fd2938aa29f
https://images.proteinatlas.org/76623/1751_H9_24_cr57fd29419b344
https://images.proteinatlas.org/43145/2131_E11_88
https://images.proteinatlas.org/58973/1855_D3_18_cr5ad8776517e9d
https://images.proteinatlas.org/58973/1855_D3_30_cr5ad87765188bd
https://images.proteinatlas.org/40262/2200_E11_26
https://images.proteinatlas.org/41805/2232_B10_36
https://images.proteinatlas.org/41805/2171_F9_98
https://images.proteinatlas.org/41805/2234_E11_84
https://images.proteinatlas.org/41805/2234_E11_105
https://images.proteinatlas.org/20664/1877_C7_1_cr5b76d518dc1f6
https://images.proteinatlas.org/20664/1877_C7_26_cr5b76d518dcc5d
https://images.proteinatlas.org/66488/2218_C9_26
https://images.proteinatlas.org/69176/2148_A1_28
https://images.proteinatlas.org/66488/2218_C9_21
https://images.proteinatlas.org/69176/2228_D10_31
https://images.proteinatlas.org/46300/2176_F1_14
https://images.proteinatlas.org/46300/2166_H1_24
https://images.proteinatlas.org/46300/2201_D2_37
https://images.proteinatlas.org/46300/2201_D2_105
https://images.proteinatlas.org/41805/2171_F9_70
https://images.proteinatlas.org/4125/2202_H7_6
https://images.proteinatlas.org/4125/2202_H7_16
https://images.proteinatlas.org/41805/2232_B10_48
https://images.proteinatlas.org/4125/si11_C1_4
https://images.proteinatlas.org/4125/si11_C2_2
https://images.proteinatlas.org/4125/si11_C3_3
https://images.proteinatlas.org/4125/si11_C3_4
https://images.proteinatlas.org/3881/1864_E2_3_cr5afd77c3ea0e7
https://images.proteinatlas.org/3881/1864_E2_26_cr5afd77c3ea84d
https://images.proteinatlas.org/43131/2152_F1_36
https://images.proteinatlas.org/46300/2176_F1_70
https://images.proteinatlas.org/43131/2152_F1_24
https://images.proteinatlas.org/46300/2166_H1_60
https://images.proteinatlas.org/43131/2146_E11_21
https://images.proteinatlas.org/43131/2199_G8_1
https://images.proteinatlas.org/43319/2195_A2_16
https://images.proteinatlas.org/4125/si11_C1_3
https://images.proteinatlas.org/43319/2195_A2_26
https://images.proteinatlas.org/68087/2124_F8_12
https://images.proteinatlas.org/68087/2129_B2_41
https://images.proteinatlas.org/4125/si11_C2_3
https://images.proteinatlas.org/68087/2129_B2_62
https://images.proteinatlas.org/54494/1709_H6_8_cr58048dd38ad36
https://images.proteinatlas.org/42029/2153_A11_24
https://images.proteinatlas.org/42029/2153_A11_36
https://images.proteinatlas.org/44629/2212_H5_26
https://images.proteinatlas.org/44629/2212_H5_31
https://images.proteinatlas.org/24683/1891_F9_3_cr5bbdba01f3d61
https://images.proteinatlas.org/43131/2146_E11_84
https://images.proteinatlas.org/24683/1891_F9_6_cr5bbdba020082a
https://images.proteinatlas.org/43131/2199_G8_26
https://images.proteinatlas.org/42303/2241_C5_14
https://images.proteinatlas.org/42303/2166_B4_24
https://images.proteinatlas.org/26606/2168_D1_29
https://images.proteinatlas.org/26606/2168_D1_56
https://images.proteinatlas.org/68087/2124_F8_24
https://images.proteinatlas.org/26606/2131_B2_18
https://images.proteinatlas.org/26606/2131_B2_60
https://images.proteinatlas.org/42720/1704_C11_22_cr57d82666cb4a8
https://images.proteinatlas.org/54494/1709_H6_13_cr58048ddc6b121
https://images.proteinatlas.org/41945/2167_C5_56
https://images.proteinatlas.org/41945/2167_C5_70
https://images.proteinatlas.org/41945/2123_D3_36
https://images.proteinatlas.org/41945/2127_C3_42
https://images.proteinatlas.org/41945/2127_C3_63
https://images.proteinatlas.org/51702/si17_H2_1
https://images.proteinatlas.org/51702/si17_H2_4
https://images.proteinatlas.org/42303/2241_C5_56
https://images.proteinatlas.org/42303/2166_B4_48
https://images.proteinatlas.org/51702/si17_H3_3
https://images.proteinatlas.org/51702/si17_H3_4
https://images.proteinatlas.org/39247/2152_B9_24
https://images.proteinatlas.org/39247/2152_B9_36
https://images.proteinatlas.org/42720/1704_C11_18_cr57d8265f33e20
https://images.proteinatlas.org/39247/2149_E6_64
https://images.proteinatlas.org/39247/2149_E6_84
https://images.proteinatlas.org/75217/2165_A1_24
https://images.proteinatlas.org/41945/2123_D3_12
https://images.proteinatlas.org/75217/2135_D8_42
https://images.proteinatlas.org/75217/2135_D8_63
https://images.proteinatlas.org/43449/2175_A5_56
https://images.proteinatlas.org/43449/2232_D2_12
https://images.proteinatlas.org/43449/2232_D2_48
https://images.proteinatlas.org/43449/2206_C3_21
https://images.proteinatlas.org/43449/2206_C3_63
https://images.proteinatlas.org/39247/2176_C10_84
https://images.proteinatlas.org/39328/1632_B3_12_cr577f6b3f1741b
https://images.proteinatlas.org/39247/2176_C10_112
https://images.proteinatlas.org/39328/1632_B3_28_cr577f6b459b33a
https://images.proteinatlas.org/39328/2152_B4_48
https://images.proteinatlas.org/39328/2149_E1_42
https://images.proteinatlas.org/28569/2241_E6_42
https://images.proteinatlas.org/75217/2165_A1_12
https://images.proteinatlas.org/28569/2244_E4_36
https://images.proteinatlas.org/28569/2241_E6_56
https://images.proteinatlas.org/43449/2175_A5_42
https://images.proteinatlas.org/28569/2234_A5_21
https://images.proteinatlas.org/28569/2234_A5_105
https://images.proteinatlas.org/11032/1853_F9_59_cr5afd711778d85
https://images.proteinatlas.org/11032/1985_H7_3_cr5e57a722111fe
https://images.proteinatlas.org/11032/1985_H7_6_cr5e57a7221184e
https://images.proteinatlas.org/77836/1707_E4_8_cr57eaae76526d5
https://images.proteinatlas.org/77836/1707_E4_28_cr57eaae7db3a5f
https://images.proteinatlas.org/77836/1708_A1_3_cr57eaac24aded9
https://images.proteinatlas.org/39328/2152_B4_36
https://images.proteinatlas.org/39328/2149_E1_21
https://images.proteinatlas.org/77836/1708_A1_18_cr57eaac33ec000
https://images.proteinatlas.org/14522/1934_E8_8_cr5d1ca89e53c95
https://images.proteinatlas.org/75051/2211_B8_16
https://images.proteinatlas.org/60349/1672_B4_8_cr5ba8c5e789636
https://images.proteinatlas.org/28569/2244_E4_48
https://images.proteinatlas.org/60349/1672_B4_28_cr57c7e2b9af985
https://images.proteinatlas.org/10971/1925_G4_17_cr5cd5640af2aa0
https://images.proteinatlas.org/11032/1853_F9_46_cr5afd711778d7c
https://images.proteinatlas.org/11651/1732_F3_13_cr580610dc203b9
https://images.proteinatlas.org/11651/1732_F3_18_cr580610e574a5b
https://images.proteinatlas.org/41411/si35_G1_3
https://images.proteinatlas.org/41411/si35_G1_15
https://images.proteinatlas.org/41411/si35_G1_16
https://images.proteinatlas.org/41411/si35_G2_1
https://images.proteinatlas.org/41411/si35_G2_3
https://images.proteinatlas.org/41411/si35_G2_10
https://images.proteinatlas.org/14522/1934_E8_23_cr5d1ca89e53c9b
https://images.proteinatlas.org/75051/2211_B8_1
https://images.proteinatlas.org/41411/si35_G2_15
https://images.proteinatlas.org/41411/si35_G3_1
https://images.proteinatlas.org/41411/si35_G3_12
https://images.proteinatlas.org/1556/1748_C1_1_cr5805cba23b619
https://images.proteinatlas.org/1556/1748_C1_21_cr5805cbac8d55f
https://images.proteinatlas.org/45174/2215_D8_6
https://images.proteinatlas.org/10971/1925_G4_29_cr5cd5640af3ca5
https://images.proteinatlas.org/43348/2241_D9_28
https://images.proteinatlas.org/41411/si35_G1_1
https://images.proteinatlas.org/43348/2241_D9_70
https://images.proteinatlas.org/43348/2121_E3_36
https://images.proteinatlas.org/43348/2132_D4_63
https://images.proteinatlas.org/17980/2008_D1_8_cr5f1a97cbcd60d
https://images.proteinatlas.org/17980/2008_D1_29_cr5f1a97cbcdc52
https://images.proteinatlas.org/38552/2200_E9_31
https://images.proteinatlas.org/38552/2200_E9_36
https://images.proteinatlas.org/41411/si35_G3_3
https://images.proteinatlas.org/17930/2241_G5_28
https://images.proteinatlas.org/41411/si35_G3_8
https://images.proteinatlas.org/17930/2241_G5_56
https://images.proteinatlas.org/17930/2150_F3_60
https://images.proteinatlas.org/17930/2148_C10_63
https://images.proteinatlas.org/44507/1642_A4_7_cr57bc007796e62
https://images.proteinatlas.org/44507/1642_A4_20_cr57bc007db14c2
https://images.proteinatlas.org/43348/2121_E3_24
https://images.proteinatlas.org/43348/2132_D4_42
https://images.proteinatlas.org/16491/1876_E9_8_cr5b715f2196bea
https://images.proteinatlas.org/16491/1876_E9_14_cr5b715f2196ec7
https://images.proteinatlas.org/27815/si21_G7_1
https://images.proteinatlas.org/27815/si21_G7_2
https://images.proteinatlas.org/27815/si21_G7_5
https://images.proteinatlas.org/27815/si21_G7_6
https://images.proteinatlas.org/27815/si21_G8_2
https://images.proteinatlas.org/27815/si21_G8_3
https://images.proteinatlas.org/27815/si21_G8_5
https://images.proteinatlas.org/17930/2150_F3_24
https://images.proteinatlas.org/27815/si21_G8_8
https://images.proteinatlas.org/17930/2148_C10_42
https://images.proteinatlas.org/27815/si21_G9_2
https://images.proteinatlas.org/27815/si21_G9_5
https://images.proteinatlas.org/35210/1918_B8_4_cr5cb48c7ca213e
https://images.proteinatlas.org/35210/1918_B8_11_cr5cb48c7ca26f9
https://images.proteinatlas.org/35210/2199_A8_21
https://images.proteinatlas.org/16491/1992_A6_33_cr5ed63bf8cec27
https://images.proteinatlas.org/16491/1992_A6_46_cr5ed63bf8d0962
https://images.proteinatlas.org/35210/2199_A8_41
https://images.proteinatlas.org/64845/1774_F6_7_cr595103b718f83
https://images.proteinatlas.org/55888/1752_E12_23_cr5804c014a14e2
https://images.proteinatlas.org/46587/1813_G11_6_cr59f1a1656f76e
https://images.proteinatlas.org/46587/1813_G11_17_cr59f1a1656f54b
https://images.proteinatlas.org/3551/1876_D4_26_cr5b715fa48f144
https://images.proteinatlas.org/78638/1718_B11_18_cr57f3d5d368f5c
https://images.proteinatlas.org/78638/1718_B11_28_cr57f3d5dcef23c
https://images.proteinatlas.org/78638/1751_F6_4_cr57fd3726c3df0
https://images.proteinatlas.org/27815/si21_G9_3
https://images.proteinatlas.org/27815/si21_G9_6
https://images.proteinatlas.org/78638/1751_F6_8_cr57fd37317cd94
https://images.proteinatlas.org/48258/fp6_F10_1
https://images.proteinatlas.org/48258/fp6_C10_9
https://images.proteinatlas.org/61314/1877_A1_24_cr5b740b58ebe2b
https://images.proteinatlas.org/61314/1877_A1_30_cr5b740b58ebefa
https://images.proteinatlas.org/74046/2165_F2_12
https://images.proteinatlas.org/64845/1774_F6_16_cr595103b719523
https://images.proteinatlas.org/55888/1752_E12_3_cr5804bff569b9f
https://images.proteinatlas.org/74046/2135_C4_63
https://images.proteinatlas.org/74046/2135_C4_84
https://images.proteinatlas.org/41506/si17_C1_2
https://images.proteinatlas.org/41506/si17_C1_3
https://images.proteinatlas.org/41506/si17_C1_8
https://images.proteinatlas.org/41506/si17_C2_1
https://images.proteinatlas.org/41506/si17_C2_2
https://images.proteinatlas.org/41506/si17_C2_8
https://images.proteinatlas.org/48258/fp6_F10_3
https://images.proteinatlas.org/41506/si17_C3_1
https://images.proteinatlas.org/48258/fp6_C10_3
https://images.proteinatlas.org/41506/si17_C3_4
https://images.proteinatlas.org/38173/1925_G7_8_cr5ddd0952430b9
https://images.proteinatlas.org/7583/1774_D1_14_cr595de7f448542
https://images.proteinatlas.org/7583/1774_D1_24_cr5950fafb33a3e
https://images.proteinatlas.org/7583/1801_B1_7_cr59c263d982ea1
https://images.proteinatlas.org/16017/1876_C9_1_cr6391e5e55729c
https://images.proteinatlas.org/7583/1801_B1_14_cr59c25470e819f
https://images.proteinatlas.org/62142/fp18_F6_2
https://images.proteinatlas.org/62142/fp18_C6_2
https://images.proteinatlas.org/62142/fp18_C6_3
https://images.proteinatlas.org/16017/1876_C9_26_cr5b7166af9a2e8
https://images.proteinatlas.org/42703/2171_H4_70
https://images.proteinatlas.org/42703/2171_H4_56
https://images.proteinatlas.org/55972/2179_G9_48
https://images.proteinatlas.org/55972/2185_H6_56
https://images.proteinatlas.org/41506/si17_C3_7
https://images.proteinatlas.org/55972/2179_G9_85
https://images.proteinatlas.org/38173/1925_G7_26_cr5cd569f4ec627
https://images.proteinatlas.org/55972/2206_G10_21
https://images.proteinatlas.org/55972/2205_H10_31
https://images.proteinatlas.org/39900/2167_A4_70
https://images.proteinatlas.org/39900/2167_A4_84
https://images.proteinatlas.org/39900/2123_C6_13
https://images.proteinatlas.org/62142/fp18_F6_7
https://images.proteinatlas.org/39900/2123_C6_48
https://images.proteinatlas.org/39900/2131_F9_44
https://images.proteinatlas.org/39900/2238_B9_22
https://images.proteinatlas.org/39900/2238_B9_15
https://images.proteinatlas.org/79522/1972_G5_19_cr5e16e7f462fd4
https://images.proteinatlas.org/55972/2185_H6_14
https://images.proteinatlas.org/79522/1972_G5_29_cr5e16e7f463490
https://images.proteinatlas.org/39879/1890_N13_47_cr5ba4b7a9b319c
https://images.proteinatlas.org/1394/2177_C2_84
https://images.proteinatlas.org/1394/2177_C2_98
https://images.proteinatlas.org/55972/2206_G10_63
https://images.proteinatlas.org/55972/2205_H10_36
https://images.proteinatlas.org/1394/2232_B1_36
https://images.proteinatlas.org/1394/2232_B1_60
https://images.proteinatlas.org/28823/2124_C9_36
https://images.proteinatlas.org/28823/2124_C9_48
https://images.proteinatlas.org/28823/2129_E4_42
https://images.proteinatlas.org/39900/2131_F9_66
https://images.proteinatlas.org/28823/2129_E4_84
https://images.proteinatlas.org/28823/2209_C12_16
https://images.proteinatlas.org/10968/2209_B7_36
https://images.proteinatlas.org/10968/2209_B7_16
https://images.proteinatlas.org/39879/1890_N13_53_cr5ba4b7a9b3807
https://images.proteinatlas.org/75513/1712_G4_4_cr5f4e5e380aaf6
https://images.proteinatlas.org/75513/1712_G4_12_cr5804e9f9529ac
https://images.proteinatlas.org/35010/2238_F9_57
https://images.proteinatlas.org/36328/1992_A7_34_cr5ed7626392a1e
https://images.proteinatlas.org/36328/1992_A7_38_cr5ed6405a8256c
https://images.proteinatlas.org/1394/2206_C1_84
https://images.proteinatlas.org/75955/1871_A3_1_cr5b71841b578c6
https://images.proteinatlas.org/75955/1871_A3_10_cr5b71841b57b67
https://images.proteinatlas.org/1394/2206_C1_42
https://images.proteinatlas.org/37829/2209_E10_21
https://images.proteinatlas.org/46847/1877_A2_23_cr5b7411aa40874
https://images.proteinatlas.org/28823/2209_C12_41
https://images.proteinatlas.org/33812/1972_G11_6_cr5e2ed0a45fc60
https://images.proteinatlas.org/33812/1972_G11_29_cr615b01a068900
https://images.proteinatlas.org/75322/1717_B5_22_cr57f50e4f078a2
https://images.proteinatlas.org/75322/1745_G7_8_cr580627ddd2670
https://images.proteinatlas.org/75322/1745_G7_23_cr580627e6e3547
https://images.proteinatlas.org/75322/2176_A4_43
https://images.proteinatlas.org/35010/2238_F9_15
https://images.proteinatlas.org/75322/2176_A4_70
https://images.proteinatlas.org/75322/2165_C4_12
https://images.proteinatlas.org/75322/2146_C5_42
https://images.proteinatlas.org/75322/2146_C5_63
https://images.proteinatlas.org/37829/2209_E10_1
https://images.proteinatlas.org/36110/1751_H6_8_cr57fd3808e9794
https://images.proteinatlas.org/36110/1751_H6_18_cr57fd3811b05b1
https://images.proteinatlas.org/46847/1877_A2_30_cr5bb1f1ccaffdd
https://images.proteinatlas.org/36110/1782_C4_18_cr596b670cb8d83
https://images.proteinatlas.org/36110/1695_E4_3_cr57d8382aa78cb
https://images.proteinatlas.org/61948/1748_F10_11_cr5805e1afc869d
https://images.proteinatlas.org/75322/1717_B5_18_cr57f50e3c439a5
https://images.proteinatlas.org/61948/1748_F10_21_cr5805e1b9a9f35
https://images.proteinatlas.org/69478/1984_E11_3_cr5e5902d42c9f1
https://images.proteinatlas.org/69478/1957_B6_6_cr5da4671d6d5a3
https://images.proteinatlas.org/69478/1957_B6_13_cr5da4671d6d650
https://images.proteinatlas.org/48926/2168_B11_43
https://images.proteinatlas.org/75322/2165_C4_36
https://images.proteinatlas.org/48926/2168_B11_56
https://images.proteinatlas.org/48926/2120_A10_24
https://images.proteinatlas.org/48926/2127_B10_21
https://images.proteinatlas.org/48926/2127_B10_84
https://images.proteinatlas.org/48926/2211_B6_1
https://images.proteinatlas.org/36110/1782_C4_9_cr596b670cb8690
https://images.proteinatlas.org/48926/2211_B6_41
https://images.proteinatlas.org/1842/2151_E9_25
https://images.proteinatlas.org/36110/1695_E4_13_cr57d838326cd9c
https://images.proteinatlas.org/1842/2149_H5_42
https://images.proteinatlas.org/1842/2149_H5_63
https://images.proteinatlas.org/49182/2184_C4_28
https://images.proteinatlas.org/69478/1984_E11_28_cr5e5902d42ca5c
https://images.proteinatlas.org/49182/2184_C4_65
https://images.proteinatlas.org/49182/2206_E5_21
https://images.proteinatlas.org/27542/2244_H10_4
https://images.proteinatlas.org/27542/2244_H10_16
https://images.proteinatlas.org/48926/2120_A10_36
https://images.proteinatlas.org/75842/1737_C1_8_cr58062c3e53659
https://images.proteinatlas.org/75842/1737_C1_17_cr58062c4762ea9
https://images.proteinatlas.org/8019/2200_G9_31
https://images.proteinatlas.org/3456/2151_H3_36
https://images.proteinatlas.org/3456/2151_H3_48
https://images.proteinatlas.org/1842/2151_E9_48
https://images.proteinatlas.org/3456/2149_E10_42
https://images.proteinatlas.org/3456/2149_E10_84
https://images.proteinatlas.org/49182/2183_A4_85
https://images.proteinatlas.org/70737/2127_D10_42
https://images.proteinatlas.org/23372/2167_C11_42
https://images.proteinatlas.org/23372/2121_G4_36
https://images.proteinatlas.org/49182/2206_E5_63
https://images.proteinatlas.org/23372/2121_G4_48
https://images.proteinatlas.org/23372/2239_B5_36
https://images.proteinatlas.org/54381/1642_C5_1_cr581094677e216
https://images.proteinatlas.org/54381/1642_C5_8_cr57bc54d1dfecd
https://images.proteinatlas.org/6572/1683_D3_11_cr58051cbdc62f9
https://images.proteinatlas.org/8019/2200_G9_21
https://images.proteinatlas.org/6572/1683_D3_16_cr58051cc7cb465
https://images.proteinatlas.org/42567/2185_D1_36
https://images.proteinatlas.org/42567/2153_E1_5
https://images.proteinatlas.org/42567/2153_E1_24
https://images.proteinatlas.org/42567/2148_B1_42
https://images.proteinatlas.org/70737/2127_D10_21
https://images.proteinatlas.org/42567/2148_B1_63
https://images.proteinatlas.org/23372/2167_C11_70
https://images.proteinatlas.org/42567/2209_G12_1
https://images.proteinatlas.org/47096/1973_B3_4_cr5de7af6e048f4
https://images.proteinatlas.org/46521/fp13_F7_1
https://images.proteinatlas.org/46521/fp13_F7_2
https://images.proteinatlas.org/23372/2239_B5_57
https://images.proteinatlas.org/46521/fp13_C7_2
https://images.proteinatlas.org/46521/fp13_C7_4
https://images.proteinatlas.org/52968/2177_C9_70
https://images.proteinatlas.org/52968/2161_F10_12
https://images.proteinatlas.org/52968/2161_F10_36
https://images.proteinatlas.org/42567/2185_D1_64
https://images.proteinatlas.org/52968/2147_C4_21
https://images.proteinatlas.org/52968/2147_C4_84
https://images.proteinatlas.org/3457/2183_A2_70
https://images.proteinatlas.org/3457/2184_A2_13
https://images.proteinatlas.org/42567/2209_G12_31
https://images.proteinatlas.org/3457/2184_A2_60
https://images.proteinatlas.org/62539/1700_C10_8_cr57eba3089c9a9
https://images.proteinatlas.org/47096/1973_B3_12_cr5de7af6e04ac0
https://images.proteinatlas.org/54408/si18_G10_2
https://images.proteinatlas.org/54408/si18_G10_4
https://images.proteinatlas.org/54408/si18_G11_4
https://images.proteinatlas.org/52968/2177_C9_42
https://images.proteinatlas.org/54408/si18_G12_2
https://images.proteinatlas.org/54408/si18_G12_3
https://images.proteinatlas.org/76524/1712_C4_23_cr5804e5b7edf3d
https://images.proteinatlas.org/23321/2167_E10_43
https://images.proteinatlas.org/23321/2167_E10_70
https://images.proteinatlas.org/3457/2183_A2_43
https://images.proteinatlas.org/23321/2121_D12_36
https://images.proteinatlas.org/23321/2121_D12_48
https://images.proteinatlas.org/23321/2132_B6_83
https://images.proteinatlas.org/23321/2239_B2_15
https://images.proteinatlas.org/23321/2239_B2_22
https://images.proteinatlas.org/62539/1700_C10_28_cr57eba317a8c28
https://images.proteinatlas.org/61629/1983_A6_14_cr5e58f0107d768
https://images.proteinatlas.org/61629/1983_A6_23_cr5e58f0107e380
https://images.proteinatlas.org/54408/si18_G11_1
https://images.proteinatlas.org/46531/1861_A2_19_cr5aea104749737
https://images.proteinatlas.org/71049/1891_I13_8_cr5bbddf6e0153f
https://images.proteinatlas.org/14811/1848_C4_6_cr5ac318c11d280
https://images.proteinatlas.org/76524/1712_C4_3_cr5804e5a4d2793
https://images.proteinatlas.org/14811/1848_C4_22_cr5ac318c11ea41
https://images.proteinatlas.org/29286/1921_C5_15_cr5e74d8c434841
https://images.proteinatlas.org/11093/1933_G1_19_cr5d0b97c9829ea
https://images.proteinatlas.org/11093/1933_G1_24_cr5d0b97c983980
https://images.proteinatlas.org/32119/2229_F11_31
https://images.proteinatlas.org/23321/2132_B6_21
https://images.proteinatlas.org/32119/2229_F11_41
https://images.proteinatlas.org/47587/2205_C1_31
https://images.proteinatlas.org/65883/2212_A12_11
https://images.proteinatlas.org/46531/1861_A2_7_cr5aea1047490c9
https://images.proteinatlas.org/3387/1864_C1_12_cr5afd67002092e
https://images.proteinatlas.org/71049/1891_I13_30_cr5bbddf6e02489
https://images.proteinatlas.org/3387/2200_E1_26
https://images.proteinatlas.org/65883/2212_A12_1
https://images.proteinatlas.org/29286/1921_C5_29_cr5cb46275784c3
https://images.proteinatlas.org/41344/2209_C9_26
https://images.proteinatlas.org/29124/1753_F5_8_cr57f3df34953dc
https://images.proteinatlas.org/29776/2244_A4_1
https://images.proteinatlas.org/29776/2244_A4_25
https://images.proteinatlas.org/36539/si10_H2_3
https://images.proteinatlas.org/36539/si10_H2_4
https://images.proteinatlas.org/47587/2205_C1_36
https://images.proteinatlas.org/36539/si10_H2_8
https://images.proteinatlas.org/36539/si10_H3_1
https://images.proteinatlas.org/36539/si10_H3_5
https://images.proteinatlas.org/76201/1747_B4_9_cr58063d7e5afd3
https://images.proteinatlas.org/3387/1864_C1_19_cr5afd670021d83
https://images.proteinatlas.org/76201/1747_B4_17_cr58063d8771f57
https://images.proteinatlas.org/45697/1715_H5_3_cr57fd30536afd1
https://images.proteinatlas.org/41344/2209_C9_6
https://images.proteinatlas.org/3730/1723_A3_12_cr57ea9b2f88939
https://images.proteinatlas.org/3730/1723_A3_23_cr57ea9b36cdf2f
https://images.proteinatlas.org/3730/1732_C2_18_cr58060a8b728d6
https://images.proteinatlas.org/29124/1753_F5_18_cr57f3df3e51100
https://images.proteinatlas.org/35542/1742_H7_3_cr5804964873f54
https://images.proteinatlas.org/35542/1742_H7_18_cr58049652a0d0f
https://images.proteinatlas.org/78535/1718_G9_18_cr57f3ef8d3eaa7
https://images.proteinatlas.org/78535/1759_F3_16_cr594b71060be90
https://images.proteinatlas.org/78535/1759_F3_21_cr594b710e1ca1f
https://images.proteinatlas.org/36539/si10_H3_2
https://images.proteinatlas.org/18888/2191_G1_36
https://images.proteinatlas.org/18888/2191_G1_48
https://images.proteinatlas.org/18888/2209_F11_26
https://images.proteinatlas.org/52397/2215_C10_1
https://images.proteinatlas.org/52397/2215_C10_11
https://images.proteinatlas.org/45697/1715_H5_7_cr57fd305ca4e80
https://images.proteinatlas.org/52397/2244_C3_1
https://images.proteinatlas.org/3730/1732_C2_3_cr58060a8227111
https://images.proteinatlas.org/52397/2244_C3_13
https://images.proteinatlas.org/6721/fp15_E11_2
https://images.proteinatlas.org/6721/fp15_B11_4
https://images.proteinatlas.org/78535/1718_G9_12_cr57f3ef83d5db1
https://images.proteinatlas.org/37589/2134_G5_42
https://images.proteinatlas.org/37589/2134_G5_63
https://images.proteinatlas.org/37589/2199_F7_26
https://images.proteinatlas.org/37589/fp15_E2_2
https://images.proteinatlas.org/37589/fp15_E2_1
https://images.proteinatlas.org/37589/fp15_B2_1
https://images.proteinatlas.org/37589/fp15_B2_2
https://images.proteinatlas.org/37790/2237_C10_22
https://images.proteinatlas.org/37790/2237_C10_57
https://images.proteinatlas.org/18888/2209_F11_11
https://images.proteinatlas.org/6721/fp15_E11_1
https://images.proteinatlas.org/19613/1847_B2_7_cr5abb3cf1e63b1
https://images.proteinatlas.org/19613/1847_B2_11_cr5abb3cf1e713d
https://images.proteinatlas.org/6721/fp15_B11_1
https://images.proteinatlas.org/31229/2244_A3_1
https://images.proteinatlas.org/31229/2244_A3_40
https://images.proteinatlas.org/31229/2201_C2_63
https://images.proteinatlas.org/37589/2199_F7_11
https://images.proteinatlas.org/73644/1736_B3_3_cr5805e6dec6f42
https://images.proteinatlas.org/73644/1736_B3_23_cr5805e6faf12bb
https://images.proteinatlas.org/73644/2216_E10_36
https://images.proteinatlas.org/36303/2241_C10_14
https://images.proteinatlas.org/36303/2241_C10_42
https://images.proteinatlas.org/36303/2165_D5_13
https://images.proteinatlas.org/36303/2165_D5_48
https://images.proteinatlas.org/36303/2134_B5_21
https://images.proteinatlas.org/36303/2134_B5_84
https://images.proteinatlas.org/31229/2241_F3_28
https://images.proteinatlas.org/51700/1938_F2_20_cr5d668b6aa420d
https://images.proteinatlas.org/31229/2241_F3_42
https://images.proteinatlas.org/51700/1938_F2_25_cr5d668b6aa451c
https://images.proteinatlas.org/31229/2201_C2_42
https://images.proteinatlas.org/73105/1933_H1_24_cr5d10c6dfa1b78
https://images.proteinatlas.org/27382/1732_A2_8_cr5806094e8dd71
https://images.proteinatlas.org/71335/1845_C1_17_cr5ab925fe3c459
https://images.proteinatlas.org/76947/1861_G9_14_cr5aeb4aadb1b0f
https://images.proteinatlas.org/73644/2216_E10_1
https://images.proteinatlas.org/76947/1861_G9_24_cr5aeb4aadb3261
https://images.proteinatlas.org/42856/1789_F11_1_cr5961f77201808
https://images.proteinatlas.org/77062/1918_B11_8_cr5cacaf7120b77
https://images.proteinatlas.org/77062/1918_B11_24_cr5cacaf7120f02
https://images.proteinatlas.org/77062/1891_M13_3_cr5bbddd295a694
https://images.proteinatlas.org/77062/1891_M13_28_cr5bbddd295aafc
https://images.proteinatlas.org/19639/1912_G1_3_cr5c8268384f8b3
https://images.proteinatlas.org/19639/1912_G1_16_cr5c8268384fd73
https://images.proteinatlas.org/42528/2183_B11_14
https://images.proteinatlas.org/73105/1933_H1_6_cr5d10c6dfa17e7
https://images.proteinatlas.org/42528/2183_B11_70
https://images.proteinatlas.org/27382/1732_A2_3_cr5806094560dd5
https://images.proteinatlas.org/71335/1845_C1_14_cr5ab925fe3ba02
https://images.proteinatlas.org/42528/2184_D11_25
https://images.proteinatlas.org/42528/2204_G10_1
https://images.proteinatlas.org/36576/1719_G6_18_cr5804b9cccd554
https://images.proteinatlas.org/47238/1645_A3_9_cr57bda09b99870
https://images.proteinatlas.org/42856/1789_F11_20_cr5961f77201e43
https://images.proteinatlas.org/47238/1645_A3_18_cr57bda0a2d1796
https://images.proteinatlas.org/30180/2175_C1_28
https://images.proteinatlas.org/43483/2177_A3_70
https://images.proteinatlas.org/43483/2177_A3_183
https://images.proteinatlas.org/43483/2179_G5_36
https://images.proteinatlas.org/43483/2179_G5_48
https://images.proteinatlas.org/43483/2234_B2_42
https://images.proteinatlas.org/43483/2234_B2_84
https://images.proteinatlas.org/43483/si17_F7_3
https://images.proteinatlas.org/42528/2184_D11_48
https://images.proteinatlas.org/42528/2204_G10_36
https://images.proteinatlas.org/43483/si17_F7_4
https://images.proteinatlas.org/43483/si17_F7_7
https://images.proteinatlas.org/36576/1719_G6_13_cr5804b9c2eecf2
https://images.proteinatlas.org/43483/si17_F8_6
https://images.proteinatlas.org/43483/si17_F9_1
https://images.proteinatlas.org/43483/si17_F9_8
https://images.proteinatlas.org/30180/2175_C1_42
https://images.proteinatlas.org/59457/2205_D1_11
https://images.proteinatlas.org/59457/2205_D1_31
https://images.proteinatlas.org/19692/2184_E5_60
https://images.proteinatlas.org/13421/2168_C9_56
https://images.proteinatlas.org/13421/2168_C9_28
https://images.proteinatlas.org/13421/2150_B1_48
https://images.proteinatlas.org/13421/2150_B1_72
https://images.proteinatlas.org/13421/2133_D10_21
https://images.proteinatlas.org/13421/2133_D10_63
https://images.proteinatlas.org/43483/si17_F8_2
https://images.proteinatlas.org/43483/si17_F8_3
https://images.proteinatlas.org/35734/2199_A9_11
https://images.proteinatlas.org/43483/si17_F9_2
https://images.proteinatlas.org/35734/2199_A9_41
https://images.proteinatlas.org/27105/2199_D4_26
https://images.proteinatlas.org/44953/2210_B7_98
https://images.proteinatlas.org/19692/2184_E5_24
https://images.proteinatlas.org/44953/2210_B7_140
https://images.proteinatlas.org/44953/2191_B9_24
https://images.proteinatlas.org/44953/2206_B9_22
https://images.proteinatlas.org/44953/2206_B9_64
https://images.proteinatlas.org/78061/1700_C4_12_cr57eba91a23778
https://images.proteinatlas.org/78061/1700_C4_17_cr57eba921ea68e
https://images.proteinatlas.org/78061/1769_F2_3_cr5950e402b13da
https://images.proteinatlas.org/78061/1769_F2_18_cr5950e402b1d7a
https://images.proteinatlas.org/78061/1694_F4_8_cr57d2808adb581
https://images.proteinatlas.org/78061/1694_F4_18_cr57d28091044f4
https://images.proteinatlas.org/57493/1985_C12_25_cr5e5790f52cfae
https://images.proteinatlas.org/43836/2210_E9_56
https://images.proteinatlas.org/43836/2184_A9_24
https://images.proteinatlas.org/27105/2199_D4_31
https://images.proteinatlas.org/43836/2201_F6_42
https://images.proteinatlas.org/43836/2201_F6_62
https://images.proteinatlas.org/57493/1985_C12_14_cr5e5790f52ce21
https://images.proteinatlas.org/36343/2166_B5_24
https://images.proteinatlas.org/44953/2191_B9_60
https://images.proteinatlas.org/36343/2166_B5_36
https://images.proteinatlas.org/35747/2169_D10_42
https://images.proteinatlas.org/35747/2152_F7_36
https://images.proteinatlas.org/35747/2133_B7_21
https://images.proteinatlas.org/35747/2133_B7_43
https://images.proteinatlas.org/17943/1642_G5_26_cr57bc592f8a518
https://images.proteinatlas.org/56143/1983_G7_15_cr5e58f047dcf72
https://images.proteinatlas.org/56143/1983_G7_18_cr5e58f047dd387
https://images.proteinatlas.org/37786/2211_C7_6
https://images.proteinatlas.org/37786/2211_C7_11
https://images.proteinatlas.org/43836/2184_A9_36
https://images.proteinatlas.org/53921/1992_E2_23_cr5ed612a20dfcf
https://images.proteinatlas.org/43836/2239_D3_15
https://images.proteinatlas.org/53921/1992_E2_30_cr5ed612a20e2f5
https://images.proteinatlas.org/3371/2202_A5_31
https://images.proteinatlas.org/35747/2169_D10_14
https://images.proteinatlas.org/31335/2166_F11_47
https://images.proteinatlas.org/31335/2240_D2_29
https://images.proteinatlas.org/35747/2152_F7_12
https://images.proteinatlas.org/51857/si9_F4_2
https://images.proteinatlas.org/51857/si9_F4_4
https://images.proteinatlas.org/51857/si9_F5_4
https://images.proteinatlas.org/51857/si9_F6_2
https://images.proteinatlas.org/51857/si9_F6_4
https://images.proteinatlas.org/78079/2177_F11_14
https://images.proteinatlas.org/78079/2177_F11_56
https://images.proteinatlas.org/78079/2165_F11_12
https://images.proteinatlas.org/78079/2165_F11_48
https://images.proteinatlas.org/78079/2149_F12_21
https://images.proteinatlas.org/3371/2202_A5_21
https://images.proteinatlas.org/31335/2166_F11_24
https://images.proteinatlas.org/78079/2149_F12_84
https://images.proteinatlas.org/75062/1775_B6_18_cr595295eea1ed5
https://images.proteinatlas.org/31335/2240_D2_36
https://images.proteinatlas.org/36040/2218_E6_21
https://images.proteinatlas.org/71347/1864_G9_79_cr5afd7ec2672e1
https://images.proteinatlas.org/51857/si9_F5_2
https://images.proteinatlas.org/65691/1789_G6_1_cr598ae6e7b6423
https://images.proteinatlas.org/65691/1789_G6_27_cr598ae6e7b710e
https://images.proteinatlas.org/65691/2177_F4_70
https://images.proteinatlas.org/65691/2160_H4_24
https://images.proteinatlas.org/65691/2160_H4_48
https://images.proteinatlas.org/65691/2146_G4_21
https://images.proteinatlas.org/65691/2146_G4_63
https://images.proteinatlas.org/43987/2218_F7_26
https://images.proteinatlas.org/43987/2218_F7_41
https://images.proteinatlas.org/55851/1695_B3_8_cr57d81defd6851
https://images.proteinatlas.org/75062/1775_B6_28_cr595295eea2607
https://images.proteinatlas.org/55851/1695_B3_18_cr57d81df7c1859
https://images.proteinatlas.org/36040/2218_E6_16
https://images.proteinatlas.org/76187/1712_H1_3_cr580b226506f1b
https://images.proteinatlas.org/36048/2216_G9_1
https://images.proteinatlas.org/53880/2168_F7_14
https://images.proteinatlas.org/71347/1864_G9_83_cr5afd7ec2675a4
https://images.proteinatlas.org/65691/2177_F4_28
https://images.proteinatlas.org/53880/2168_F7_20
https://images.proteinatlas.org/53880/2123_E2_12
https://images.proteinatlas.org/53880/2131_F2_66
https://images.proteinatlas.org/18467/1984_E9_17_cr5e5cf3629d8b8
https://images.proteinatlas.org/18467/1984_E9_30_cr5e5cf3629e0e7
https://images.proteinatlas.org/66142/2185_H9_14
https://images.proteinatlas.org/66142/2185_H9_70
https://images.proteinatlas.org/66142/2186_E8_12
https://images.proteinatlas.org/66142/2186_E8_24
https://images.proteinatlas.org/66142/2234_G11_21
https://images.proteinatlas.org/76187/1712_H1_8_cr5804adc296135
https://images.proteinatlas.org/66142/2234_G11_126
https://images.proteinatlas.org/75369/1827_D3_6_cr5ac37ffb15320
https://images.proteinatlas.org/36048/2216_G9_16
https://images.proteinatlas.org/31703/2194_E4_21
https://images.proteinatlas.org/31703/2194_E4_36
https://images.proteinatlas.org/53880/2123_E2_48
https://images.proteinatlas.org/46833/2161_D9_36
https://images.proteinatlas.org/53880/2131_F2_44
https://images.proteinatlas.org/46833/2134_B7_64
https://images.proteinatlas.org/46833/2211_B11_11
https://images.proteinatlas.org/74258/1797_D5_34_cr59db6441dd8f8
https://images.proteinatlas.org/74258/1797_D5_59_cr59db6441ddd76
https://images.proteinatlas.org/74258/1840_A5_38_cr5b15429da2caf
https://images.proteinatlas.org/24512/1848_B9_15_cr5ac31babd500c
https://images.proteinatlas.org/24512/1848_B9_28_cr5bb74d40e4039
https://images.proteinatlas.org/77800/1719_D8_3_cr5804b3bc19320
https://images.proteinatlas.org/77800/1719_D8_17_cr5804b3d30fa7f
https://images.proteinatlas.org/75369/1827_D3_29_cr5ac37ffb171ad
https://images.proteinatlas.org/18897/1921_A7_17_cr5cb487967301e
https://images.proteinatlas.org/18897/1921_A7_27_cr5cb4879673923
https://images.proteinatlas.org/46833/2161_D9_24
https://images.proteinatlas.org/39730/2184_D10_25
https://images.proteinatlas.org/28811/2244_G3_23
https://images.proteinatlas.org/46833/2134_B7_84
https://images.proteinatlas.org/8237/si8_B7_2
https://images.proteinatlas.org/8237/si8_B7_4
https://images.proteinatlas.org/46833/2211_B11_26
https://images.proteinatlas.org/8237/si8_B8_3
https://images.proteinatlas.org/8237/si8_B9_1
https://images.proteinatlas.org/43927/2212_D10_11
https://images.proteinatlas.org/43927/2212_D10_36
https://images.proteinatlas.org/52504/2161_D10_13
https://images.proteinatlas.org/52504/2161_D10_36
https://images.proteinatlas.org/52504/2147_E10_21
https://images.proteinatlas.org/52504/2147_E10_84
https://images.proteinatlas.org/52504/2205_E11_1
https://images.proteinatlas.org/39730/2184_D10_12
https://images.proteinatlas.org/52504/2205_E11_11
https://images.proteinatlas.org/28811/2244_G3_36
https://images.proteinatlas.org/27609/2168_H6_70
https://images.proteinatlas.org/27609/2150_H7_36
https://images.proteinatlas.org/27609/2145_D5_21
https://images.proteinatlas.org/27609/2145_D5_84
https://images.proteinatlas.org/8237/si8_B9_4
https://images.proteinatlas.org/11543/2238_C4_29
https://images.proteinatlas.org/11543/2238_C4_57
https://images.proteinatlas.org/17730/2210_G8_56
https://images.proteinatlas.org/17730/2124_B7_26
https://images.proteinatlas.org/17730/2124_B7_38
https://images.proteinatlas.org/17730/2129_D10_42
https://images.proteinatlas.org/17730/2129_D10_64
https://images.proteinatlas.org/43640/1874_B9_31_cr5b714b3a22aca
https://images.proteinatlas.org/43640/1874_B9_56_cr5b714b3a22ae7
https://images.proteinatlas.org/43640/1825_F6_41_cr5ac349f6d258f
https://images.proteinatlas.org/27609/2168_H6_84
https://images.proteinatlas.org/27609/2150_H7_48
https://images.proteinatlas.org/43640/1825_F6_54_cr5ac349f6d4297
https://images.proteinatlas.org/43640/2169_F10_56
https://images.proteinatlas.org/43640/2152_D8_48
https://images.proteinatlas.org/43640/2149_G5_21
https://images.proteinatlas.org/17730/2210_G8_42
https://images.proteinatlas.org/43640/2149_G5_63
https://images.proteinatlas.org/42028/2167_E11_56
https://images.proteinatlas.org/42028/2167_E11_70
https://images.proteinatlas.org/42028/2121_B3_25
https://images.proteinatlas.org/43640/2209_F4_26
https://images.proteinatlas.org/42028/2121_B3_2
https://images.proteinatlas.org/42028/2128_D3_7
https://images.proteinatlas.org/43640/2169_F10_70
https://images.proteinatlas.org/43640/2152_D8_36
https://images.proteinatlas.org/42028/2128_D3_28
https://images.proteinatlas.org/11008/2151_D8_12
https://images.proteinatlas.org/11008/2147_E8_84
https://images.proteinatlas.org/14404/1843_B5_17_cr5af981f4dfad3
https://images.proteinatlas.org/43640/2209_F4_31
https://images.proteinatlas.org/14404/1843_B5_26_cr5af981f4dff58
https://images.proteinatlas.org/77577/1707_A1_23_cr57ea8c73a6b44
https://images.proteinatlas.org/77577/1737_F11_3_cr580637a696ec9
https://images.proteinatlas.org/77577/1737_F11_7_cr580637afa6dc6
https://images.proteinatlas.org/43163/1876_H7_1_cr5b719fdf2012e
https://images.proteinatlas.org/43163/1876_H7_28_cr5b719fdf229b0
https://images.proteinatlas.org/53942/1702_B2_14_cr57ea95d8533de
https://images.proteinatlas.org/53942/1702_B2_24_cr57ea95e10a611
https://images.proteinatlas.org/53942/1788_F4_24_cr5971c2da15447
https://images.proteinatlas.org/53942/1788_F4_28_cr5971c2da18124
https://images.proteinatlas.org/11008/2151_D8_48
https://images.proteinatlas.org/53942/1692_C4_3_cr57d295604ebab
https://images.proteinatlas.org/11008/2147_E8_43
https://images.proteinatlas.org/53942/1692_C4_18_cr57d15eccc3a22
https://images.proteinatlas.org/3891/1721_B6_7_cr57eabb9e98bfc
https://images.proteinatlas.org/1933/1898_E12_17_cr5f68f3ec906de
https://images.proteinatlas.org/77577/1707_A1_28_cr57ea8c7b88264
https://images.proteinatlas.org/1933/1972_H1_3_cr5e16f84a91969
https://images.proteinatlas.org/1933/1972_H1_17_cr5e16f84a92019
https://images.proteinatlas.org/62453/1720_G1_28_cr580515733cf7a
https://images.proteinatlas.org/62453/1753_A11_13_cr57f3cf29dfb69
https://images.proteinatlas.org/62453/1753_A11_18_cr57f3cf32a46d6
https://images.proteinatlas.org/62453/2218_G7_1
https://images.proteinatlas.org/62453/2218_G7_21
https://images.proteinatlas.org/38161/2241_F6_42
https://images.proteinatlas.org/38161/2241_F6_56
https://images.proteinatlas.org/38161/2186_E1_17
https://images.proteinatlas.org/3891/1721_B6_2_cr57eabb96266fd
https://images.proteinatlas.org/38161/2186_E1_41
https://images.proteinatlas.org/38161/2215_D5_1
https://images.proteinatlas.org/1933/1898_E12_6_cr5ba362737fb88
https://images.proteinatlas.org/60912/1916_C4_1_cr5c9a0627bb916
https://images.proteinatlas.org/60912/1916_C4_9_cr5c9a0627bbf93
https://images.proteinatlas.org/60912/1938_B9_24_cr5d25b696b0b17
https://images.proteinatlas.org/31179/2218_B7_26
https://images.proteinatlas.org/62453/1720_G1_14_cr580515692d740
https://images.proteinatlas.org/31179/2218_B7_36
https://images.proteinatlas.org/47431/2195_A7_26
https://images.proteinatlas.org/23394/2146_G6_42
https://images.proteinatlas.org/23394/2146_G6_63
https://images.proteinatlas.org/20068/2179_E6_12
https://images.proteinatlas.org/20068/2179_E6_24
https://images.proteinatlas.org/65025/1767_D8_17_cr5950b5dbcb9de
https://images.proteinatlas.org/65025/1767_D8_25_cr594ba9ac48bc1
https://images.proteinatlas.org/65025/1709_H9_3_cr57ff989d64709
https://images.proteinatlas.org/38161/2215_D5_11
https://images.proteinatlas.org/65025/1709_H9_8_cr57ff98a72d446
https://images.proteinatlas.org/60912/1938_B9_7_cr5d25b696b0519
https://images.proteinatlas.org/6970/1983_D11_17_cr5e5d04fc5b23e
https://images.proteinatlas.org/44798/2212_H4_6
https://images.proteinatlas.org/8237/si8_B8_1
https://images.proteinatlas.org/58249/1788_B11_5_cr59720b9988f9c
https://images.proteinatlas.org/58249/1788_B11_17_cr59720b9989605
https://images.proteinatlas.org/47431/2195_A7_41
https://images.proteinatlas.org/71138/2121_C7_24
https://images.proteinatlas.org/71138/2121_C7_36
https://images.proteinatlas.org/71138/2127_E6_42
https://images.proteinatlas.org/75467/1891_L21_5_cr6540c9edd566b
https://images.proteinatlas.org/75467/1891_L21_23_cr6540c9edd6215
https://images.proteinatlas.org/39359/2229_B7_21
https://images.proteinatlas.org/39359/2229_B7_36
https://images.proteinatlas.org/22029/1748_E2_7_cr5805de9f5b975
https://images.proteinatlas.org/22029/1748_E2_26_cr5805dea9dd2bd
https://images.proteinatlas.org/22029/1692_E4_3_cr57d29806b2919
https://images.proteinatlas.org/6970/1983_D11_29_cr5e5d04fc5b5ab
https://images.proteinatlas.org/44798/2212_H4_26
https://images.proteinatlas.org/22029/1692_E4_8_cr57d2980ed0dcd
https://images.proteinatlas.org/36723/1751_G1_7_cr57fd220c70be0
https://images.proteinatlas.org/52533/1977_G2_59_cr5e58c8649bfee
https://images.proteinatlas.org/76986/1744_H5_18_cr5804831453ef7
https://images.proteinatlas.org/41135/2186_B7_48
https://images.proteinatlas.org/71138/2127_E6_21
https://images.proteinatlas.org/37378/2008_C1_1_cr5f1a96e57a845
https://images.proteinatlas.org/37378/2008_C1_10_cr5f1a96e57b04e
https://images.proteinatlas.org/37378/2216_E8_36
https://images.proteinatlas.org/528/2151_E7_37
https://images.proteinatlas.org/528/2151_E7_48
https://images.proteinatlas.org/1409/2151_E5_24
https://images.proteinatlas.org/1409/2151_E5_48
https://images.proteinatlas.org/851/2184_B6_36
https://images.proteinatlas.org/851/2184_B6_48
https://images.proteinatlas.org/851/2199_B5_1
https://images.proteinatlas.org/36723/1751_G1_13_cr57fd2217c42ef
https://images.proteinatlas.org/851/2199_B5_21
https://images.proteinatlas.org/76986/1744_H5_14_cr5804830a67c2e
https://images.proteinatlas.org/62605/2185_A4_14
https://images.proteinatlas.org/62605/2179_C5_12
https://images.proteinatlas.org/41135/2186_B7_60
https://images.proteinatlas.org/62605/2206_G5_21
https://images.proteinatlas.org/37378/2216_E8_16
https://images.proteinatlas.org/62605/2206_G5_61
https://images.proteinatlas.org/62605/2216_B5_16
https://images.proteinatlas.org/34600/2177_B3_84
https://images.proteinatlas.org/58283/2120_F12_25
https://images.proteinatlas.org/58283/2120_F12_48
https://images.proteinatlas.org/58283/2131_D3_66
https://images.proteinatlas.org/58283/2131_D3_88
https://images.proteinatlas.org/58283/2229_E10_6
https://images.proteinatlas.org/58283/2229_E10_16
https://images.proteinatlas.org/51485/1753_B5_18_cr57f3dd02c79f9
https://images.proteinatlas.org/62605/2185_A4_98
https://images.proteinatlas.org/51485/1753_B5_23_cr57f3dd0ca4466
https://images.proteinatlas.org/47872/1753_F7_18_cr57f3e8e464164
https://images.proteinatlas.org/62605/2179_C5_36
https://images.proteinatlas.org/30795/1893_J21_2_cr5bbdf4b7c30d8
https://images.proteinatlas.org/30795/1893_J21_21_cr5bbdf4b7c361a
https://images.proteinatlas.org/62605/2216_B5_1
https://images.proteinatlas.org/73690/1721_G3_18_cr57eaae14981b2
https://images.proteinatlas.org/34600/2177_B3_45
https://images.proteinatlas.org/62443/1747_F5_14_cr580656ec67e89
https://images.proteinatlas.org/70222/2244_B12_1
https://images.proteinatlas.org/36226/2185_C7_56
https://images.proteinatlas.org/36226/2185_C7_70
https://images.proteinatlas.org/36226/2186_B6_12
https://images.proteinatlas.org/36226/2186_B6_48
https://images.proteinatlas.org/57428/1695_G4_3_cr57d839209bb8e
https://images.proteinatlas.org/57428/1695_G4_18_cr57d8392878e32
https://images.proteinatlas.org/41539/1632_E1_24_cr577e64dc7ad21
https://images.proteinatlas.org/41539/1632_E1_26_cr577e64e2c1023
https://images.proteinatlas.org/47872/1753_F7_28_cr57f3e8ef1ec4c
https://images.proteinatlas.org/41539/2215_E4_6
https://images.proteinatlas.org/73690/1721_G3_8_cr57eaae0c1640a
https://images.proteinatlas.org/41539/2215_E4_21
https://images.proteinatlas.org/74833/1740_G11_56_cr5807a5e5d39aa
https://images.proteinatlas.org/62443/1747_F5_16_cr580656fe678b8
https://images.proteinatlas.org/74833/2169_G8_56
https://images.proteinatlas.org/74833/2165_D7_48
https://images.proteinatlas.org/70222/2244_B12_13
https://images.proteinatlas.org/74833/2149_B12_42
https://images.proteinatlas.org/74833/2149_B12_84
https://images.proteinatlas.org/51856/1774_B3_13_cr5950f832533c2
https://images.proteinatlas.org/37493/2152_G7_12
https://images.proteinatlas.org/37493/2152_G7_36
https://images.proteinatlas.org/37493/2132_F7_21
https://images.proteinatlas.org/37493/2132_F7_42
https://images.proteinatlas.org/37493/2199_C11_16
https://images.proteinatlas.org/37493/2199_C11_36
https://images.proteinatlas.org/72209/2205_B9_26
https://images.proteinatlas.org/74833/1740_G11_38_cr5807a5dd31460
https://images.proteinatlas.org/74833/2169_G8_42
https://images.proteinatlas.org/72209/2205_B9_31
https://images.proteinatlas.org/24056/2237_B3_36
https://images.proteinatlas.org/74833/2165_D7_96
https://images.proteinatlas.org/42672/2212_F3_21
https://images.proteinatlas.org/52512/2205_F12_31
https://images.proteinatlas.org/51856/1774_B3_8_cr595df1a346e7a
https://images.proteinatlas.org/40416/fp14_E11_1
https://images.proteinatlas.org/40416/fp14_E11_2
https://images.proteinatlas.org/40416/fp14_B11_2
https://images.proteinatlas.org/77263/1955_C5_12_cr5dd3fbb011291
https://images.proteinatlas.org/77263/1955_C5_18_cr5dd3fbb011e97
https://images.proteinatlas.org/13620/1745_H6_7_cr58062c554c3aa
https://images.proteinatlas.org/13620/1745_H6_18_cr58062c5e21133
https://images.proteinatlas.org/23932/1846_E1_1_cr5b7eacfcd4391
https://images.proteinatlas.org/23932/1846_E1_22_cr5b7eacfcd48a5
https://images.proteinatlas.org/75046/1923_H2_5_cr5cd29609ac8ff
https://images.proteinatlas.org/24056/2237_B3_57
https://images.proteinatlas.org/75046/1923_H2_12_cr5cd29609acda8
https://images.proteinatlas.org/75046/2034_F11_2_cr604746b1ae540
https://images.proteinatlas.org/42672/2212_F3_16
https://images.proteinatlas.org/62363/2160_D7_36
https://images.proteinatlas.org/52512/2205_F12_36
https://images.proteinatlas.org/62363/2160_D7_48
https://images.proteinatlas.org/40416/fp14_B11_1
https://images.proteinatlas.org/62363/2136_E2_63
https://images.proteinatlas.org/62363/2209_A3_16
https://images.proteinatlas.org/39715/2232_E4_48
https://images.proteinatlas.org/52607/1876_A8_22_cr5b719f4247b80
https://images.proteinatlas.org/52607/1876_A8_26_cr5b719f424843f
https://images.proteinatlas.org/40375/2183_A6_28
https://images.proteinatlas.org/40375/2183_A6_84
https://images.proteinatlas.org/40375/2232_D5_24
https://images.proteinatlas.org/40375/2232_D5_60
https://images.proteinatlas.org/40375/2206_H8_42
https://images.proteinatlas.org/75046/2034_F11_24_cr604746b1ae525
https://images.proteinatlas.org/40375/2206_H8_105
https://images.proteinatlas.org/4689/2171_H1_112
https://images.proteinatlas.org/62363/2136_E2_22
https://images.proteinatlas.org/4689/2149_C11_42
https://images.proteinatlas.org/62363/2209_A3_1
https://images.proteinatlas.org/4689/2149_C11_84
https://images.proteinatlas.org/39715/2232_E4_24
https://images.proteinatlas.org/44528/2205_G7_11
https://images.proteinatlas.org/63608/1878_C12_6_cr5b7d408b57883
https://images.proteinatlas.org/67203/2210_C12_28
https://images.proteinatlas.org/67203/2210_C12_56
https://images.proteinatlas.org/67203/2160_F3_12
https://images.proteinatlas.org/67203/2160_F3_48
https://images.proteinatlas.org/67203/2135_F9_22
https://images.proteinatlas.org/35278/2167_A3_28
https://images.proteinatlas.org/4689/2171_H1_126
https://images.proteinatlas.org/35278/2167_A3_70
https://images.proteinatlas.org/59727/2215_G2_36
https://images.proteinatlas.org/35278/2152_D7_24
https://images.proteinatlas.org/67203/2135_F9_42
https://images.proteinatlas.org/44528/2205_G7_21
https://images.proteinatlas.org/35278/2133_D3_63
https://images.proteinatlas.org/63608/1878_C12_27_cr5b7d408b586bb
https://images.proteinatlas.org/35278/fp12_F6_1
https://images.proteinatlas.org/35278/fp12_C6_2
https://images.proteinatlas.org/42122/2135_B3_21
https://images.proteinatlas.org/42122/2135_B3_63
https://images.proteinatlas.org/42122/2209_E5_26
https://images.proteinatlas.org/42122/2209_E5_31
https://images.proteinatlas.org/75887/1890_B13_3_cr5ba4d164ac8c9
https://images.proteinatlas.org/75887/1890_B13_27_cr5ba4d164ac33d
https://images.proteinatlas.org/49510/2205_D2_31
https://images.proteinatlas.org/35278/2152_D7_12
https://images.proteinatlas.org/49510/2205_D2_41
https://images.proteinatlas.org/75202/1722_C5_7_cr57f7a62fa1f46
https://images.proteinatlas.org/35278/2133_D3_42
https://images.proteinatlas.org/40241/1912_C3_4_cr5c862a5943660
https://images.proteinatlas.org/40241/1912_C3_12_cr5da43733bfbee
https://images.proteinatlas.org/35278/fp12_F6_2
https://images.proteinatlas.org/59131/2169_C9_70
https://images.proteinatlas.org/35278/fp12_C6_4
https://images.proteinatlas.org/59131/2160_A9_24
https://images.proteinatlas.org/59131/2135_G4_42
https://images.proteinatlas.org/26698/2175_A2_42
https://images.proteinatlas.org/26698/2175_A2_84
https://images.proteinatlas.org/26698/2232_D1_36
https://images.proteinatlas.org/26698/2232_D1_84
https://images.proteinatlas.org/26698/2206_F1_21
https://images.proteinatlas.org/26698/2206_F1_43
https://images.proteinatlas.org/23304/2167_G10_28
https://images.proteinatlas.org/23304/2167_G10_42
https://images.proteinatlas.org/75202/1722_C5_27_cr57f7a639043c9
https://images.proteinatlas.org/23304/2124_D5_12
https://images.proteinatlas.org/23304/2124_D5_24
https://images.proteinatlas.org/59131/2169_C9_56
https://images.proteinatlas.org/23304/2132_C6_84
https://images.proteinatlas.org/59131/2160_A9_45
https://images.proteinatlas.org/28644/2244_C6_1
https://images.proteinatlas.org/19947/2167_B10_28
https://images.proteinatlas.org/59131/2135_G4_63
https://images.proteinatlas.org/19947/2124_G4_20
https://images.proteinatlas.org/19947/2128_D5_1
https://images.proteinatlas.org/11105/2200_D10_11
https://images.proteinatlas.org/11105/2200_D10_16
https://images.proteinatlas.org/23310/fp17_E10_1
https://images.proteinatlas.org/23310/fp17_E10_2
https://images.proteinatlas.org/23310/fp17_B10_1
https://images.proteinatlas.org/23310/fp17_B10_2
https://images.proteinatlas.org/77196/1704_F4_7_cr57d83cc5163f8
https://images.proteinatlas.org/23304/2132_C6_43
https://images.proteinatlas.org/77196/1704_F4_22_cr57d83ccc7545a
https://images.proteinatlas.org/11071/2179_H1_16
https://images.proteinatlas.org/28644/2244_C6_61
https://images.proteinatlas.org/11071/2234_A2_21
https://images.proteinatlas.org/19947/2124_G4_12
https://images.proteinatlas.org/11071/2234_A2_63
https://images.proteinatlas.org/77812/2128_B10_43
https://images.proteinatlas.org/19947/2128_D5_23
https://images.proteinatlas.org/77812/2209_D10_26
https://images.proteinatlas.org/43640/1874_B9_31_cr5b714b3a22aca
https://images.proteinatlas.org/43640/1825_F6_41_cr5ac349f6d258f
https://images.proteinatlas.org/43640/1825_F6_54_cr5ac349f6d4297
https://images.proteinatlas.org/43640/2169_F10_56
https://images.proteinatlas.org/43640/2169_F10_70
https://images.proteinatlas.org/43640/2152_D8_36
https://images.proteinatlas.org/43640/2152_D8_48
https://images.proteinatlas.org/43640/2149_G5_21
https://images.proteinatlas.org/43640/2149_G5_63
https://images.proteinatlas.org/11071/2179_H1_28
https://images.proteinatlas.org/43640/2209_F4_26
https://images.proteinatlas.org/43640/2209_F4_31
https://images.proteinatlas.org/77812/2128_B10_22
https://images.proteinatlas.org/74521/1872_F6_13_cr5b61c6eb27ecb
https://images.proteinatlas.org/77812/2209_D10_11
https://images.proteinatlas.org/74521/1872_F6_30_cr5b61c6eb27e8e
https://images.proteinatlas.org/74006/2176_A9_56
https://images.proteinatlas.org/43640/1874_B9_56_cr5b714b3a22ae7
https://images.proteinatlas.org/74006/2165_E8_48
https://images.proteinatlas.org/74006/2205_A11_1
https://images.proteinatlas.org/39743/si19_H2_3
https://images.proteinatlas.org/39743/si19_H2_4
https://images.proteinatlas.org/39743/si19_H3_2
https://images.proteinatlas.org/39743/si19_H3_4
https://images.proteinatlas.org/26480/2150_G8_20
https://images.proteinatlas.org/26480/2150_G8_48
https://images.proteinatlas.org/26480/2134_C8_21
https://images.proteinatlas.org/6349/1844_D10_25_cr62bc3245c7551
https://images.proteinatlas.org/26480/2134_C8_42
https://images.proteinatlas.org/58088/2008_C5_3_cr5f1ac3a564f5c
https://images.proteinatlas.org/74006/2176_A9_28
https://images.proteinatlas.org/58088/1985_C8_3_cr5e57a5ab52a4b
https://images.proteinatlas.org/58088/1985_C8_7_cr5e57a5ab52b87
https://images.proteinatlas.org/74006/2165_E8_23
https://images.proteinatlas.org/22829/2241_G4_56
https://images.proteinatlas.org/22829/2232_B4_36
https://images.proteinatlas.org/74006/2205_A11_6
https://images.proteinatlas.org/74830/1642_C12_25_cr57bb117ea96dd
https://images.proteinatlas.org/74830/1642_C12_29_cr57bb1184a2c49
https://images.proteinatlas.org/75089/1914_B4_19_cr5c866b98464b5
https://images.proteinatlas.org/75089/2185_B5_14
https://images.proteinatlas.org/75089/2185_B5_56
https://images.proteinatlas.org/75089/2148_A11_21
https://images.proteinatlas.org/75089/2148_A11_84
https://images.proteinatlas.org/75089/2211_E2_1
https://images.proteinatlas.org/75089/2211_E2_16
https://images.proteinatlas.org/58088/2008_C5_19_cr5f1ac3a567860
https://images.proteinatlas.org/36074/2209_E4_11
https://images.proteinatlas.org/36074/2209_E4_16
https://images.proteinatlas.org/22829/2241_G4_28
https://images.proteinatlas.org/30383/si14_G1_3
https://images.proteinatlas.org/22829/2232_B4_60
https://images.proteinatlas.org/30383/si14_G2_1
https://images.proteinatlas.org/30383/si14_G3_2
https://images.proteinatlas.org/75089/1914_B4_4_cr5c866b98464a5
https://images.proteinatlas.org/39468/1752_E8_8_cr5804e685b5256
https://images.proteinatlas.org/39468/1752_E8_13_cr5804e68fa844b
https://images.proteinatlas.org/72363/2008_A10_29_cr5f1ab7c42a05f
https://images.proteinatlas.org/21282/2229_D8_6
https://images.proteinatlas.org/21282/2229_D8_26
https://images.proteinatlas.org/11284/2229_E4_16
https://images.proteinatlas.org/11284/2229_E4_41
https://images.proteinatlas.org/63389/2210_F8_42
https://images.proteinatlas.org/63389/2210_F8_28
https://images.proteinatlas.org/30383/si14_G1_1
https://images.proteinatlas.org/63389/2121_F5_48
https://images.proteinatlas.org/63389/2121_F5_12
https://images.proteinatlas.org/30383/si14_G2_4
https://images.proteinatlas.org/30383/si14_G3_4
https://images.proteinatlas.org/63389/2128_C4_84
https://images.proteinatlas.org/16759/2150_B5_36
https://images.proteinatlas.org/72363/2008_A10_16_cr5f1ab7c429d3d
https://images.proteinatlas.org/16759/2135_F5_42
https://images.proteinatlas.org/28956/2204_A11_6
https://images.proteinatlas.org/41927/2195_H5_26
https://images.proteinatlas.org/41927/2195_H5_41
https://images.proteinatlas.org/71142/2176_F7_42
https://images.proteinatlas.org/71142/2176_F7_57
https://images.proteinatlas.org/71142/2165_B7_24
https://images.proteinatlas.org/71142/2165_B7_36
https://images.proteinatlas.org/71142/2149_H11_42
https://images.proteinatlas.org/63389/2128_C4_63
https://images.proteinatlas.org/71142/2149_H11_84
https://images.proteinatlas.org/71906/1768_C2_3_cr594bb4ff00e34
https://images.proteinatlas.org/16759/2150_B5_48
https://images.proteinatlas.org/12640/2241_F9_28
https://images.proteinatlas.org/16759/2135_F5_21
https://images.proteinatlas.org/12640/2241_F9_42
https://images.proteinatlas.org/12640/2120_C6_37
https://images.proteinatlas.org/28956/2204_A11_41
https://images.proteinatlas.org/12640/2133_G8_64
https://images.proteinatlas.org/6313/si24_C1_3
https://images.proteinatlas.org/6313/si24_C1_11
https://images.proteinatlas.org/6313/si24_C1_13
https://images.proteinatlas.org/6313/si24_C2_1
https://images.proteinatlas.org/6313/si24_C2_4
https://images.proteinatlas.org/6313/si24_C2_14
https://images.proteinatlas.org/6313/si24_C2_16
https://images.proteinatlas.org/6313/si24_C3_2
https://images.proteinatlas.org/71906/1768_C2_8_cr594bb4ff01810
https://images.proteinatlas.org/6313/si24_C3_4
https://images.proteinatlas.org/6313/si24_C3_14
https://images.proteinatlas.org/12640/2120_C6_12
https://images.proteinatlas.org/47641/2121_A4_24
https://images.proteinatlas.org/47641/2121_A4_48
https://images.proteinatlas.org/12640/2133_G8_21
https://images.proteinatlas.org/39216/si12_C10_3
https://images.proteinatlas.org/39216/si12_C11_1
https://images.proteinatlas.org/6313/si24_C1_4
https://images.proteinatlas.org/39216/si12_C12_3
https://images.proteinatlas.org/39216/si12_C12_4
https://images.proteinatlas.org/77153/1925_E7_6_cr5cd56b157c452
https://images.proteinatlas.org/77153/1925_E7_26_cr5cd56b157db1b
https://images.proteinatlas.org/51482/1752_E4_3_cr5804e016b4d5f
https://images.proteinatlas.org/51482/1752_E4_8_cr5804e02104fd7
https://images.proteinatlas.org/36569/si25_E1_2
https://images.proteinatlas.org/36569/si25_E1_3
https://images.proteinatlas.org/36569/si25_E1_12
https://images.proteinatlas.org/6313/si24_C3_17
https://images.proteinatlas.org/36569/si25_E1_14
https://images.proteinatlas.org/36569/si25_E3_2
https://images.proteinatlas.org/39216/si12_C10_2
https://images.proteinatlas.org/36569/si25_E3_9
https://images.proteinatlas.org/39216/si12_C11_3
https://images.proteinatlas.org/36569/si25_E3_14
https://images.proteinatlas.org/59383/1748_B11_26_cr5805df953110b
https://images.proteinatlas.org/42123/2204_C7_41
https://images.proteinatlas.org/38688/2217_E5_41
https://images.proteinatlas.org/38919/2199_G3_21
https://images.proteinatlas.org/74973/1875_H1_24_cr5b7c09aa81eea
https://images.proteinatlas.org/74973/1875_H1_27_cr5b7c09aa8295e
https://images.proteinatlas.org/74973/1768_G10_7_cr5950c6e24e8b2
https://images.proteinatlas.org/74973/1768_G10_13_cr5950c6e24ec62
https://images.proteinatlas.org/17852/1986_F12_7_cr5e5e103990c90
https://images.proteinatlas.org/17852/1986_F12_29_cr5e5e103990eec
https://images.proteinatlas.org/17852/2169_D11_11
https://images.proteinatlas.org/17852/2169_D11_42
https://images.proteinatlas.org/36569/si25_E3_3
https://images.proteinatlas.org/17852/2150_A6_12
https://images.proteinatlas.org/17852/2150_A6_60
https://images.proteinatlas.org/59383/1748_B11_23_cr5805df8b537d5
https://images.proteinatlas.org/17852/2149_A7_63
https://images.proteinatlas.org/38688/2217_E5_26
https://images.proteinatlas.org/17852/2209_F5_26
https://images.proteinatlas.org/77896/1692_G10_18_cr57d28027a51e8
https://images.proteinatlas.org/77896/1954_D12_45_cr5e1700f228bb7
https://images.proteinatlas.org/38919/2199_G3_41
https://images.proteinatlas.org/36897/1645_G2_17_cr57bd88f3c7a77
https://images.proteinatlas.org/36897/1645_G2_13_cr57bd88ec5b29a
https://images.proteinatlas.org/62854/2212_A9_11
https://images.proteinatlas.org/62854/2212_A9_6
https://images.proteinatlas.org/47529/1977_H6_36_cr5e568dd20ca7e
https://images.proteinatlas.org/47529/1977_H6_46_cr5e568dd20dfd8
https://images.proteinatlas.org/13336/1871_B10_2_cr5b519ab4863ba
https://images.proteinatlas.org/13336/1871_B10_12_cr5b519ab486dda
https://images.proteinatlas.org/17852/2149_A7_21
https://images.proteinatlas.org/56987/2217_C5_26
https://images.proteinatlas.org/56987/2217_C5_31
https://images.proteinatlas.org/17852/2209_F5_41
https://images.proteinatlas.org/36981/1746_G5_13_cr5804b3109750d
https://images.proteinatlas.org/77896/1692_G10_3_cr57d2801fb7889
https://images.proteinatlas.org/51465/2212_H7_41
https://images.proteinatlas.org/7200/1752_D3_3_cr5804d4d053e5f
https://images.proteinatlas.org/77460/1890_F8_23_cr5b9b67e50c295
https://images.proteinatlas.org/7200/2202_D8_6
https://images.proteinatlas.org/7200/2202_D8_21
https://images.proteinatlas.org/21633/1749_D5_28_cr5804c0f209d00
https://images.proteinatlas.org/21633/1788_E1_1_cr596df0e545fa0
https://images.proteinatlas.org/21633/1788_E1_19_cr596df0e546610
https://images.proteinatlas.org/78021/1861_B7_9_cr5aeb5fcd0816c
https://images.proteinatlas.org/78021/1861_B7_19_cr5aeb5fcd08b6e
https://images.proteinatlas.org/22140/1718_E1_8_cr57f3cd0b7d6bc
https://images.proteinatlas.org/22140/1718_E1_18_cr57f3cd14562ca
https://images.proteinatlas.org/29574/1752_D10_8_cr5804d572c22c8
https://images.proteinatlas.org/51465/2212_H7_21
https://images.proteinatlas.org/29574/1752_D10_18_cr5804d57cb5b6f
https://images.proteinatlas.org/37851/1977_F5_40_cr5e5689bd6a7d4
https://images.proteinatlas.org/36981/1746_G5_18_cr5804b31e7246f
https://images.proteinatlas.org/7200/1752_D3_8_cr5804d4da962e5
https://images.proteinatlas.org/1247/2200_B6_26
https://images.proteinatlas.org/1247/2200_B6_36
https://images.proteinatlas.org/40177/1891_I12_9_cr5bbde013a94a2
https://images.proteinatlas.org/21633/1749_D5_23_cr5804c0e80081f
https://images.proteinatlas.org/40177/1891_I12_25_cr5bbde013a97c1
https://images.proteinatlas.org/15613/2191_E7_24
https://images.proteinatlas.org/26418/1736_D2_3_cr5805dad19be82
https://images.proteinatlas.org/77892/1692_B10_3_cr57d29105ebfe6
https://images.proteinatlas.org/77892/1692_B10_23_cr57d2910c64417
https://images.proteinatlas.org/41468/1819_B10_3_cr59f333d130f2a
https://images.proteinatlas.org/37851/1977_F5_55_cr5e5689bd6c81f
https://images.proteinatlas.org/26418/1736_D2_13_cr5805dada95ac4
https://images.proteinatlas.org/41468/1819_B10_18_cr59f333d13211d
https://images.proteinatlas.org/72105/1637_F12_2_cr57a1bad737a85
https://images.proteinatlas.org/77676/2229_D2_31
https://images.proteinatlas.org/24825/1921_D8_12_cr5cb463c1cf361
https://images.proteinatlas.org/72105/1637_F12_13_cr57a1bae4eca71
https://images.proteinatlas.org/39698/2204_F12_6
https://images.proteinatlas.org/39698/2204_F12_21
https://images.proteinatlas.org/15613/2191_E7_41
https://images.proteinatlas.org/55054/2016_D7_22_cr5f64680228a76
https://images.proteinatlas.org/4120/2218_D8_11
https://images.proteinatlas.org/27008/2195_E3_16
https://images.proteinatlas.org/27008/2195_E3_21
https://images.proteinatlas.org/75875/1637_C10_6_cr57adbee01ae60
https://images.proteinatlas.org/75875/1637_C10_29_cr57adbee677125
https://images.proteinatlas.org/70486/2121_A8_12
https://images.proteinatlas.org/70486/2121_A8_48
https://images.proteinatlas.org/70486/2134_G9_42
https://images.proteinatlas.org/70486/2134_G9_84
https://images.proteinatlas.org/77676/2229_D2_6
https://images.proteinatlas.org/63601/2166_F4_12
https://images.proteinatlas.org/63601/2166_F4_24
https://images.proteinatlas.org/24825/1921_D8_18_cr5cb463c1cf43f
https://images.proteinatlas.org/55054/2016_D7_6_cr5f64680227ef2
https://images.proteinatlas.org/78027/1767_A7_13_cr594a8ca96d096
https://images.proteinatlas.org/78027/1706_D7_13_cr57e393d1389f8
https://images.proteinatlas.org/4120/2218_D8_26
https://images.proteinatlas.org/63275/1825_A11_3_cr5abb936d5367f
https://images.proteinatlas.org/49684/2212_B7_41
https://images.proteinatlas.org/63275/2217_E8_1
https://images.proteinatlas.org/63275/2217_E8_26
https://images.proteinatlas.org/70202/1891_F16_3_cr5bbdbee54dd8a
https://images.proteinatlas.org/70202/1891_F16_12_cr5bbdbee54e3f0
https://images.proteinatlas.org/75923/1916_C7_1_cr5c9a14f757b74
https://images.proteinatlas.org/75923/1916_C7_19_cr5c9a14f757dda
https://images.proteinatlas.org/75923/1955_E11_1_cr5dc045f1126cd
https://images.proteinatlas.org/78027/1767_A7_3_cr594a8c9fbc3fa
https://images.proteinatlas.org/75923/1955_E11_20_cr63ca9aa167544
https://images.proteinatlas.org/23391/si37_B7_1
https://images.proteinatlas.org/78027/1706_D7_18_cr57e393d8f1516
https://images.proteinatlas.org/23391/si37_B8_1
https://images.proteinatlas.org/49684/2212_B7_21
https://images.proteinatlas.org/23391/si37_B8_2
https://images.proteinatlas.org/23391/si37_B9_3
https://images.proteinatlas.org/63275/1825_A11_17_cr5abb936d542b3
https://images.proteinatlas.org/57667/2160_H10_48
https://images.proteinatlas.org/57667/2149_E11_42
https://images.proteinatlas.org/40742/si35_D11_2
https://images.proteinatlas.org/40742/si35_D11_3
https://images.proteinatlas.org/40742/si35_D11_9
https://images.proteinatlas.org/40742/si35_D11_14
https://images.proteinatlas.org/40742/si35_D12_1
https://images.proteinatlas.org/40742/si35_D12_2
https://images.proteinatlas.org/40742/si35_D12_8
https://images.proteinatlas.org/23391/si37_B7_2
https://images.proteinatlas.org/40742/si35_D12_16
https://images.proteinatlas.org/67552/1720_B5_17_cr5805226c9c7f6
https://images.proteinatlas.org/23391/si37_B9_1
https://images.proteinatlas.org/44185/2168_G9_42
https://images.proteinatlas.org/44185/2168_G9_70
https://images.proteinatlas.org/57667/2160_H10_24
https://images.proteinatlas.org/44185/2121_F3_48
https://images.proteinatlas.org/44185/2127_G5_42
https://images.proteinatlas.org/57667/2149_E11_84
https://images.proteinatlas.org/44185/2199_G4_11
https://images.proteinatlas.org/44185/2199_G4_41
https://images.proteinatlas.org/46968/2199_F2_41
https://images.proteinatlas.org/43059/2194_E12_16
https://images.proteinatlas.org/43059/2194_E12_21
https://images.proteinatlas.org/29785/1874_F12_24_cr5b6d38a290174
https://images.proteinatlas.org/29785/1874_F12_29_cr5b6d38a29017f
https://images.proteinatlas.org/47834/2177_B4_84
https://images.proteinatlas.org/47834/2177_B4_98
https://images.proteinatlas.org/67552/1720_B5_23_cr58052276ba723
https://images.proteinatlas.org/31999/1855_E6_15_cr5ad88637398d2
https://images.proteinatlas.org/31999/1855_E6_29_cr5ad886373ac15
https://images.proteinatlas.org/44185/2121_F3_12
https://images.proteinatlas.org/63404/1916_E4_12_cr5c9a0781b424c
https://images.proteinatlas.org/44185/2127_G5_84
https://images.proteinatlas.org/63404/1955_G12_8_cr5e15ac71c60ee
https://images.proteinatlas.org/63404/2205_D11_1
https://images.proteinatlas.org/46968/2199_F2_16
https://images.proteinatlas.org/45209/1912_D3_2_cr5c862aba33b8f
https://images.proteinatlas.org/45209/1912_D3_22_cr5c862aba340f5
https://images.proteinatlas.org/39542/1874_A5_46_cr5b7160878a061
https://images.proteinatlas.org/39542/1925_A9_6_cr5cd5643c622a4
https://images.proteinatlas.org/39542/1925_A9_28_cr5cd5643c63c74
https://images.proteinatlas.org/23557/si21_E4_1
https://images.proteinatlas.org/23557/si21_E4_4
https://images.proteinatlas.org/23557/si21_E4_6
https://images.proteinatlas.org/23557/si21_E4_7
https://images.proteinatlas.org/23557/si21_E5_1
https://images.proteinatlas.org/63404/1916_E4_23_cr5c9a0781b5f15
https://images.proteinatlas.org/23557/si21_E5_2
https://images.proteinatlas.org/23557/si21_E5_6
https://images.proteinatlas.org/63404/1955_G12_29_cr5e15ac71c60db
https://images.proteinatlas.org/63404/2205_D11_31
https://images.proteinatlas.org/23557/si21_E6_2
https://images.proteinatlas.org/23557/si21_E6_4
https://images.proteinatlas.org/60548/1747_F1_13_cr58062a7274bb4
https://images.proteinatlas.org/39542/1874_A5_36_cr5b7160878a43d
https://images.proteinatlas.org/60548/1747_F1_16_cr58062a7c69d45
https://images.proteinatlas.org/60548/1748_H9_24_cr5805e593241c4
https://images.proteinatlas.org/528/2151_E7_37
https://images.proteinatlas.org/528/2151_E7_48
https://images.proteinatlas.org/76790/1717_G2_12_cr57f4f5f2b80c7
https://images.proteinatlas.org/76790/1717_G2_27_cr57f4f5fc421e1
https://images.proteinatlas.org/76790/1732_H5_18_cr58061d5799a3e
https://images.proteinatlas.org/76790/1732_H5_28_cr58061d6096139
https://images.proteinatlas.org/3640/1637_H5_10_cr57b2ee6135973
https://images.proteinatlas.org/23557/si21_E5_7
https://images.proteinatlas.org/3640/1637_H5_11_cr57b2ee68c6f72
https://images.proteinatlas.org/51669/1642_A7_5_cr57bc65c60c603
https://images.proteinatlas.org/23557/si21_E6_6
https://images.proteinatlas.org/7308/si27_C10_1
https://images.proteinatlas.org/23557/si21_E6_8
https://images.proteinatlas.org/7308/si27_C10_2
https://images.proteinatlas.org/7308/si27_C10_15
https://images.proteinatlas.org/7308/si27_C11_2
https://images.proteinatlas.org/60548/1748_H9_26_cr5805e59cb1efe
https://images.proteinatlas.org/7308/si27_C11_9
https://images.proteinatlas.org/7308/si27_C11_10
https://images.proteinatlas.org/7308/si27_C12_2
https://images.proteinatlas.org/7308/si27_C12_6
https://images.proteinatlas.org/7308/si27_C12_15
https://images.proteinatlas.org/22889/1871_B11_12_cr5b50724e2676b
https://images.proteinatlas.org/22889/1871_B11_16_cr5b50724e26ee5
https://images.proteinatlas.org/22889/1898_E5_20_cr5ba8a282c27ff
https://images.proteinatlas.org/22889/1898_E5_28_cr5ba8a282c32b4
https://images.proteinatlas.org/51669/1642_A7_7_cr57bc65cc7016b
https://images.proteinatlas.org/29795/2244_C1_1
https://images.proteinatlas.org/29795/2244_C1_13
https://images.proteinatlas.org/7308/si27_C10_9
https://images.proteinatlas.org/2704/2145_G7_35
https://images.proteinatlas.org/7308/si27_C11_1
https://images.proteinatlas.org/70608/1813_A3_1_cr59f2f67d3b811
https://images.proteinatlas.org/17723/2237_E10_29
https://images.proteinatlas.org/7308/si27_C12_1
https://images.proteinatlas.org/62101/1743_C8_8_cr57ff7e130f210
https://images.proteinatlas.org/62101/1743_C8_18_cr57ff7e1c0e7db
https://images.proteinatlas.org/59835/1942_E4_21_cr5db2e78d84683
https://images.proteinatlas.org/47232/1883_B8_12_cr5b7bd702545a1
https://images.proteinatlas.org/47232/1883_B8_27_cr5b7bd70254510
https://images.proteinatlas.org/72290/1876_C6_2_cr5b71a9d553715
https://images.proteinatlas.org/72290/1876_C6_13_cr5b71a9d55394f
https://images.proteinatlas.org/60202/1743_F7_3_cr57ff8176bbb48
https://images.proteinatlas.org/60202/1743_F7_23_cr57ff818131361
https://images.proteinatlas.org/60202/2185_E2_42
https://images.proteinatlas.org/2704/2145_G7_21
https://images.proteinatlas.org/60202/2185_E2_84
https://images.proteinatlas.org/60202/2179_G3_12
https://images.proteinatlas.org/70608/1813_A3_21_cr59f2f67d3ca34
https://images.proteinatlas.org/17723/2237_E10_57
https://images.proteinatlas.org/60202/2206_H3_21
https://images.proteinatlas.org/60202/2206_H3_42
https://images.proteinatlas.org/45272/2244_D3_13
https://images.proteinatlas.org/59835/1942_E4_17_cr5d289f022c15f
https://images.proteinatlas.org/45272/2201_C3_63
https://images.proteinatlas.org/45272/2201_C3_147
https://images.proteinatlas.org/67973/2204_G11_36
https://images.proteinatlas.org/26693/2195_E8_16
https://images.proteinatlas.org/26693/2195_E8_26
https://images.proteinatlas.org/61293/2160_A8_12
https://images.proteinatlas.org/61293/2160_A8_24
https://images.proteinatlas.org/35462/2152_E1_12
https://images.proteinatlas.org/35462/2152_E1_24
https://images.proteinatlas.org/60202/2179_G3_60
https://images.proteinatlas.org/35462/2148_E11_21
https://images.proteinatlas.org/35462/2148_E11_63
https://images.proteinatlas.org/45272/2241_B4_28
https://images.proteinatlas.org/77805/2121_F7_36
https://images.proteinatlas.org/45272/2241_B4_42
https://images.proteinatlas.org/77805/2128_G9_63
https://images.proteinatlas.org/47529/1977_H6_36_cr5e568dd20ca7e
https://images.proteinatlas.org/54532/2161_B4_12
https://images.proteinatlas.org/67973/2204_G11_31
https://images.proteinatlas.org/54532/2161_B4_36
https://images.proteinatlas.org/54532/2128_E10_6
https://images.proteinatlas.org/68447/1983_G10_6_cr5e58e1f98be4a
https://images.proteinatlas.org/68447/1983_G10_26_cr5e58e1f98cb39
https://images.proteinatlas.org/77856/1702_G3_14_cr57eaacc246572
https://images.proteinatlas.org/77856/1702_G3_24_cr57eaacc9daf03
https://images.proteinatlas.org/77856/1692_E8_8_cr57d2a0b45fb2b
https://images.proteinatlas.org/77856/1692_E8_18_cr57d2a0bc0ee75
https://images.proteinatlas.org/51259/1942_H3_6_cr5d2c86d616053
https://images.proteinatlas.org/77805/2121_F7_24
https://images.proteinatlas.org/51259/1942_H3_28_cr6149a00a7974b
https://images.proteinatlas.org/77805/2128_G9_84
https://images.proteinatlas.org/58295/1933_G4_20_cr5d11cd3092e7f
https://images.proteinatlas.org/3157/1742_D5_7_cr5804956327650
https://images.proteinatlas.org/47529/1977_H6_46_cr5e568dd20dfd8
https://images.proteinatlas.org/2980/2176_D9_28
https://images.proteinatlas.org/2980/2176_D9_56
https://images.proteinatlas.org/54532/2128_E10_84
https://images.proteinatlas.org/2980/2166_H8_48
https://images.proteinatlas.org/2980/2201_H5_21
https://images.proteinatlas.org/73819/1801_B10_19_cr59ca0ab7063da
https://images.proteinatlas.org/73819/1801_B10_28_cr59ca0ab706bca
https://images.proteinatlas.org/11367/1744_E2_23_cr57fe2792146ed
https://images.proteinatlas.org/11367/1744_E2_26_cr57fe279d9c753
https://images.proteinatlas.org/11367/1740_E2_8_cr5810d60adac46
https://images.proteinatlas.org/11367/1740_E2_17_cr57fb620f35c08
https://images.proteinatlas.org/41877/1712_G12_13_cr5804bb1ca85e0
https://images.proteinatlas.org/41877/1712_G12_17_cr5804bb27406f4
https://images.proteinatlas.org/58295/1933_G4_23_cr5d11cd3093d45
https://images.proteinatlas.org/3067/1848_H2_14_cr5abb8cae968ca
https://images.proteinatlas.org/3067/1848_H2_18_cr5abb8cae97a2e
https://images.proteinatlas.org/3157/1742_D5_22_cr5804956c64ced
https://images.proteinatlas.org/2980/2166_H8_36
https://images.proteinatlas.org/75016/1719_C6_18_cr5804b683d2c9d
https://images.proteinatlas.org/36264/1827_B9_23_cr5ac61bc528405
https://images.proteinatlas.org/36264/2167_A10_56
https://images.proteinatlas.org/2980/2201_H5_126
https://images.proteinatlas.org/36264/2120_G11_36
https://images.proteinatlas.org/36264/2120_G11_48
https://images.proteinatlas.org/36264/2132_E7_63
https://images.proteinatlas.org/42461/1723_G5_11_cr57eab2dd75d6f
https://images.proteinatlas.org/42461/1723_G5_17_cr57eab2e5dc6e6
https://images.proteinatlas.org/70355/2228_F3_6
https://images.proteinatlas.org/70355/2228_F3_11
https://images.proteinatlas.org/7266/2176_F2_28
https://images.proteinatlas.org/7266/2176_F2_42
https://images.proteinatlas.org/75016/1719_C6_3_cr5804b676b4a5e
https://images.proteinatlas.org/7266/2166_C3_36
https://images.proteinatlas.org/7266/2166_C3_48
https://images.proteinatlas.org/36264/1827_B9_26_cr5ac61bc528414
https://images.proteinatlas.org/48557/2218_C10_16
https://images.proteinatlas.org/13601/1867_C12_23_cr5b8a61c41b949
https://images.proteinatlas.org/36264/2167_A10_28
https://images.proteinatlas.org/55915/2210_E6_42
https://images.proteinatlas.org/55915/2178_E5_12
https://images.proteinatlas.org/36264/2132_E7_22
https://images.proteinatlas.org/55915/2206_D8_43
https://images.proteinatlas.org/55915/2206_D8_105
https://images.proteinatlas.org/56076/2205_F4_41
https://images.proteinatlas.org/41398/2204_G2_21
https://images.proteinatlas.org/41398/2204_G2_31
https://images.proteinatlas.org/41398/2175_F10_42
https://images.proteinatlas.org/41398/2175_F10_70
https://images.proteinatlas.org/41398/2232_G1_42
https://images.proteinatlas.org/41398/2232_G1_70
https://images.proteinatlas.org/41398/2206_C2_21
https://images.proteinatlas.org/48557/2218_C10_1
https://images.proteinatlas.org/41398/2206_C2_84
https://images.proteinatlas.org/53577/2212_C8_6
https://images.proteinatlas.org/55915/2210_E6_14
https://images.proteinatlas.org/55915/2178_E5_24
https://images.proteinatlas.org/48654/2218_B6_21
https://images.proteinatlas.org/48654/2218_B6_36
https://images.proteinatlas.org/56076/2205_F4_21
https://images.proteinatlas.org/30247/1876_G11_5_cr5b6d487c2a136
https://images.proteinatlas.org/30247/1876_G11_10_cr5b6d487c2a6c9
https://images.proteinatlas.org/41781/2195_D6_36
https://images.proteinatlas.org/42570/2195_B11_6
https://images.proteinatlas.org/42570/2195_B11_16
https://images.proteinatlas.org/47254/1767_G10_20_cr594b8fd0b0eb6
https://images.proteinatlas.org/47254/1767_G10_23_cr594b8fd8946de
https://images.proteinatlas.org/19799/si25_F5_1
https://images.proteinatlas.org/19799/si25_F5_4
https://images.proteinatlas.org/19799/si25_F5_6
https://images.proteinatlas.org/53577/2212_C8_26
https://images.proteinatlas.org/19799/si25_F5_12
https://images.proteinatlas.org/19799/si25_F6_1
https://images.proteinatlas.org/51320/1955_H11_2_cr5dc042a08e275
https://images.proteinatlas.org/19799/si25_F6_14
https://images.proteinatlas.org/51320/1955_H11_22_cr5dc042a08f185
https://images.proteinatlas.org/19799/si25_F6_18
https://images.proteinatlas.org/44590/2217_F10_31
https://images.proteinatlas.org/41781/2195_D6_21
https://images.proteinatlas.org/31613/1825_D1_19_cr5abb7ceddfbde
https://images.proteinatlas.org/16603/1732_D12_3_cr5806066ec88c2
https://images.proteinatlas.org/63346/1781_C4_1_cr597061ea68f1e
https://images.proteinatlas.org/63346/1781_C4_7_cr597061ea693b0
https://images.proteinatlas.org/67103/2175_G12_28
https://images.proteinatlas.org/67103/2175_G12_56
https://images.proteinatlas.org/67103/2160_A4_12
https://images.proteinatlas.org/67103/2160_A4_57
https://images.proteinatlas.org/67103/2146_D11_43
https://images.proteinatlas.org/19799/si25_F6_3
https://images.proteinatlas.org/67103/2146_D11_63
https://images.proteinatlas.org/67103/2238_D7_15
https://images.proteinatlas.org/44590/2217_F10_11
https://images.proteinatlas.org/15324/2217_C8_11
https://images.proteinatlas.org/15324/2217_C8_41
https://images.proteinatlas.org/31613/1825_D1_1_cr5abb7cedde5d2
https://images.proteinatlas.org/1825/2216_D11_31
https://images.proteinatlas.org/29330/1747_E2_4_cr58062ec6131fa
https://images.proteinatlas.org/16603/1732_D12_8_cr58060677afa90
https://images.proteinatlas.org/3905/2121_F8_14
https://images.proteinatlas.org/3905/2121_F8_36
https://images.proteinatlas.org/76624/1709_G12_18_cr5800dfc7e8d31
https://images.proteinatlas.org/37497/si18_D10_2
https://images.proteinatlas.org/37497/si18_D10_3
https://images.proteinatlas.org/37497/si18_D11_2
https://images.proteinatlas.org/37497/si18_D11_3
https://images.proteinatlas.org/37497/si18_D12_2
https://images.proteinatlas.org/37497/si18_D12_4
https://images.proteinatlas.org/68569/1876_H8_11_cr5b7197ac3a999
https://images.proteinatlas.org/67103/2238_D7_50
https://images.proteinatlas.org/38534/2178_E11_24
https://images.proteinatlas.org/1825/2216_D11_6
https://images.proteinatlas.org/29330/1747_E2_19_cr58062ee0c50d7
https://images.proteinatlas.org/38534/2234_A12_42
https://images.proteinatlas.org/76624/1709_G12_12_cr5800dfbe06bb5
https://images.proteinatlas.org/3005/2167_H1_56
https://images.proteinatlas.org/3005/2151_C1_24
https://images.proteinatlas.org/68569/1876_H8_25_cr5b7197ac3b255
https://images.proteinatlas.org/3005/2127_G11_42
https://images.proteinatlas.org/3005/2127_G11_63
https://images.proteinatlas.org/42564/2169_F4_15
https://images.proteinatlas.org/42564/2169_F4_56
https://images.proteinatlas.org/42564/2120_F5_12
https://images.proteinatlas.org/42564/2120_F5_36
https://images.proteinatlas.org/38534/2178_E11_48
https://images.proteinatlas.org/42564/2133_G2_63
https://images.proteinatlas.org/42564/2133_G2_84
https://images.proteinatlas.org/38534/2234_A12_126
https://images.proteinatlas.org/3005/2167_H1_42
https://images.proteinatlas.org/72129/2204_G4_26
https://images.proteinatlas.org/72129/2204_G4_31
https://images.proteinatlas.org/60369/2205_C8_6
https://images.proteinatlas.org/3005/2151_C1_12
https://images.proteinatlas.org/47473/1955_E2_16_cr5dcd0980797d6
https://images.proteinatlas.org/47473/1955_E2_26_cr5dcd09807adaa
https://images.proteinatlas.org/47473/1938_B4_21_cr5d2489533bcde
https://images.proteinatlas.org/3187/2200_H6_31
https://images.proteinatlas.org/3187/2200_H6_36
https://images.proteinatlas.org/17304/1843_E4_1_cr5af97f8bb342c
https://images.proteinatlas.org/17304/1843_E4_17_cr5af97f8bb44cb
https://images.proteinatlas.org/17304/1972_E7_15_cr5e16f087832ca
https://images.proteinatlas.org/17304/1972_E7_30_cr5e16f08783a3b
https://images.proteinatlas.org/27977/2195_D4_41
https://images.proteinatlas.org/26711/2239_E7_8
https://images.proteinatlas.org/26711/2239_E7_36
https://images.proteinatlas.org/39903/2204_E6_21
https://images.proteinatlas.org/56934/2212_E11_1
https://images.proteinatlas.org/76317/1694_D1_18_cr57ce88bdac775
https://images.proteinatlas.org/39903/2204_E6_36
https://images.proteinatlas.org/14209/1925_F10_10_cr5cd55baf72a1a
https://images.proteinatlas.org/47473/1938_B4_6_cr5d2489533afca
https://images.proteinatlas.org/56683/2017_G8_29_cr5fca2941c0e19
https://images.proteinatlas.org/56683/2215_C4_26
https://images.proteinatlas.org/48825/2166_A11_24
https://images.proteinatlas.org/48825/2166_A11_36
https://images.proteinatlas.org/43400/1847_C11_43_cr5abb400a323ce
https://images.proteinatlas.org/76317/1694_D1_12_cr57ce88b771f16
https://images.proteinatlas.org/14209/1925_F10_26_cr5cd55baf73e81
https://images.proteinatlas.org/43400/1847_C11_60_cr5abb400a35088
https://images.proteinatlas.org/56934/2212_E11_11
https://images.proteinatlas.org/56683/2017_G8_5_cr5fca2941c056b
https://images.proteinatlas.org/40112/2127_D9_21
https://images.proteinatlas.org/56683/2215_C4_11
https://images.proteinatlas.org/18253/2209_C4_36
https://images.proteinatlas.org/48345/1878_F7_48_cr5b8036636acd3
https://images.proteinatlas.org/54396/2177_C6_70
https://images.proteinatlas.org/54396/2177_C6_84
https://images.proteinatlas.org/54396/2161_D7_13
https://images.proteinatlas.org/40112/2124_E10_48
https://images.proteinatlas.org/40112/2124_E10_12
https://images.proteinatlas.org/54396/2161_D7_48
https://images.proteinatlas.org/40112/2127_D9_84
https://images.proteinatlas.org/18253/2209_C4_6
https://images.proteinatlas.org/58165/1861_B12_8_cr5aea0e1bc7dc6
https://images.proteinatlas.org/22851/1933_B2_5_cr5d10ca9c2cbea
https://images.proteinatlas.org/48345/1878_F7_43_cr5b80366369730
https://images.proteinatlas.org/22851/1933_B2_30_cr5d10ca9c2d1e9
https://images.proteinatlas.org/44604/1731_F2_8_cr57ee2e2b62670
https://images.proteinatlas.org/44604/2183_C10_70
https://images.proteinatlas.org/44604/2183_C10_85
https://images.proteinatlas.org/58165/1774_B9_3_cr594a7b4e4a62a
https://images.proteinatlas.org/58165/1774_B9_23_cr594a7b5a01427
https://images.proteinatlas.org/44604/2178_H8_12
https://images.proteinatlas.org/58165/1861_B12_14_cr5aea0e1bc7dc6
https://images.proteinatlas.org/44604/2201_G8_63
https://images.proteinatlas.org/58165/2171_E8_84
https://images.proteinatlas.org/40337/2199_C2_36
https://images.proteinatlas.org/44604/1731_F2_3_cr57ee2e235a87f
https://images.proteinatlas.org/44279/2216_D2_16
https://images.proteinatlas.org/78257/1704_B7_21_cr57d84c816c338
https://images.proteinatlas.org/78257/1694_A11_13_cr57ceaee227b3d
https://images.proteinatlas.org/78257/1694_A11_19_cr57ceaee8a40a5
https://images.proteinatlas.org/45697/1715_H5_3_cr57fd30536afd1
https://images.proteinatlas.org/44604/2178_H8_25
https://images.proteinatlas.org/44604/2201_G8_37
https://images.proteinatlas.org/40337/2199_C2_6
https://images.proteinatlas.org/45697/1715_H5_7_cr57fd305ca4e80
https://images.proteinatlas.org/44279/2216_D2_6
https://images.proteinatlas.org/31046/2178_A8_84
https://images.proteinatlas.org/78257/1704_B7_7_cr57d84c79c1689
https://images.proteinatlas.org/65045/1955_G3_6_cr5dd25515dea62
https://images.proteinatlas.org/78265/1695_C2_18_cr57d81b5572faf
https://images.proteinatlas.org/78265/1695_C2_28_cr57d81b5bc9127
https://images.proteinatlas.org/78265/2211_C12_11
https://images.proteinatlas.org/78265/2211_C12_26
https://images.proteinatlas.org/8855/1789_B9_13_cr596f381e20667
https://images.proteinatlas.org/8855/1789_B9_29_cr596f381e21eb9
https://images.proteinatlas.org/62415/2210_D7_84
https://images.proteinatlas.org/31046/2178_A8_48
https://images.proteinatlas.org/62415/2160_C7_48
https://images.proteinatlas.org/49921/2218_F2_11
https://images.proteinatlas.org/65045/1955_G3_16_cr5dd25515df26a
https://images.proteinatlas.org/62415/2135_C7_63
https://images.proteinatlas.org/31649/1898_C6_1_cr5ba8a6f6e1498
https://images.proteinatlas.org/31649/1898_C6_19_cr5ba8a6f6e250d
https://images.proteinatlas.org/35321/1636_G3_8_cr57bed9a777048
https://images.proteinatlas.org/35321/1636_G3_12_cr57bed9adc77e4
https://images.proteinatlas.org/62415/2210_D7_98
https://images.proteinatlas.org/62415/2160_C7_24
https://images.proteinatlas.org/50120/1891_B12_17_cr5bbddc61c6806
https://images.proteinatlas.org/62415/2135_C7_22
https://images.proteinatlas.org/44050/1722_F3_27_cr580090e24378a
https://images.proteinatlas.org/30944/2186_H9_25
https://images.proteinatlas.org/51472/2205_C3_31
https://images.proteinatlas.org/30944/2186_H9_60
https://images.proteinatlas.org/28545/1768_C11_28_cr59638baa7b0aa
https://images.proteinatlas.org/28545/2199_F6_41
https://images.proteinatlas.org/28545/2232_F4_38
https://images.proteinatlas.org/28545/2232_F4_52
https://images.proteinatlas.org/44050/1722_F3_18_cr580090ce5b849
https://images.proteinatlas.org/50120/1891_B12_21_cr5bbddc61c7b38
https://images.proteinatlas.org/28545/2206_F7_42
https://images.proteinatlas.org/7346/1955_E9_30_cr5df9e57be3236
https://images.proteinatlas.org/51472/2205_C3_21
https://images.proteinatlas.org/4810/2151_A1_11
https://images.proteinatlas.org/28545/1768_C11_8_cr59638baa7a8a0
https://images.proteinatlas.org/28545/2199_F6_36
https://images.proteinatlas.org/4810/2149_C9_42
https://images.proteinatlas.org/75072/2121_C6_36
https://images.proteinatlas.org/75072/2134_D9_42
https://images.proteinatlas.org/75072/2134_D9_84
https://images.proteinatlas.org/60395/1878_E8_51_cr5b803325b0daf
https://images.proteinatlas.org/28545/2206_F7_63
https://images.proteinatlas.org/7346/1955_E9_23_cr5dd3f3acdc56e
https://images.proteinatlas.org/60395/1878_E8_57_cr5b803325b14e2
https://images.proteinatlas.org/4810/2151_A1_17
https://images.proteinatlas.org/64735/1983_H8_9_cr5e58ec79d5d31
https://images.proteinatlas.org/4810/2149_C9_84
https://images.proteinatlas.org/19611/2237_C7_8
https://images.proteinatlas.org/75072/2121_C6_24
https://images.proteinatlas.org/35200/2217_G8_21
https://images.proteinatlas.org/45400/2216_F4_21
https://images.proteinatlas.org/45400/2216_F4_31
https://images.proteinatlas.org/41213/2204_G6_11
https://images.proteinatlas.org/60395/2215_B5_26
https://images.proteinatlas.org/60395/2215_B5_36
https://images.proteinatlas.org/27935/2167_E8_70
https://images.proteinatlas.org/64735/1983_H8_14_cr5e58ec79d606c
https://images.proteinatlas.org/27935/2128_D9_22
https://images.proteinatlas.org/24205/2201_E12_22
https://images.proteinatlas.org/19611/2237_C7_57
https://images.proteinatlas.org/35200/2217_G8_41
https://images.proteinatlas.org/24205/2201_E12_105
https://images.proteinatlas.org/27470/2178_B1_12
https://images.proteinatlas.org/27470/2178_B1_24
https://images.proteinatlas.org/27470/2206_G1_147
https://images.proteinatlas.org/27470/2206_G1_168
https://images.proteinatlas.org/27935/2120_A4_36
https://images.proteinatlas.org/27935/2120_A4_48
https://images.proteinatlas.org/42563/1636_F1_2_cr57bed5632775b
https://images.proteinatlas.org/27935/2128_D9_65
https://images.proteinatlas.org/42563/2168_G8_70
https://images.proteinatlas.org/27470/2210_A2_15
https://images.proteinatlas.org/42563/2121_H10_48
https://images.proteinatlas.org/27470/2210_A2_98
https://images.proteinatlas.org/42563/2131_C4_63
https://images.proteinatlas.org/47388/1700_G10_22_cr57eb9e48c405d
https://images.proteinatlas.org/8398/1721_C2_2_cr57ea991a7fd43
https://images.proteinatlas.org/8398/1721_C2_22_cr57ea99234421a
https://images.proteinatlas.org/42563/1636_F1_30_cr57bed5699f3b5
https://images.proteinatlas.org/42563/2168_G8_14
https://images.proteinatlas.org/49791/1813_C2_1_cr59f1a8a38fedc
https://images.proteinatlas.org/42563/2121_H10_36
https://images.proteinatlas.org/49791/2183_D6_70
https://images.proteinatlas.org/42563/2131_C4_42
https://images.proteinatlas.org/49791/2191_G8_60
https://images.proteinatlas.org/47388/1700_G10_9_cr57eb9e40d9da8
https://images.proteinatlas.org/49791/2202_E5_41
https://images.proteinatlas.org/45736/1712_H11_18_cr5804ae2881a23
https://images.proteinatlas.org/45736/1695_A4_18_cr57d85247e5637
https://images.proteinatlas.org/45736/1695_A4_23_cr57d8524f90887
https://images.proteinatlas.org/49791/1813_C2_27_cr59f1a8a39018e
https://images.proteinatlas.org/49791/2183_D6_42
https://images.proteinatlas.org/1476/2151_A5_12
https://images.proteinatlas.org/49791/2191_G8_48
https://images.proteinatlas.org/1476/2134_C5_63
https://images.proteinatlas.org/50873/1983_E2_30_cr5e58dfd7b070e
https://images.proteinatlas.org/49791/2202_E5_36
https://images.proteinatlas.org/45736/1712_H11_4_cr5804ae1d70dcb
https://images.proteinatlas.org/45500/si11_A4_1
https://images.proteinatlas.org/45500/si11_A5_3
https://images.proteinatlas.org/45500/si11_A6_1
https://images.proteinatlas.org/45500/si11_A6_3
https://images.proteinatlas.org/1476/2134_C5_42
https://images.proteinatlas.org/1476/2151_A5_48
https://images.proteinatlas.org/47466/2195_B7_1
https://images.proteinatlas.org/50873/1983_E2_12_cr5e58dfd7ae7e3
https://images.proteinatlas.org/54853/si17_G7_4
https://images.proteinatlas.org/45500/si11_A4_3
https://images.proteinatlas.org/54853/si17_G8_3
https://images.proteinatlas.org/45500/si11_A5_2
https://images.proteinatlas.org/54853/si17_G9_4
https://images.proteinatlas.org/39600/1878_H2_60_cr5b7d6ec9d8da9
https://images.proteinatlas.org/56304/2212_G5_21
https://images.proteinatlas.org/56304/2212_G5_41
https://images.proteinatlas.org/47466/2195_B7_16
https://images.proteinatlas.org/54853/si17_G7_2
https://images.proteinatlas.org/48539/1692_A6_3_cr57d2a665ca86d
https://images.proteinatlas.org/539/1723_E2_26_cr57ea995e3b8db
https://images.proteinatlas.org/54853/si17_G8_2
https://images.proteinatlas.org/8926/si35_E1_1
https://images.proteinatlas.org/54853/si17_G9_3
https://images.proteinatlas.org/8926/si35_E1_9
https://images.proteinatlas.org/39600/1878_H2_31_cr5b7d6ec9d899e
https://images.proteinatlas.org/8926/si35_E3_1
https://images.proteinatlas.org/8926/si35_E3_9
https://images.proteinatlas.org/8926/si35_E3_12
https://images.proteinatlas.org/74542/2176_D4_28
https://images.proteinatlas.org/48539/1692_A6_13_cr57d2a66ddca27
https://images.proteinatlas.org/539/1723_E2_22_cr57ea9956b129c
https://images.proteinatlas.org/74542/2176_D4_112
https://images.proteinatlas.org/8926/si35_E1_3
https://images.proteinatlas.org/74542/2148_C11_21
https://images.proteinatlas.org/8926/si35_E1_17
https://images.proteinatlas.org/18100/2150_E3_24
https://images.proteinatlas.org/8926/si35_E3_3
https://images.proteinatlas.org/18100/2148_B10_21
https://images.proteinatlas.org/16807/1891_K6_2_cr5bbcad43d7467
https://images.proteinatlas.org/16807/1891_K6_17_cr5bbcad43d7a68
https://images.proteinatlas.org/66941/2160_D4_24
https://images.proteinatlas.org/74542/2165_F4_12
https://images.proteinatlas.org/74542/2165_F4_24
https://images.proteinatlas.org/66941/2160_D4_48
https://images.proteinatlas.org/74542/2148_C11_42
https://images.proteinatlas.org/49120/2217_E11_1
https://images.proteinatlas.org/18100/2150_E3_48
https://images.proteinatlas.org/21624/2216_B4_6
https://images.proteinatlas.org/18100/2148_B10_63
https://images.proteinatlas.org/60951/1825_G4_35_cr5ac33c563e019
https://images.proteinatlas.org/37943/2167_B12_28
https://images.proteinatlas.org/37943/2167_B12_42
https://images.proteinatlas.org/37943/2121_B9_12
https://images.proteinatlas.org/66941/2149_E8_21
https://images.proteinatlas.org/66941/2149_E8_42
https://images.proteinatlas.org/37943/2121_B9_48
https://images.proteinatlas.org/46204/2212_D9_6
https://images.proteinatlas.org/49120/2217_E11_41
https://images.proteinatlas.org/46204/2212_D9_16
https://images.proteinatlas.org/21624/2216_B4_41
https://images.proteinatlas.org/60951/1825_G4_48_cr5ac33c563ef14
https://images.proteinatlas.org/3522/1667_F2_14_cr57e91269d1286
https://images.proteinatlas.org/39015/2186_D6_12
https://images.proteinatlas.org/39015/2186_D6_36
https://images.proteinatlas.org/39015/2204_H8_6
https://images.proteinatlas.org/39015/2204_H8_11
https://images.proteinatlas.org/37943/2129_G7_21
https://images.proteinatlas.org/37943/2129_G7_63
https://images.proteinatlas.org/77654/1825_E6_32_cr5ac349555a6d7
https://images.proteinatlas.org/3522/1667_F2_8_cr57ed226a5a6bc
https://images.proteinatlas.org/55376/2210_H9_70
https://images.proteinatlas.org/39015/2185_E7_42
https://images.proteinatlas.org/55376/2149_D11_84
https://images.proteinatlas.org/39015/2185_E7_70
https://images.proteinatlas.org/42197/2176_H1_70
https://images.proteinatlas.org/42197/2165_D2_24
https://images.proteinatlas.org/42197/2129_E3_63
https://images.proteinatlas.org/42197/2129_E3_84
https://images.proteinatlas.org/77654/1825_E6_47_cr5ac349555a69b
https://images.proteinatlas.org/55376/2210_H9_30
https://images.proteinatlas.org/44993/1683_H3_1_cr580521dfa066b
https://images.proteinatlas.org/55376/2149_D11_43
https://images.proteinatlas.org/61330/1788_G8_19_cr5971fdad0560c
https://images.proteinatlas.org/42197/2176_H1_56
https://images.proteinatlas.org/61330/1694_D9_18_cr580a445003630
https://images.proteinatlas.org/42197/2165_D2_12
https://images.proteinatlas.org/61330/2175_F12_56
https://images.proteinatlas.org/61330/2160_H7_24
https://images.proteinatlas.org/61330/2146_D4_22
https://images.proteinatlas.org/44993/1683_H3_13_cr580521e9155eb
https://images.proteinatlas.org/61330/1788_G8_10_cr5971fdad05db8
https://images.proteinatlas.org/61330/2146_D4_84
https://images.proteinatlas.org/61330/1694_D9_13_cr580a44762f8ff
https://images.proteinatlas.org/79466/1972_G10_14_cr5e15af5a4123c
https://images.proteinatlas.org/61330/2175_F12_42
https://images.proteinatlas.org/47814/2169_A9_15
https://images.proteinatlas.org/61330/2160_H7_12
https://images.proteinatlas.org/47814/2166_F8_24
https://images.proteinatlas.org/47814/2201_E9_22
https://images.proteinatlas.org/47814/2201_E9_84
https://images.proteinatlas.org/23277/2210_B2_56
https://images.proteinatlas.org/23277/2210_B2_70
https://images.proteinatlas.org/61330/2238_C5_8
https://images.proteinatlas.org/61330/2238_C5_29
https://images.proteinatlas.org/23277/2191_D2_12
https://images.proteinatlas.org/79466/1972_G10_19_cr5e2e9f063da32
https://images.proteinatlas.org/23277/2234_H1_84
https://images.proteinatlas.org/47814/2169_A9_56
https://images.proteinatlas.org/24354/2229_G5_36
https://images.proteinatlas.org/47814/2166_F8_61
https://images.proteinatlas.org/39057/2165_G6_48
https://images.proteinatlas.org/39057/2149_G2_63
https://images.proteinatlas.org/48387/1717_B11_13_cr58060a212c81f
https://images.proteinatlas.org/48387/1717_B11_23_cr57f4f4eee3069
https://images.proteinatlas.org/23277/2191_D2_24
https://images.proteinatlas.org/23277/2234_H1_63
https://images.proteinatlas.org/54923/2205_B7_21
https://images.proteinatlas.org/24354/2229_G5_11
https://images.proteinatlas.org/41314/2177_E6_42
https://images.proteinatlas.org/39057/2165_G6_37
https://images.proteinatlas.org/41314/2152_A6_36
https://images.proteinatlas.org/39057/2149_G2_21
https://images.proteinatlas.org/41314/2149_E3_63
https://images.proteinatlas.org/46351/1977_G8_35_cr5e56872cd7180
https://images.proteinatlas.org/46351/1977_G8_52_cr5e56872cd7c94
https://images.proteinatlas.org/75476/1938_E4_1_cr5d248b943a125
https://images.proteinatlas.org/54923/2205_B7_31
https://images.proteinatlas.org/42674/1874_A7_56_cr5b7174281dd55
https://images.proteinatlas.org/75476/1938_E4_29_cr5d248b943a769
https://images.proteinatlas.org/41314/2177_E6_126
https://images.proteinatlas.org/50290/1642_D7_3_cr57bc626c1287f
https://images.proteinatlas.org/41314/2152_A6_48
https://images.proteinatlas.org/27103/2238_B4_29
https://images.proteinatlas.org/41314/2149_E3_84
https://images.proteinatlas.org/77177/1921_G5_12_cr5cb465faf4218
https://images.proteinatlas.org/77177/1977_A8_47_cr5e568a4947bba
https://images.proteinatlas.org/77177/1977_A8_56_cr5e568a494742a
https://images.proteinatlas.org/76257/1740_F6_3_cr58063529ba45f
https://images.proteinatlas.org/50290/1645_D8_7_cr57c04192b27f1
https://images.proteinatlas.org/76257/1740_F6_13_cr58063533e8eb9
https://images.proteinatlas.org/50290/1645_D8_16_cr57c0419a23e0e
https://images.proteinatlas.org/23307/2218_B11_36
https://images.proteinatlas.org/50290/1642_D7_13_cr57bc6272432bf
https://images.proteinatlas.org/76065/1709_E2_22_cr5804823eda3b1
https://images.proteinatlas.org/27103/2238_B4_36
https://images.proteinatlas.org/77177/1921_G5_16_cr5cb465fb0055a
https://images.proteinatlas.org/68923/2123_E9_6
https://images.proteinatlas.org/37938/2179_E12_24
https://images.proteinatlas.org/37938/2179_E12_48
https://images.proteinatlas.org/37938/2209_E6_6
https://images.proteinatlas.org/37938/2209_E6_21
https://images.proteinatlas.org/23307/2218_B11_26
https://images.proteinatlas.org/76065/1709_E2_18_cr5804823290d53
https://images.proteinatlas.org/42570/2195_B11_6
https://images.proteinatlas.org/68923/2123_E9_30
https://images.proteinatlas.org/47157/2166_A4_48
https://images.proteinatlas.org/68923/2127_C7_22
https://images.proteinatlas.org/47157/2206_G7_63
https://images.proteinatlas.org/68923/2127_C7_42
https://images.proteinatlas.org/47157/2195_C10_26
https://images.proteinatlas.org/50116/1984_D4_20_cr615af7af18943
https://images.proteinatlas.org/59043/1719_F4_3_cr5804ad760328d
https://images.proteinatlas.org/59043/1719_F4_18_cr5804ad8040fb7
https://images.proteinatlas.org/42570/2195_B11_16
https://images.proteinatlas.org/47157/2166_A4_12
https://images.proteinatlas.org/42123/2204_C7_41
https://images.proteinatlas.org/47157/2206_G7_42
https://images.proteinatlas.org/60951/1825_G4_35_cr5ac33c563e019
https://images.proteinatlas.org/47157/2195_C10_6
https://images.proteinatlas.org/3568/1898_C3_4_cr5ba376b25f1a4
https://images.proteinatlas.org/50116/1984_D4_9_cr5e5cf3d026ca3
https://images.proteinatlas.org/31814/1876_H10_6_cr5b6d6aab4630d
https://images.proteinatlas.org/31814/1864_B9_26_cr5afd98999916d
https://images.proteinatlas.org/36139/2175_G9_68
https://images.proteinatlas.org/36139/2153_C7_36
https://images.proteinatlas.org/40487/2239_D6_8
https://images.proteinatlas.org/36139/2153_C7_48
https://images.proteinatlas.org/40487/2239_D6_36
https://images.proteinatlas.org/36139/2145_D9_84
https://images.proteinatlas.org/60951/1825_G4_48_cr5ac33c563ef14
https://images.proteinatlas.org/36139/2238_F6_36
https://images.proteinatlas.org/3568/1898_C3_20_cr5ba376b25f847
https://images.proteinatlas.org/31814/1876_H10_29_cr5b6d6aab46d5c
https://images.proteinatlas.org/65408/2244_H2_60
https://images.proteinatlas.org/59225/2244_E12_12
https://images.proteinatlas.org/59225/2244_E12_36
https://images.proteinatlas.org/23677/2167_G6_14
https://images.proteinatlas.org/23677/2167_G6_56
https://images.proteinatlas.org/36139/2145_D9_21
https://images.proteinatlas.org/36139/2238_F6_8
https://images.proteinatlas.org/23677/2120_D10_12
https://images.proteinatlas.org/65408/2244_H2_48
https://images.proteinatlas.org/23677/2132_B10_42
https://images.proteinatlas.org/59225/1801_E9_18_cr59ca0e325043e
https://images.proteinatlas.org/14293/2167_A9_56
https://images.proteinatlas.org/59225/1801_E9_29_cr59ca0e3254526
https://images.proteinatlas.org/14293/2124_D2_48
https://images.proteinatlas.org/14293/2128_C11_44
https://images.proteinatlas.org/45904/2161_D1_8
https://images.proteinatlas.org/45904/2161_D1_48
https://images.proteinatlas.org/23677/2120_D10_36
https://images.proteinatlas.org/23677/2132_B10_21
https://images.proteinatlas.org/45904/2145_G10_42
https://images.proteinatlas.org/14293/2167_A9_42
https://images.proteinatlas.org/45904/2237_G2_43
https://images.proteinatlas.org/14293/2124_D2_12
https://images.proteinatlas.org/44258/si17_F11_4
https://images.proteinatlas.org/14293/2128_C11_1
https://images.proteinatlas.org/44258/si17_F12_2
https://images.proteinatlas.org/44258/si17_F12_7
https://images.proteinatlas.org/59171/2212_B9_21
https://images.proteinatlas.org/59171/2212_B9_26
https://images.proteinatlas.org/45904/2145_G10_84
https://images.proteinatlas.org/45904/2237_G2_15
https://images.proteinatlas.org/78265/1695_C2_18_cr57d81b5572faf
https://images.proteinatlas.org/78265/2211_C12_26
https://images.proteinatlas.org/44258/si17_F11_2
https://images.proteinatlas.org/44258/si17_F11_6
https://images.proteinatlas.org/77891/1890_C12_3_cr5ba4b8112bc63
https://images.proteinatlas.org/44258/si17_F12_4
https://images.proteinatlas.org/40520/1775_F1_18_cr595298ed66c9c
https://images.proteinatlas.org/43327/1788_B3_18_cr597093b210048
https://images.proteinatlas.org/3546/2194_F1_11
https://images.proteinatlas.org/39540/2016_H5_7_cr5f645bb9960eb
https://images.proteinatlas.org/78265/2211_C12_11
https://images.proteinatlas.org/78265/1695_C2_28_cr57d81b5bc9127
https://images.proteinatlas.org/39540/2016_H5_19_cr62387eb10d384
https://images.proteinatlas.org/62966/1801_C9_14_cr59ca0f361a719
https://images.proteinatlas.org/77891/1890_C12_23_cr5ba4b8112bb34
https://images.proteinatlas.org/40520/1775_F1_13_cr595298ed65fb8
https://images.proteinatlas.org/62966/1801_C9_19_cr59ca0f361aede
https://images.proteinatlas.org/43327/1788_B3_3_cr597093b20f92f
https://images.proteinatlas.org/50044/2029_E10_5_cr6282046a4caec
https://images.proteinatlas.org/46289/2211_H9_11
https://images.proteinatlas.org/46289/2211_H9_21
https://images.proteinatlas.org/78079/2177_F11_14
https://images.proteinatlas.org/78079/2177_F11_56
https://images.proteinatlas.org/62966/1775_B4_9_cr595295c11cfc8
https://images.proteinatlas.org/62966/1775_B4_4_cr595295c11caba
https://images.proteinatlas.org/78079/2165_F11_12
https://images.proteinatlas.org/59094/1916_F7_2_cr5c9a12ac86805
https://images.proteinatlas.org/78079/2149_F12_84
https://images.proteinatlas.org/59094/1916_F7_23_cr5c9a12ac86cb4
https://images.proteinatlas.org/29273/si24_B7_3
https://images.proteinatlas.org/29273/si24_B7_11
https://images.proteinatlas.org/29273/si24_B8_3
https://images.proteinatlas.org/50044/2029_E10_15_cr6282046a4cb0b
https://images.proteinatlas.org/29273/si24_B8_4
https://images.proteinatlas.org/29273/si24_B8_20
https://images.proteinatlas.org/78079/2165_F11_48
https://images.proteinatlas.org/78079/2149_F12_21
https://images.proteinatlas.org/29273/si24_B9_1
https://images.proteinatlas.org/29273/si24_B7_1
https://images.proteinatlas.org/29273/si24_B9_13
https://images.proteinatlas.org/29273/si24_B7_6
https://images.proteinatlas.org/527/1912_D8_16_cr5c86320046a32
https://images.proteinatlas.org/527/2148_D11_63
https://images.proteinatlas.org/58578/1750_E4_3_cr57fb7888e46db
https://images.proteinatlas.org/29273/si24_B8_11
https://images.proteinatlas.org/58578/1750_E4_13_cr57fb7891f016b
https://images.proteinatlas.org/58578/1692_E3_28_cr57d15cf689b12
https://images.proteinatlas.org/29273/si24_B9_5
https://images.proteinatlas.org/29273/si24_B9_4
https://images.proteinatlas.org/24306/1942_C1_2_cr61b75bc6673ed
https://images.proteinatlas.org/47182/2239_E10_57
https://images.proteinatlas.org/527/2148_D11_42
https://images.proteinatlas.org/78079/2177_F11_14
https://images.proteinatlas.org/527/1912_D8_2_cr5c86320046265
https://images.proteinatlas.org/78079/2165_F11_12
https://images.proteinatlas.org/78079/2149_F12_21
https://images.proteinatlas.org/58578/1692_E3_8_cr57d15ce6ccc94
https://images.proteinatlas.org/78079/2149_F12_84
https://images.proteinatlas.org/19536/2168_E11_56
https://images.proteinatlas.org/47182/2239_E10_43
https://images.proteinatlas.org/24306/1942_C1_28_cr5d2746d0c8cf9
https://images.proteinatlas.org/19536/2150_D1_12
https://images.proteinatlas.org/19536/2145_C6_42
https://images.proteinatlas.org/78079/2177_F11_56
https://images.proteinatlas.org/47549/fp6_E5_1
https://images.proteinatlas.org/78079/2165_F11_48
https://images.proteinatlas.org/47549/fp6_B5_2
https://images.proteinatlas.org/47549/si10_G4_2
https://images.proteinatlas.org/47549/si10_G4_3
https://images.proteinatlas.org/19536/2168_E11_14
https://images.proteinatlas.org/47549/si10_G4_6
https://images.proteinatlas.org/19536/2150_D1_24
https://images.proteinatlas.org/19536/2145_C6_21
https://images.proteinatlas.org/47549/si10_G5_4
https://images.proteinatlas.org/47549/si10_G6_2
https://images.proteinatlas.org/47549/si10_G6_5
https://images.proteinatlas.org/47549/fp6_E5_2
https://images.proteinatlas.org/51930/1752_F4_8_cr5804e0a7b1430
https://images.proteinatlas.org/47549/fp6_B5_3
https://images.proteinatlas.org/36033/2167_G5_56
https://images.proteinatlas.org/36033/2123_E7_36
https://images.proteinatlas.org/47549/si10_G5_3
https://images.proteinatlas.org/36033/2123_E7_48
https://images.proteinatlas.org/36033/2131_E5_66
https://images.proteinatlas.org/47549/si10_G5_8
https://images.proteinatlas.org/47549/si10_G6_1
https://images.proteinatlas.org/70008/1891_A13_2_cr5bbde2d7cae22
https://images.proteinatlas.org/56072/1774_D4_18_cr5950fc64370db
https://images.proteinatlas.org/51930/1752_F4_18_cr5804e0b1558cf
https://images.proteinatlas.org/56072/2175_D6_14
https://images.proteinatlas.org/36033/2167_G5_70
https://images.proteinatlas.org/56072/2232_A3_36
https://images.proteinatlas.org/56072/2206_C4_21
https://images.proteinatlas.org/36033/2131_E5_22
https://images.proteinatlas.org/56072/2206_C4_42
https://images.proteinatlas.org/38274/1985_E8_11_cr5e579da71234f
https://images.proteinatlas.org/70008/1891_A13_27_cr5bbde2d7cb3ae
https://images.proteinatlas.org/56072/1774_D4_8_cr5950fc64369e8
https://images.proteinatlas.org/51259/1942_H3_6_cr5d2c86d616053
https://images.proteinatlas.org/47814/2169_A9_56
https://images.proteinatlas.org/56072/2175_D6_42
https://images.proteinatlas.org/47814/2166_F8_24
https://images.proteinatlas.org/47814/2201_E9_22
https://images.proteinatlas.org/56072/2232_A3_60
https://images.proteinatlas.org/47814/2201_E9_84
https://images.proteinatlas.org/77678/1712_A8_22_cr580505259a40d
https://images.proteinatlas.org/38274/1985_E8_4_cr5e579da711c37
https://images.proteinatlas.org/77678/1706_H8_3_cr57e27c5c2e735
https://images.proteinatlas.org/20515/1921_F12_5_cr5cac575fe24da
https://images.proteinatlas.org/47814/2169_A9_15
https://images.proteinatlas.org/51259/1942_H3_28_cr6149a00a7974b
https://images.proteinatlas.org/20515/1921_F12_17_cr5cac575fe31bc
https://images.proteinatlas.org/29740/2244_F3_36
https://images.proteinatlas.org/47814/2166_F8_61
https://images.proteinatlas.org/29740/2244_F3_48
https://images.proteinatlas.org/77678/1712_A8_18_cr5805051cc40fa
https://images.proteinatlas.org/44037/2241_D10_28
https://images.proteinatlas.org/44037/2165_E5_48
https://images.proteinatlas.org/77678/1706_H8_8_cr57e27c63be67d
https://images.proteinatlas.org/44037/2134_G8_21
https://images.proteinatlas.org/51714/2177_H10_42
https://images.proteinatlas.org/20515/1890_A2_8_cr5b8e496f650f5
https://images.proteinatlas.org/20515/1890_A2_18_cr5b8e496f655a2
https://images.proteinatlas.org/51714/2177_H10_56
https://images.proteinatlas.org/51714/2147_E7_42
https://images.proteinatlas.org/44037/2241_D10_14
https://images.proteinatlas.org/51714/2147_E7_63
https://images.proteinatlas.org/3516/1871_E6_16_cr5b71a2f8348f1
https://images.proteinatlas.org/44037/2165_E5_12
https://images.proteinatlas.org/43460/1741_H6_8_cr5806023b5bee8
https://images.proteinatlas.org/44037/2134_G8_84
https://images.proteinatlas.org/4636/2185_C5_28
https://images.proteinatlas.org/4636/2151_H6_48
https://images.proteinatlas.org/51714/2161_C12_24
https://images.proteinatlas.org/51714/2161_C12_29
https://images.proteinatlas.org/4636/2149_A11_63
https://images.proteinatlas.org/34490/1891_H10_12_cr5bbdc4ea7f5ea
https://images.proteinatlas.org/3516/1871_E6_14_cr5b71a2f833c56
https://images.proteinatlas.org/57307/2205_A5_11
https://images.proteinatlas.org/43794/2237_E2_8
https://images.proteinatlas.org/43460/1741_H6_18_cr5806024481f0a
https://images.proteinatlas.org/43794/2237_E2_36
https://images.proteinatlas.org/78079/2177_F11_56
https://images.proteinatlas.org/4636/2151_H6_36
https://images.proteinatlas.org/78079/2165_F11_12
https://images.proteinatlas.org/4636/2149_A11_84
https://images.proteinatlas.org/78079/2149_F12_21
https://images.proteinatlas.org/34490/1891_H10_1_cr5bbdc4ea7ee97
https://images.proteinatlas.org/4139/1744_H3_22_cr57ff7e3e10e90
https://images.proteinatlas.org/73151/1923_G4_4_cr5cd3dc347236f
https://images.proteinatlas.org/57307/2205_A5_21
https://images.proteinatlas.org/73151/1923_G4_27_cr5cd3dc347265f
https://images.proteinatlas.org/9977/2210_D1_57
https://images.proteinatlas.org/78079/2177_F11_14
https://images.proteinatlas.org/9977/2178_A1_12
https://images.proteinatlas.org/78079/2165_F11_48
https://images.proteinatlas.org/27521/fp22_B5_3
https://images.proteinatlas.org/18135/2167_H5_28
https://images.proteinatlas.org/78079/2149_F12_84
https://images.proteinatlas.org/4139/1744_H3_27_cr57ff7e47bb383
https://images.proteinatlas.org/18135/2167_H5_42
https://images.proteinatlas.org/18135/2131_B6_22
https://images.proteinatlas.org/9977/2210_D1_28
https://images.proteinatlas.org/18135/2131_B6_84
https://images.proteinatlas.org/3742/2120_F1_48
https://images.proteinatlas.org/9977/2178_A1_36
https://images.proteinatlas.org/3742/2129_C9_35
https://images.proteinatlas.org/27521/fp22_B5_4
https://images.proteinatlas.org/3742/2199_B7_6
https://images.proteinatlas.org/8043/2008_C10_19_cr5f1ab5d255be5
https://images.proteinatlas.org/18135/2120_A8_25
https://images.proteinatlas.org/18135/2120_A8_48
https://images.proteinatlas.org/44156/2211_H7_26
https://images.proteinatlas.org/45187/2200_A7_21
https://images.proteinatlas.org/3742/2120_F1_25
https://images.proteinatlas.org/42570/2195_B11_6
https://images.proteinatlas.org/2632/si29_E4_1
https://images.proteinatlas.org/3742/2129_C9_77
https://images.proteinatlas.org/2632/si29_E4_2
https://images.proteinatlas.org/8043/2008_C10_15_cr5f1ab5d253f10
https://images.proteinatlas.org/2632/si29_E4_8
https://images.proteinatlas.org/2632/si29_E6_2
https://images.proteinatlas.org/45187/2200_A7_11
https://images.proteinatlas.org/44156/2211_H7_41
https://images.proteinatlas.org/2632/si29_E6_5
https://images.proteinatlas.org/53182/2183_A7_98
https://images.proteinatlas.org/53182/2232_G5_42
https://images.proteinatlas.org/42570/2195_B11_16
https://images.proteinatlas.org/53182/2232_G5_56
https://images.proteinatlas.org/53182/2234_F6_84
https://images.proteinatlas.org/2632/si29_E4_5
https://images.proteinatlas.org/42570/2195_B11_6
https://images.proteinatlas.org/2632/si29_E6_1
https://images.proteinatlas.org/43716/1787_D3_10_cr5968bf5063860
https://images.proteinatlas.org/46688/si3_A4_1
https://images.proteinatlas.org/2632/si29_E6_8
https://images.proteinatlas.org/53182/2183_A7_84
https://images.proteinatlas.org/46688/si3_A4_4
https://images.proteinatlas.org/46688/si3_A5_1
https://images.proteinatlas.org/53182/2234_F6_21
https://images.proteinatlas.org/46688/si3_A5_2
https://images.proteinatlas.org/46688/si3_A5_7
https://images.proteinatlas.org/42570/2195_B11_16
https://images.proteinatlas.org/46688/si3_A6_1
https://images.proteinatlas.org/43716/1787_D3_17_cr5968bf5063ea1
https://images.proteinatlas.org/46688/si3_A6_6
https://images.proteinatlas.org/55244/1869_G11_25_cr5b741889739e5
https://images.proteinatlas.org/46688/si3_A4_5
https://images.proteinatlas.org/46688/si3_A4_6
https://images.proteinatlas.org/55244/1869_G11_27_cr5b74188972a77
https://images.proteinatlas.org/63059/2205_E2_26
https://images.proteinatlas.org/46688/si3_A5_5
https://images.proteinatlas.org/63059/2205_E2_31
https://images.proteinatlas.org/1356/2168_C12_42
https://images.proteinatlas.org/46688/si3_A6_3
https://images.proteinatlas.org/1356/2151_C5_24
https://images.proteinatlas.org/46688/si3_A6_8
https://images.proteinatlas.org/1356/2148_G6_42
https://images.proteinatlas.org/1356/2209_C3_11
https://images.proteinatlas.org/23437/2175_C11_28
https://images.proteinatlas.org/23437/2175_C11_42
https://images.proteinatlas.org/1356/2209_C3_31
https://images.proteinatlas.org/51714/2177_H10_42
https://images.proteinatlas.org/1356/2168_C12_14
https://images.proteinatlas.org/51714/2177_H10_56
https://images.proteinatlas.org/51714/2161_C12_29
https://images.proteinatlas.org/1356/2151_C5_36
https://images.proteinatlas.org/51714/2147_E7_42
https://images.proteinatlas.org/1356/2148_G6_126
https://images.proteinatlas.org/65393/1718_E7_3_cr57f63f33df375
https://images.proteinatlas.org/15491/1745_D5_16_cr5806224c222bf
https://images.proteinatlas.org/7639/2211_H11_26
https://images.proteinatlas.org/7639/2211_H11_36
https://images.proteinatlas.org/15491/1745_D5_23_cr58062255c0148
https://images.proteinatlas.org/36776/2168_A12_28
https://images.proteinatlas.org/51714/2161_C12_24
https://images.proteinatlas.org/36776/2168_A12_56
https://images.proteinatlas.org/36776/2211_A10_26
https://images.proteinatlas.org/39066/2168_H5_68
https://images.proteinatlas.org/51714/2147_E7_63
https://images.proteinatlas.org/39066/2153_A6_36
https://images.proteinatlas.org/65393/1718_E7_13_cr57f63f3d2508e
https://images.proteinatlas.org/39066/2145_C4_21
https://images.proteinatlas.org/15491/1736_D5_3_cr5805ffaa1c92f
https://images.proteinatlas.org/15491/1736_D5_18_cr5805ffb3aa90c
https://images.proteinatlas.org/39066/2199_H3_1
https://images.proteinatlas.org/10831/1853_E4_22_cr5afd73bdf0274
https://images.proteinatlas.org/38127/2237_F11_22
https://images.proteinatlas.org/36776/2211_A10_6
https://images.proteinatlas.org/38127/2237_F11_36
https://images.proteinatlas.org/29421/1916_E6_19_cr5c9a147de276c
https://images.proteinatlas.org/39066/2153_A6_48
https://images.proteinatlas.org/44492/si8_E1_2
https://images.proteinatlas.org/39066/2145_C4_63
https://images.proteinatlas.org/44492/si8_E1_5
https://images.proteinatlas.org/44492/si8_E3_3
https://images.proteinatlas.org/39066/2199_H3_26
https://images.proteinatlas.org/10831/1853_E4_6_cr5afd73bdef8e3
https://images.proteinatlas.org/44492/si8_E3_4
https://images.proteinatlas.org/58968/2240_B8_1
https://images.proteinatlas.org/29421/1916_E6_14_cr5c9a147de238f
https://images.proteinatlas.org/58968/2240_B8_22
https://images.proteinatlas.org/77224/1719_C7_18_cr5804b8c2a143e
https://images.proteinatlas.org/44492/si8_E1_3
https://images.proteinatlas.org/63674/2175_D11_28
https://images.proteinatlas.org/44492/si8_E1_8
https://images.proteinatlas.org/63674/2232_B5_12
https://images.proteinatlas.org/63674/2206_E8_15
https://images.proteinatlas.org/44492/si8_E3_7
https://images.proteinatlas.org/44492/si8_E3_8
https://images.proteinatlas.org/63674/2206_E8_84
https://images.proteinatlas.org/5924/fp15_C1_1
https://images.proteinatlas.org/5924/fp15_C1_2
https://images.proteinatlas.org/77224/1719_C7_8_cr5804b8b8d4d43
https://images.proteinatlas.org/77387/1866_A9_19_cr5b6ac765b4de7
https://images.proteinatlas.org/63674/2175_D11_56
https://images.proteinatlas.org/77387/1890_I7_30_cr5b9688e811c33
https://images.proteinatlas.org/47774/1874_H9_7_cr5b6d75c5ece89
https://images.proteinatlas.org/63674/2232_B5_72
https://images.proteinatlas.org/47774/1874_H9_21_cr5b6d75c5ed516
https://images.proteinatlas.org/5924/fp15_F1_1
https://images.proteinatlas.org/62669/1789_A6_22_cr598aec6f4b579
https://images.proteinatlas.org/5924/fp15_F1_2
https://images.proteinatlas.org/64442/1848_C11_29_cr5bb75d3c650df
https://images.proteinatlas.org/54626/2212_C4_41
https://images.proteinatlas.org/77387/1890_I7_23_cr5b9688e811c3a
https://images.proteinatlas.org/39247/2176_C10_84
https://images.proteinatlas.org/3403/2177_D2_84
https://images.proteinatlas.org/39247/2152_B9_24
https://images.proteinatlas.org/39247/2149_E6_64
https://images.proteinatlas.org/62669/1789_A6_12_cr598aec6f4b5f6
https://images.proteinatlas.org/39247/2149_E6_84
https://images.proteinatlas.org/64442/1848_C11_12_cr5abb8a20c9b63
https://images.proteinatlas.org/54626/2212_C4_11
https://images.proteinatlas.org/19589/si31_A10_2
https://images.proteinatlas.org/19589/si31_A12_1
https://images.proteinatlas.org/19589/si31_A12_2
https://images.proteinatlas.org/39247/2176_C10_112
https://images.proteinatlas.org/19589/si31_A12_9
https://images.proteinatlas.org/42515/2195_H10_6
https://images.proteinatlas.org/39247/2152_B9_36
https://images.proteinatlas.org/42515/2195_H10_31
https://images.proteinatlas.org/19589/si31_A10_1
https://images.proteinatlas.org/51330/2175_C7_29
https://images.proteinatlas.org/51330/2232_F9_24
https://images.proteinatlas.org/19589/si31_A10_6
https://images.proteinatlas.org/19589/si31_A10_11
https://images.proteinatlas.org/51330/2234_D11_21
https://images.proteinatlas.org/77474/1718_C11_19_cr57f3d4bfe3c85
https://images.proteinatlas.org/19589/si31_A12_15
https://images.proteinatlas.org/46085/1650_D8_33_cr57eb7946b9d63
https://images.proteinatlas.org/35949/2178_D8_25
https://images.proteinatlas.org/51330/2175_C7_14
https://images.proteinatlas.org/35949/2178_D8_36
https://images.proteinatlas.org/51330/2232_F9_12
https://images.proteinatlas.org/41210/2153_F10_24
https://images.proteinatlas.org/41210/2146_F2_63
https://images.proteinatlas.org/51330/2234_D11_84
https://images.proteinatlas.org/77474/1718_C11_14_cr57f3d4b709561
https://images.proteinatlas.org/76570/1847_E11_42_cr5abb3e5fe9d7d
https://images.proteinatlas.org/35453/2175_E11_42
https://images.proteinatlas.org/35453/2232_C5_48
https://images.proteinatlas.org/46085/1650_D8_37_cr57eb794e83be4
https://images.proteinatlas.org/35453/2232_C5_60
https://images.proteinatlas.org/41210/2153_F10_12
https://images.proteinatlas.org/35453/2206_F8_105
https://images.proteinatlas.org/41210/2146_F2_21
https://images.proteinatlas.org/76168/1720_D7_28_cr5a1fc4881d82b
https://images.proteinatlas.org/76168/2210_D11_84
https://images.proteinatlas.org/76570/1847_E11_48_cr5abb3e5feae3d
https://images.proteinatlas.org/35453/2175_E11_14
https://images.proteinatlas.org/76168/2165_C9_24
https://images.proteinatlas.org/76168/2211_G5_26
https://images.proteinatlas.org/1027/2179_E5_36
https://images.proteinatlas.org/35453/2206_F8_84
https://images.proteinatlas.org/1027/2179_E5_48
https://images.proteinatlas.org/76168/1720_D7_11_cr580525c65a7c8
https://images.proteinatlas.org/1027/2234_C4_42
https://images.proteinatlas.org/76168/2210_D11_70
https://images.proteinatlas.org/632/si29_B8_4
https://images.proteinatlas.org/632/si29_B8_19
https://images.proteinatlas.org/76168/2165_C9_48
https://images.proteinatlas.org/76168/2211_G5_21
https://images.proteinatlas.org/632/si29_B9_2
https://images.proteinatlas.org/632/si29_B9_20
https://images.proteinatlas.org/1027/2234_C4_21
https://images.proteinatlas.org/19366/2150_B4_36
https://images.proteinatlas.org/19366/2146_B6_21
https://images.proteinatlas.org/632/si29_B8_1
https://images.proteinatlas.org/19366/2146_B6_63
https://images.proteinatlas.org/632/si29_B8_7
https://images.proteinatlas.org/59590/2175_H10_70
https://images.proteinatlas.org/48198/2186_D3_72
https://images.proteinatlas.org/632/si29_B9_3
https://images.proteinatlas.org/632/si29_B9_19
https://images.proteinatlas.org/48198/2206_B8_22
https://images.proteinatlas.org/43918/2200_C11_31
https://images.proteinatlas.org/53559/2168_H4_70
https://images.proteinatlas.org/19366/2150_B4_48
https://images.proteinatlas.org/53559/2168_H4_84
https://images.proteinatlas.org/59590/2175_H10_56
https://images.proteinatlas.org/53559/2124_F2_36
https://images.proteinatlas.org/53559/2128_D10_65
https://images.proteinatlas.org/48198/2186_D3_60
https://images.proteinatlas.org/1255/2043_G10_7_cr6094ebb2ef82e
https://images.proteinatlas.org/48198/2206_B8_189
https://images.proteinatlas.org/43918/2200_C11_1
https://images.proteinatlas.org/63748/2171_H5_28
https://images.proteinatlas.org/66278/2218_G5_21
https://images.proteinatlas.org/19671/1899_D1_5_cr5ba0db0f311d8
https://images.proteinatlas.org/53559/2124_F2_12
https://images.proteinatlas.org/19671/1899_D1_29_cr5ba0db0f318ac
https://images.proteinatlas.org/53559/2128_D10_1
https://images.proteinatlas.org/67015/1754_G4_17_cr57f3dc712e351
https://images.proteinatlas.org/6623/si21_G2_4
https://images.proteinatlas.org/1255/2043_G10_19_cr6094ebb2f098c
https://images.proteinatlas.org/6623/si21_G2_7
https://images.proteinatlas.org/63748/2171_H5_56
https://images.proteinatlas.org/66278/2218_G5_16
https://images.proteinatlas.org/6623/si21_G3_3
https://images.proteinatlas.org/69619/1842_C1_46_cr5b3f331ae94d8
https://images.proteinatlas.org/57942/1977_F3_32_cr5e54f7c2a6c61
https://images.proteinatlas.org/67015/1754_G4_13_cr57f3dc689998e
https://images.proteinatlas.org/57942/1977_F3_49_cr5e54f7c2a8fef
https://images.proteinatlas.org/6623/si21_G2_3
https://images.proteinatlas.org/46838/1752_G8_18_cr5804e4de4d29f
https://images.proteinatlas.org/44690/2195_B3_41
https://images.proteinatlas.org/6623/si21_G3_1
https://images.proteinatlas.org/53928/2211_D2_11
https://images.proteinatlas.org/6623/si21_G3_6
https://images.proteinatlas.org/69619/1842_C1_42_cr5b3f331ae94ea
https://images.proteinatlas.org/8270/si18_G4_2
https://images.proteinatlas.org/8270/si18_G5_3
https://images.proteinatlas.org/8270/si18_G5_4
https://images.proteinatlas.org/46838/1752_G8_8_cr5804e4d4a9726
https://images.proteinatlas.org/8270/si18_G5_6
https://images.proteinatlas.org/8270/si18_G6_2
https://images.proteinatlas.org/44690/2195_B3_11
https://images.proteinatlas.org/8270/si18_G6_7
https://images.proteinatlas.org/23057/2186_E4_36
https://images.proteinatlas.org/53928/2211_D2_26
https://images.proteinatlas.org/23057/2206_D9_42
https://images.proteinatlas.org/8270/si18_G4_3
https://images.proteinatlas.org/8270/si18_G4_7
https://images.proteinatlas.org/59551/2215_D3_11
https://images.proteinatlas.org/3047/1636_H1_13_cr57bee217cadfc
https://images.proteinatlas.org/8270/si18_G6_1
https://images.proteinatlas.org/72651/2244_G8_23
https://images.proteinatlas.org/31206/2216_B10_16
https://images.proteinatlas.org/23057/2186_E4_12
https://images.proteinatlas.org/31206/2216_B10_36
https://images.proteinatlas.org/38413/2153_H8_50
https://images.proteinatlas.org/23057/2206_D9_63
https://images.proteinatlas.org/38413/2145_B8_21
https://images.proteinatlas.org/59551/2215_D3_21
https://images.proteinatlas.org/3047/1636_H1_9_cr58072d8c77f41
https://images.proteinatlas.org/38413/2209_E2_16
https://images.proteinatlas.org/42570/2195_B11_16
https://images.proteinatlas.org/42570/2195_B11_6
https://images.proteinatlas.org/72651/2244_G8_36
https://images.proteinatlas.org/42570/2195_B11_16
https://images.proteinatlas.org/38413/2153_H8_12
https://images.proteinatlas.org/44028/2183_C6_84
https://images.proteinatlas.org/44028/2179_B7_109
https://images.proteinatlas.org/38413/2145_B8_63
https://images.proteinatlas.org/44028/2206_A9_21
https://images.proteinatlas.org/38413/2209_E2_21
https://images.proteinatlas.org/42570/2195_B11_6
https://images.proteinatlas.org/44028/2183_C6_28
https://images.proteinatlas.org/44028/2183_C6_28
https://images.proteinatlas.org/44028/2179_B7_109
https://images.proteinatlas.org/44028/2179_B7_60
https://images.proteinatlas.org/44028/2206_A9_84
https://images.proteinatlas.org/48517/2212_C9_41
https://images.proteinatlas.org/44028/2206_A9_84
https://images.proteinatlas.org/35316/1848_C7_16_cr5ac325c41adbf
https://images.proteinatlas.org/44028/2183_C6_84
https://images.proteinatlas.org/44028/2179_B7_60
https://images.proteinatlas.org/29612/2176_F4_28
https://images.proteinatlas.org/29612/2232_H5_70
https://images.proteinatlas.org/44028/2206_A9_21
https://images.proteinatlas.org/29612/2206_C9_16
https://images.proteinatlas.org/52489/2179_A10_24
https://images.proteinatlas.org/48517/2212_C9_16
https://images.proteinatlas.org/52489/2179_A10_48
https://images.proteinatlas.org/35316/1848_C7_21_cr5ac325c41b275
https://images.proteinatlas.org/52489/2234_B9_63
https://images.proteinatlas.org/29612/2176_F4_42
https://images.proteinatlas.org/29612/2232_H5_42
https://images.proteinatlas.org/48594/1984_D5_19_cr5e5cf7087ba66
https://images.proteinatlas.org/46698/2199_A7_11
https://images.proteinatlas.org/29612/2206_C9_42
https://images.proteinatlas.org/46698/2199_A7_41
https://images.proteinatlas.org/52489/2234_B9_21
https://images.proteinatlas.org/28803/2146_B11_21
https://images.proteinatlas.org/37857/2185_C3_15
https://images.proteinatlas.org/37857/2185_C3_84
https://images.proteinatlas.org/46698/2184_C6_36
https://images.proteinatlas.org/46698/2184_C6_48
https://images.proteinatlas.org/48594/1984_D5_8_cr5e5cf7087b6eb
https://images.proteinatlas.org/37857/2186_A2_48
https://images.proteinatlas.org/46896/1636_A6_8_cr57bee3538d886
https://images.proteinatlas.org/28803/2165_A4_48
https://images.proteinatlas.org/46896/1636_A6_22_cr57bee35a0c89f
https://images.proteinatlas.org/8797/fp11_E5_2
https://images.proteinatlas.org/28803/2146_B11_42
https://images.proteinatlas.org/8797/fp11_B5_2
https://images.proteinatlas.org/49014/2161_E3_12
https://images.proteinatlas.org/37857/2186_A2_60
https://images.proteinatlas.org/37857/2206_E4_21
https://images.proteinatlas.org/49014/2161_E3_24
https://images.proteinatlas.org/37857/2206_E4_42
https://images.proteinatlas.org/42816/si23_H7_6
https://images.proteinatlas.org/42816/si23_H8_1
https://images.proteinatlas.org/8797/fp11_B5_6
https://images.proteinatlas.org/8797/fp11_E5_1
https://images.proteinatlas.org/42816/si23_H8_4
https://images.proteinatlas.org/42816/si23_H9_2
https://images.proteinatlas.org/42816/si23_H9_3
https://images.proteinatlas.org/42816/si23_H7_1
https://images.proteinatlas.org/42816/si23_H7_4
https://images.proteinatlas.org/42816/si23_H9_6
https://images.proteinatlas.org/42816/si23_H7_12
https://images.proteinatlas.org/45032/1954_D5_56_cr5dfcaf9954fee
https://images.proteinatlas.org/17913/1742_F7_23_cr580cfd40d1278
https://images.proteinatlas.org/47479/1977_F6_33_cr5e568d19dde3e
https://images.proteinatlas.org/42816/si23_H8_9
https://images.proteinatlas.org/42816/si23_H8_14
https://images.proteinatlas.org/47479/1977_F6_48_cr5e568d19de11f
https://images.proteinatlas.org/52504/2147_E10_21
https://images.proteinatlas.org/52504/2147_E10_84
https://images.proteinatlas.org/45032/1954_D5_45_cr5dfcaf99547b0
https://images.proteinatlas.org/52504/2205_E11_1
https://images.proteinatlas.org/17913/1742_F7_8_cr580496a22306c
https://images.proteinatlas.org/42816/si23_H9_9
https://images.proteinatlas.org/52504/2161_D10_13
https://images.proteinatlas.org/52504/2147_E10_84
https://images.proteinatlas.org/52504/2205_E11_1
https://images.proteinatlas.org/52504/2161_D10_13
https://images.proteinatlas.org/52504/2161_D10_36
https://images.proteinatlas.org/52504/2205_E11_11
https://images.proteinatlas.org/46710/si9_E4_2
https://images.proteinatlas.org/52504/2205_E11_11
https://images.proteinatlas.org/46710/si9_E4_3
https://images.proteinatlas.org/52504/2161_D10_36
https://images.proteinatlas.org/46710/si9_E5_1
https://images.proteinatlas.org/52504/2147_E10_21
https://images.proteinatlas.org/46710/si9_E5_8
https://images.proteinatlas.org/46710/si9_E6_4
https://images.proteinatlas.org/46710/2212_B2_6
https://images.proteinatlas.org/46710/2212_B2_26
https://images.proteinatlas.org/46710/si9_E6_6
https://images.proteinatlas.org/54404/1737_E3_7_cr58063fd449d7f
https://images.proteinatlas.org/54404/1737_E3_23_cr58063fdd8f3ee
https://images.proteinatlas.org/46710/si9_E4_7
https://images.proteinatlas.org/17578/si19_G5_2
https://images.proteinatlas.org/17578/si19_G6_2
https://images.proteinatlas.org/46710/si9_E5_4
https://images.proteinatlas.org/17578/si19_G6_4
https://images.proteinatlas.org/46710/si9_E6_3
https://images.proteinatlas.org/60174/1720_A1_8_cr580513160376d
https://images.proteinatlas.org/54404/1707_D2_8_cr57ea950249c33
https://images.proteinatlas.org/54404/1707_D2_28_cr57ea950a35917
https://images.proteinatlas.org/60174/1788_B1_25_cr5968c1d4418ca
https://images.proteinatlas.org/50483/2244_D6_72
https://images.proteinatlas.org/50483/2244_D6_84
https://images.proteinatlas.org/17578/si19_G5_4
https://images.proteinatlas.org/21261/2218_D5_21
https://images.proteinatlas.org/23908/2168_D11_14
https://images.proteinatlas.org/60174/1720_A1_3_cr5805130bdcd02
https://images.proteinatlas.org/23908/2168_D11_28
https://images.proteinatlas.org/23908/2132_E10_21
https://images.proteinatlas.org/60174/1788_B1_19_cr5968c1d4411d1
https://images.proteinatlas.org/74921/1872_H7_7_cr5b51eeb39153e
https://images.proteinatlas.org/23908/2132_E10_63
https://images.proteinatlas.org/74921/1872_H7_13_cr5b51eeb390ef8
https://images.proteinatlas.org/34612/1874_H1_2_cr5b6d44e6c695e
https://images.proteinatlas.org/34612/1983_B12_13_cr5e58dd15c6db8
https://images.proteinatlas.org/21261/2218_D5_31
https://images.proteinatlas.org/34612/1983_B12_17_cr5e5d2c5d1afcf
https://images.proteinatlas.org/18295/si24_B1_2
https://images.proteinatlas.org/23908/2150_C8_12
https://images.proteinatlas.org/18295/si24_B1_5
https://images.proteinatlas.org/18295/si24_B2_1
https://images.proteinatlas.org/23908/2228_B6_6
https://images.proteinatlas.org/23908/2228_B6_21
https://images.proteinatlas.org/18295/si24_B2_2
https://images.proteinatlas.org/34612/1874_H1_14_cr5b6d44e6c753c
https://images.proteinatlas.org/18295/si24_B3_1
https://images.proteinatlas.org/18295/si24_B3_7
https://images.proteinatlas.org/18295/si24_B3_18
https://images.proteinatlas.org/18295/si24_B1_1
https://images.proteinatlas.org/71875/1825_H7_32_cr5ac344f4d5b2d
https://images.proteinatlas.org/71875/2185_A11_56
https://images.proteinatlas.org/18295/si24_B1_17
https://images.proteinatlas.org/71875/2185_A11_71
https://images.proteinatlas.org/18295/si24_B2_6
https://images.proteinatlas.org/71875/2232_H11_64
https://images.proteinatlas.org/18295/si24_B2_9
https://images.proteinatlas.org/18295/si24_B3_2
https://images.proteinatlas.org/71875/2201_H11_84
https://images.proteinatlas.org/51472/2205_C3_21
https://images.proteinatlas.org/51472/2205_C3_31
https://images.proteinatlas.org/71875/1825_H7_52_cr5ac344f4d661e
https://images.proteinatlas.org/40036/2167_A8_42
https://images.proteinatlas.org/40036/2124_D3_12
https://images.proteinatlas.org/71875/2232_H11_40
https://images.proteinatlas.org/40036/2124_D3_48
https://images.proteinatlas.org/40036/2132_B3_84
https://images.proteinatlas.org/71875/2201_H11_63
https://images.proteinatlas.org/71875/2205_H11_1
https://images.proteinatlas.org/71875/2205_H11_31
https://images.proteinatlas.org/71337/2169_C6_29
https://images.proteinatlas.org/58943/1789_E1_1_cr595f49838c664
https://images.proteinatlas.org/58943/1789_E1_11_cr595f4695b5bd4
https://images.proteinatlas.org/40036/2167_A8_56
https://images.proteinatlas.org/44557/1874_C8_52_cr5b7163f58bd74
https://images.proteinatlas.org/44458/2217_B10_1
https://images.proteinatlas.org/40036/2132_B3_21
https://images.proteinatlas.org/44458/2217_B10_6
https://images.proteinatlas.org/42081/2121_A7_48
https://images.proteinatlas.org/71337/2169_C6_54
https://images.proteinatlas.org/71337/2134_B11_10
https://images.proteinatlas.org/42081/2127_E3_63
https://images.proteinatlas.org/71337/2134_B11_31
https://images.proteinatlas.org/42081/2211_C5_31
https://images.proteinatlas.org/71267/2212_F8_31
https://images.proteinatlas.org/63485/2205_E10_6
https://images.proteinatlas.org/44557/1874_C8_56_cr5b7163f58bd74
https://images.proteinatlas.org/63485/2205_E10_11
https://images.proteinatlas.org/42081/2121_A7_13
https://images.proteinatlas.org/47064/1692_A3_18_cr57d27fb7ce205
https://images.proteinatlas.org/54350/2210_D6_98
https://images.proteinatlas.org/42081/2127_E3_84
https://images.proteinatlas.org/42081/2211_C5_26
https://images.proteinatlas.org/54350/2191_G7_12
https://images.proteinatlas.org/54350/2206_C8_105
https://images.proteinatlas.org/71267/2212_F8_1
https://images.proteinatlas.org/63194/2205_B3_16
https://images.proteinatlas.org/45697/1715_H5_3_cr57fd30536afd1
https://images.proteinatlas.org/47064/1692_A3_8_cr57d27fae1e370
https://images.proteinatlas.org/45697/1715_H5_7_cr57fd305ca4e80
https://images.proteinatlas.org/45722/2195_B4_36
https://images.proteinatlas.org/54350/2210_D6_28
https://images.proteinatlas.org/58346/2178_C8_13
https://images.proteinatlas.org/54350/2191_G7_36
https://images.proteinatlas.org/51259/1942_H3_6_cr5d2c86d616053
https://images.proteinatlas.org/54350/2206_C8_85
https://images.proteinatlas.org/42758/1825_B1_9_cr5ab924ae438f3
https://images.proteinatlas.org/63194/2205_B3_26
https://images.proteinatlas.org/18096/1846_A1_10_cr5ab9265104ba4
https://images.proteinatlas.org/42009/2229_B5_1
https://images.proteinatlas.org/45722/2195_B4_6
https://images.proteinatlas.org/42009/2229_B5_11
https://images.proteinatlas.org/71642/2216_D5_31
https://images.proteinatlas.org/58346/2178_C8_36
https://images.proteinatlas.org/47473/1955_E2_16_cr5dcd0980797d6
https://images.proteinatlas.org/47473/1938_B4_6_cr5d2489533afca
https://images.proteinatlas.org/51259/1942_H3_28_cr6149a00a7974b
https://images.proteinatlas.org/42758/1825_B1_11_cr5afa870716d27
https://images.proteinatlas.org/47473/1938_B4_21_cr5d2489533bcde
https://images.proteinatlas.org/18096/1846_A1_19_cr5ab9265106214
https://images.proteinatlas.org/27827/2210_E2_14
https://images.proteinatlas.org/27827/2184_F1_36
https://images.proteinatlas.org/71642/2216_D5_11
https://images.proteinatlas.org/27827/2184_F1_48
https://images.proteinatlas.org/27827/2201_G1_63
https://images.proteinatlas.org/47473/1955_E2_26_cr5dcd09807adaa
https://images.proteinatlas.org/27827/2211_E7_21
https://images.proteinatlas.org/75648/1891_O9_1_cr5bbdc0d496434
https://images.proteinatlas.org/73994/1744_C12_2_cr57fe1ecc59a9e
https://images.proteinatlas.org/73994/1744_C12_7_cr57fe1ed75b71f
https://images.proteinatlas.org/75648/1891_O9_8_cr5bbdc0d496f49
https://images.proteinatlas.org/27827/2210_E2_42
https://images.proteinatlas.org/5435/2166_C4_36
https://images.proteinatlas.org/71876/2168_F10_14
https://images.proteinatlas.org/27827/2201_G1_42
https://images.proteinatlas.org/71876/2168_F10_28
https://images.proteinatlas.org/71876/2121_D11_48
https://images.proteinatlas.org/27827/2211_E7_36
https://images.proteinatlas.org/71876/2134_G10_21
https://images.proteinatlas.org/42204/2184_E7_13
https://images.proteinatlas.org/75648/1732_A6_13_cr58062245567dd
https://images.proteinatlas.org/75648/1732_A6_18_cr5806224e592fb
https://images.proteinatlas.org/42204/2184_E7_36
https://images.proteinatlas.org/5435/2166_C4_48
https://images.proteinatlas.org/42204/2205_C11_6
https://images.proteinatlas.org/49555/2169_D6_70
https://images.proteinatlas.org/49555/2120_C10_13
https://images.proteinatlas.org/71876/2121_D11_36
https://images.proteinatlas.org/49555/2120_C10_48
https://images.proteinatlas.org/71876/2134_G10_84
https://images.proteinatlas.org/49555/2128_B6_58
https://images.proteinatlas.org/53441/1752_D12_13_cr5804c0fa1bf32
https://images.proteinatlas.org/42204/2201_E5_18
https://images.proteinatlas.org/42204/2201_E5_42
https://images.proteinatlas.org/43812/2179_G2_12
https://images.proteinatlas.org/43812/2212_E8_31
https://images.proteinatlas.org/42204/2205_C11_36
https://images.proteinatlas.org/53163/1712_C2_3_cr5804b4224e871
https://images.proteinatlas.org/44688/1877_B3_5_cr5b743c35c560a
https://images.proteinatlas.org/49555/2128_B6_37
https://images.proteinatlas.org/44688/1877_B3_30_cr5b743c35c5e18
https://images.proteinatlas.org/3614/2167_H7_56
https://images.proteinatlas.org/53441/1752_D12_8_cr5804c0eeb26e7
https://images.proteinatlas.org/3614/2120_D2_13
https://images.proteinatlas.org/43812/2179_G2_24
https://images.proteinatlas.org/3614/2128_G10_44
https://images.proteinatlas.org/43812/2212_E8_6
https://images.proteinatlas.org/3614/2209_A8_11
https://images.proteinatlas.org/53163/1712_C2_17_cr5804b42d0cefd
https://images.proteinatlas.org/43734/2183_C5_10
https://images.proteinatlas.org/44610/2176_C3_28
https://images.proteinatlas.org/3614/2167_H7_42
https://images.proteinatlas.org/44610/2176_C3_56
https://images.proteinatlas.org/44610/2153_A8_36
https://images.proteinatlas.org/44610/2145_G6_22
https://images.proteinatlas.org/3614/2120_D2_48
https://images.proteinatlas.org/44610/2145_G6_84
https://images.proteinatlas.org/3614/2128_G10_64
https://images.proteinatlas.org/3614/2209_A8_26
https://images.proteinatlas.org/44610/2200_G6_36
https://images.proteinatlas.org/43734/2183_C5_70
https://images.proteinatlas.org/40133/2121_H7_12
https://images.proteinatlas.org/40133/2132_E2_63
https://images.proteinatlas.org/44610/2153_A8_12
https://images.proteinatlas.org/40133/2132_E2_84
https://images.proteinatlas.org/50153/2120_H10_24
https://images.proteinatlas.org/50153/2128_F11_21
https://images.proteinatlas.org/44610/2200_G6_16
https://images.proteinatlas.org/50153/2128_F11_43
https://images.proteinatlas.org/40133/2168_G4_14
https://images.proteinatlas.org/40133/2168_G4_42
https://images.proteinatlas.org/18082/1898_B6_26_cr5ba8a631837a3
https://images.proteinatlas.org/40133/2121_H7_24
https://images.proteinatlas.org/65425/2218_E2_1
https://images.proteinatlas.org/46871/1752_A1_8_cr5804bc77849be
https://images.proteinatlas.org/46871/1752_A1_13_cr5804bc81d6304
https://images.proteinatlas.org/50153/2120_H10_12
https://images.proteinatlas.org/46871/2161_A5_24
https://images.proteinatlas.org/46871/2134_E8_21
https://images.proteinatlas.org/18082/1898_B6_16_cr5ba8a6318320f
https://images.proteinatlas.org/46871/2134_E8_63
https://images.proteinatlas.org/4484/2204_A6_11
https://images.proteinatlas.org/12389/1984_D1_20_cr5e58f6aaab10f
https://images.proteinatlas.org/4484/2204_A6_36
https://images.proteinatlas.org/68877/1750_G1_18_cr580f640da0882
https://images.proteinatlas.org/65425/2218_E2_26
https://images.proteinatlas.org/68877/1760_C12_23_cr594b7d57bf8b0
https://images.proteinatlas.org/68877/1695_B6_18_cr57d8508123515
https://images.proteinatlas.org/46871/2161_A5_37
https://images.proteinatlas.org/59487/1700_A11_1_cr57eb8fa509136
https://images.proteinatlas.org/76613/1704_G9_23_cr57d838b66e5e6
https://images.proteinatlas.org/76613/1704_G9_27_cr57d838be27d3e
https://images.proteinatlas.org/12389/1984_D1_11_cr5e58f6aaaad2f
https://images.proteinatlas.org/46410/2160_E11_25
https://images.proteinatlas.org/68877/1750_G1_13_cr580f63ff1e49c
https://images.proteinatlas.org/68877/1760_C12_17_cr594b7d4d06e46
https://images.proteinatlas.org/46410/2133_E6_21
https://images.proteinatlas.org/68877/1695_B6_3_cr57d8507991e89
https://images.proteinatlas.org/65876/1825_H6_57_cr5ac34be18bede
https://images.proteinatlas.org/43711/2168_C5_84
https://images.proteinatlas.org/59487/1700_A11_24_cr57eb8fb45c008
https://images.proteinatlas.org/43711/2124_D4_12
https://images.proteinatlas.org/43711/2128_D11_1
https://images.proteinatlas.org/43711/2128_D11_64
https://images.proteinatlas.org/46410/2160_E11_46
https://images.proteinatlas.org/42456/2169_E4_14
https://images.proteinatlas.org/46410/2133_E6_84
https://images.proteinatlas.org/65876/1825_H6_2_cr5ac34be187caf
https://images.proteinatlas.org/42456/2121_C3_25
https://images.proteinatlas.org/43711/2168_C5_14
https://images.proteinatlas.org/42456/2129_C6_84
https://images.proteinatlas.org/40649/2167_G8_79
https://images.proteinatlas.org/43711/2124_D4_36
https://images.proteinatlas.org/40649/2120_B12_24
https://images.proteinatlas.org/40649/2128_E3_1
https://images.proteinatlas.org/40649/2128_E3_43
https://images.proteinatlas.org/42456/2169_E4_56
https://images.proteinatlas.org/42456/2121_C3_48
https://images.proteinatlas.org/42456/2129_C6_63
https://images.proteinatlas.org/40649/2167_G8_56
https://images.proteinatlas.org/71345/2241_B3_28
https://images.proteinatlas.org/71345/2234_A3_84
https://images.proteinatlas.org/71345/2216_D6_1
https://images.proteinatlas.org/40649/2120_B12_48
https://images.proteinatlas.org/71345/2216_D6_41
https://images.proteinatlas.org/56723/2216_E9_41
https://images.proteinatlas.org/71345/2241_B3_42
https://images.proteinatlas.org/26661/2216_D8_1
https://images.proteinatlas.org/71345/2179_B3_36
https://images.proteinatlas.org/77591/1718_G12_8_cr57f3c647163ea
https://images.proteinatlas.org/71345/2179_B3_49
https://images.proteinatlas.org/45848/2237_B10_22
https://images.proteinatlas.org/71345/2234_A3_21
https://images.proteinatlas.org/63317/2205_C10_1
https://images.proteinatlas.org/64430/1992_B3_37_cr645ce5ccb28ef
https://images.proteinatlas.org/56723/2216_E9_26
https://images.proteinatlas.org/64430/1992_B3_51_cr645ce50d07a97
https://images.proteinatlas.org/64430/2016_H8_29_cr5f64597777019
https://images.proteinatlas.org/6518/1732_A3_2_cr58060e51c7562
https://images.proteinatlas.org/26661/2216_D8_26
https://images.proteinatlas.org/6518/1732_A3_8_cr58060e5bf20fa
https://images.proteinatlas.org/77591/1718_G12_20_cr57f3c6500c8f9
https://images.proteinatlas.org/45848/2237_B10_50
https://images.proteinatlas.org/62616/1753_F11_18_cr57f3cc50a1279
https://images.proteinatlas.org/63317/2205_C10_31
https://images.proteinatlas.org/52822/2183_E5_70
https://images.proteinatlas.org/52822/2232_G4_14
https://images.proteinatlas.org/64430/2016_H8_17_cr5f645977766de
https://images.proteinatlas.org/52822/2232_G4_28
https://images.proteinatlas.org/52822/2206_A8_84
https://images.proteinatlas.org/52822/2205_G8_16
https://images.proteinatlas.org/62616/1753_F11_13_cr57f3cc475638c
https://images.proteinatlas.org/52822/2205_G8_41
https://images.proteinatlas.org/62779/2212_G8_11
https://images.proteinatlas.org/62779/2212_G8_26
https://images.proteinatlas.org/43105/2171_E9_70
https://images.proteinatlas.org/52822/2183_E5_84
https://images.proteinatlas.org/43105/2234_B10_168
https://images.proteinatlas.org/43105/2199_E11_21
https://images.proteinatlas.org/52822/2206_A8_42
https://images.proteinatlas.org/43105/2199_E11_26
https://images.proteinatlas.org/77883/1692_F9_23_cr57d15e94dfaf7
https://images.proteinatlas.org/3954/1876_G1_11_cr5ba363e41eac9
https://images.proteinatlas.org/43105/2171_E9_57
https://images.proteinatlas.org/3954/1876_G1_27_cr5ba363c362660
https://images.proteinatlas.org/43105/2178_B12_24
https://images.proteinatlas.org/43105/2178_B12_48
https://images.proteinatlas.org/47157/2166_A4_48
https://images.proteinatlas.org/47157/2195_C10_6
https://images.proteinatlas.org/43105/2234_B10_231
https://images.proteinatlas.org/47157/2195_C10_26
https://images.proteinatlas.org/42122/2135_B3_63
https://images.proteinatlas.org/77883/1692_F9_18_cr57d15e8ea1e8a
https://images.proteinatlas.org/42122/2209_E5_26
https://images.proteinatlas.org/41344/2209_C9_6
https://images.proteinatlas.org/41344/2209_C9_26
https://images.proteinatlas.org/47157/2166_A4_12
https://images.proteinatlas.org/559/1984_F9_11_cr5e5cf30d0d5ed
https://images.proteinatlas.org/47157/2206_G7_42
https://images.proteinatlas.org/47157/2206_G7_63
https://images.proteinatlas.org/59131/2169_C9_56
https://images.proteinatlas.org/42122/2135_B3_21
https://images.proteinatlas.org/59131/2160_A9_45
https://images.proteinatlas.org/59131/2135_G4_63
https://images.proteinatlas.org/55952/1700_A1_1_cr57eabbf45c053
https://images.proteinatlas.org/42122/2209_E5_31
https://images.proteinatlas.org/55952/1700_A1_23_cr57eabbfc6e6be
https://images.proteinatlas.org/55952/1692_G2_8_cr57d27df1acfde
https://images.proteinatlas.org/559/1984_F9_26_cr5e5cf30d0da4c
https://images.proteinatlas.org/56832/2212_B12_21
https://images.proteinatlas.org/59131/2160_A9_24
https://images.proteinatlas.org/51928/1650_B2_43_cr57ea9a8572196
https://images.proteinatlas.org/59131/2135_G4_42
https://images.proteinatlas.org/59131/2169_C9_70
https://images.proteinatlas.org/55952/1692_G2_3_cr57d27deb43267
https://images.proteinatlas.org/77792/1920_D5_10_cr5cc2cc8a3e12a
https://images.proteinatlas.org/34745/2215_G11_21
https://images.proteinatlas.org/56832/2212_B12_31
https://images.proteinatlas.org/34745/2215_G11_41
https://images.proteinatlas.org/51928/1650_B2_58_cr57ea9a8d579b7
https://images.proteinatlas.org/42528/2183_B11_70
https://images.proteinatlas.org/77792/1920_D5_12_cr5cc2cc8a3e641
https://images.proteinatlas.org/42528/2184_D11_48
https://images.proteinatlas.org/72381/2237_F7_43
https://images.proteinatlas.org/42528/2204_G10_36
https://images.proteinatlas.org/41247/1845_D4_50_cr5ac4ae534351b
https://images.proteinatlas.org/72381/2237_F7_50
https://images.proteinatlas.org/51465/2212_H7_21
https://images.proteinatlas.org/55755/1942_H2_10_cr5d2713757f1c9
https://images.proteinatlas.org/42528/2183_B11_14
https://images.proteinatlas.org/55755/1942_H2_18_cr5d2713757f45c
https://images.proteinatlas.org/42528/2184_D11_25
https://images.proteinatlas.org/51259/1942_H3_28_cr6149a00a7974b
https://images.proteinatlas.org/63683/si35_H1_4
https://images.proteinatlas.org/42528/2204_G10_1
https://images.proteinatlas.org/41247/1845_D4_35_cr5ac4ae5345e5e
https://images.proteinatlas.org/63683/si35_H1_11
https://images.proteinatlas.org/63683/si35_H2_3
https://images.proteinatlas.org/51465/2212_H7_41
https://images.proteinatlas.org/63683/si35_H2_8
https://images.proteinatlas.org/63683/si35_H3_1
https://images.proteinatlas.org/51259/1942_H3_6_cr5d2c86d616053
https://images.proteinatlas.org/63683/si35_H3_3
https://images.proteinatlas.org/63683/si35_H3_17
https://images.proteinatlas.org/63683/si35_H1_2
https://images.proteinatlas.org/66743/1972_E4_6_cr5e15f06b8d6de
https://images.proteinatlas.org/63683/si35_H1_12
https://images.proteinatlas.org/78322/1767_H6_14_cr594a8cec9cdda
https://images.proteinatlas.org/63683/si35_H2_1
https://images.proteinatlas.org/76556/1934_E2_4_cr5d1b48a4a3940
https://images.proteinatlas.org/59131/2169_C9_56
https://images.proteinatlas.org/63683/si35_H2_16
https://images.proteinatlas.org/59131/2169_C9_70
https://images.proteinatlas.org/59131/2160_A9_45
https://images.proteinatlas.org/63683/si35_H3_5
https://images.proteinatlas.org/59131/2135_G4_42
https://images.proteinatlas.org/66743/1972_E4_29_cr5e15f06b8e5f8
https://images.proteinatlas.org/49325/1977_H3_38_cr5e54f8b57ad48
https://images.proteinatlas.org/78322/1767_H6_28_cr595e4d456ccf1
https://images.proteinatlas.org/47473/1955_E2_16_cr5dcd0980797d6
https://images.proteinatlas.org/76556/1934_E2_16_cr5d1b48a4a5653
https://images.proteinatlas.org/47473/1938_B4_6_cr5d2489533afca
https://images.proteinatlas.org/49901/2212_G7_21
https://images.proteinatlas.org/59131/2160_A9_24
https://images.proteinatlas.org/49901/2212_G7_41
https://images.proteinatlas.org/61218/2177_D4_112
https://images.proteinatlas.org/59131/2135_G4_63
https://images.proteinatlas.org/61218/2178_D6_25
https://images.proteinatlas.org/49325/1977_H3_49_cr5e54f8b57b332
https://images.proteinatlas.org/61218/2201_D5_21
https://images.proteinatlas.org/47473/1955_E2_26_cr5dcd09807adaa
https://images.proteinatlas.org/58073/2160_C10_24
https://images.proteinatlas.org/47473/1938_B4_21_cr5d2489533bcde
https://images.proteinatlas.org/65720/2175_E12_70
https://images.proteinatlas.org/65720/2178_E6_48
https://images.proteinatlas.org/61218/2177_D4_56
https://images.proteinatlas.org/65720/2234_E3_21
https://images.proteinatlas.org/45007/1753_B6_3_cr57f3e8833f4cc
https://images.proteinatlas.org/61218/2178_D6_48
https://images.proteinatlas.org/45007/1753_B6_8_cr57f3e88c911f0
https://images.proteinatlas.org/62415/2210_D7_98
https://images.proteinatlas.org/61218/2201_D5_42
https://images.proteinatlas.org/62415/2160_C7_24
https://images.proteinatlas.org/58073/2160_C10_36
https://images.proteinatlas.org/65720/2178_E6_12
https://images.proteinatlas.org/62415/2135_C7_22
https://images.proteinatlas.org/62734/1742_H8_18_cr5804948e77b40
https://images.proteinatlas.org/51259/1942_H3_6_cr5d2c86d616053
https://images.proteinatlas.org/65720/2234_E3_42
https://images.proteinatlas.org/51259/1942_H3_28_cr6149a00a7974b
https://images.proteinatlas.org/55997/2176_A7_28
https://images.proteinatlas.org/62415/2210_D7_84
https://images.proteinatlas.org/55997/2161_F7_12
https://images.proteinatlas.org/62415/2160_C7_48
https://images.proteinatlas.org/55997/2147_C2_21
https://images.proteinatlas.org/62415/2135_C7_63
https://images.proteinatlas.org/8467/2204_C12_11
https://images.proteinatlas.org/35984/1637_D4_8_cr57addf05887e9
https://images.proteinatlas.org/62734/1742_H8_12_cr58049484a5b0c
https://images.proteinatlas.org/35984/1637_D4_29_cr57addf0baecdd
https://images.proteinatlas.org/55997/2176_A7_14
https://images.proteinatlas.org/525/si28_H10_2
https://images.proteinatlas.org/525/si28_H10_11
https://images.proteinatlas.org/55997/2161_F7_48
https://images.proteinatlas.org/525/si28_H11_1
https://images.proteinatlas.org/55997/2147_C2_84
https://images.proteinatlas.org/525/si28_H11_6
https://images.proteinatlas.org/8467/2204_C12_26
https://images.proteinatlas.org/525/si28_H12_2
https://images.proteinatlas.org/525/si28_H12_8
https://images.proteinatlas.org/525/si28_H10_1
https://images.proteinatlas.org/525/si28_H12_14
https://images.proteinatlas.org/525/si28_H10_9
https://images.proteinatlas.org/51928/1650_B2_58_cr57ea9a8d579b7
https://images.proteinatlas.org/77396/1717_E3_28_cr57f4fc6433293
https://images.proteinatlas.org/525/si28_H11_2
https://images.proteinatlas.org/77396/1732_G7_8_cr5806228a483f5
https://images.proteinatlas.org/525/si28_H11_13
https://images.proteinatlas.org/78260/1706_A6_13_cr5878bff53841a
https://images.proteinatlas.org/525/si28_H12_3
https://images.proteinatlas.org/77524/1830_G4_32_cr5b0551830402d
https://images.proteinatlas.org/40527/1744_G8_20_cr58047d5d747c9
https://images.proteinatlas.org/51928/1650_B2_43_cr57ea9a8572196
https://images.proteinatlas.org/40527/1744_G8_24_cr58047d672327c
https://images.proteinatlas.org/77396/1717_E3_23_cr57f4fc59b0835
https://images.proteinatlas.org/3421/1844_G1_17_cr5b02964f897d6
https://images.proteinatlas.org/3421/1899_F1_20_cr5ba0dc323a90e
https://images.proteinatlas.org/76190/1719_D2_9_cr580497a7f1f51
https://images.proteinatlas.org/77396/1732_G7_13_cr580622936d355
https://images.proteinatlas.org/78260/1706_A6_18_cr57e38db5e9714
https://images.proteinatlas.org/76190/1719_D2_18_cr580497b1eed40
https://images.proteinatlas.org/951/1749_G8_8_cr5804be570ce7c
https://images.proteinatlas.org/77524/1830_G4_56_cr5b05518306352
https://images.proteinatlas.org/951/1749_G8_23_cr5804be60ba8d4
https://images.proteinatlas.org/3421/1844_G1_8_cr5b02964f8921f
https://images.proteinatlas.org/41608/1851_E1_40_cr5b0ead28e5ce5
https://images.proteinatlas.org/3421/1899_F1_13_cr5ba0dc323a68d
https://images.proteinatlas.org/8163/1721_F4_27_cr57eab43af3afe
https://images.proteinatlas.org/951/1749_G8_23_cr5804be60ba8d4
https://images.proteinatlas.org/47429/2176_E3_16
https://images.proteinatlas.org/76190/1736_B9_3_cr5805f90011208
https://images.proteinatlas.org/47429/2176_E3_56
https://images.proteinatlas.org/76190/1736_B9_27_cr5805f911b3adf
https://images.proteinatlas.org/47429/2161_C3_48
https://images.proteinatlas.org/41608/1851_E1_24_cr5b0ead28e5236
https://images.proteinatlas.org/47429/2145_D8_84
https://images.proteinatlas.org/75556/1744_H7_18_cr580483f762119
https://images.proteinatlas.org/8163/1721_F4_7_cr57eab4323f6fc
https://images.proteinatlas.org/75556/1740_H7_3_cr57fcf56e85cfc
https://images.proteinatlas.org/951/1749_G8_8_cr5804be570ce7c
https://images.proteinatlas.org/47814/2169_A9_15
https://images.proteinatlas.org/47814/2166_F8_24
https://images.proteinatlas.org/47429/2161_C3_36
https://images.proteinatlas.org/47814/2166_F8_61
https://images.proteinatlas.org/47429/2145_D8_63
https://images.proteinatlas.org/47814/2201_E9_84
https://images.proteinatlas.org/75556/1744_H7_15_cr580483ec9ca52
https://images.proteinatlas.org/52775/1753_D4_13_cr57f3d730b7b4d
https://images.proteinatlas.org/79091/1984_B9_19_cr5e5cf4cd889fd
https://images.proteinatlas.org/75556/1740_H7_13_cr57fcf57784375
https://images.proteinatlas.org/79091/2017_A6_3_cr5fca35e8bd904
https://images.proteinatlas.org/47814/2169_A9_56
https://images.proteinatlas.org/6035/2241_B10_42
https://images.proteinatlas.org/6035/2151_H8_12
https://images.proteinatlas.org/6035/2151_H8_60
https://images.proteinatlas.org/47814/2201_E9_22
https://images.proteinatlas.org/52775/1753_D4_4_cr57f3d72844853
https://images.proteinatlas.org/6035/2134_C9_21
https://images.proteinatlas.org/35984/1637_D4_29_cr57addf0baecdd
https://images.proteinatlas.org/79091/1984_B9_1_cr5e5cf4cd86f5a
https://images.proteinatlas.org/77160/1704_D9_8_cr580a01fe44f2e
https://images.proteinatlas.org/79091/2017_A6_28_cr604b30d6f2e47
https://images.proteinatlas.org/44629/2212_H5_26
https://images.proteinatlas.org/6035/2241_B10_56
https://images.proteinatlas.org/68093/2212_A4_16
https://images.proteinatlas.org/63337/1878_B1_55_cr5bd15e3b9dd80
https://images.proteinatlas.org/63337/1769_A8_8_cr59e0801e38b23
https://images.proteinatlas.org/6035/2134_C9_63
https://images.proteinatlas.org/63337/1769_A8_13_cr5950e8f2adc9e
https://images.proteinatlas.org/35984/1637_D4_8_cr57addf05887e9
https://images.proteinatlas.org/77160/1704_D9_22_cr580a0208876b1
https://images.proteinatlas.org/76857/1759_G3_27_cr594b71233fdcf
https://images.proteinatlas.org/36287/2199_D8_11
https://images.proteinatlas.org/44629/2212_H5_31
https://images.proteinatlas.org/36287/2199_D8_16
https://images.proteinatlas.org/68093/2212_A4_26
https://images.proteinatlas.org/56683/2017_G8_29_cr5fca2941c0e19
https://images.proteinatlas.org/56683/2215_C4_26
https://images.proteinatlas.org/3446/2175_E8_14
https://images.proteinatlas.org/76857/1759_G3_12_cr594b71199c016
https://images.proteinatlas.org/48322/1983_F7_7_cr5e58f08d78434
https://images.proteinatlas.org/3446/2175_E8_56
https://images.proteinatlas.org/48322/1983_F7_12_cr5e58f08d7845c
https://images.proteinatlas.org/46125/2128_B9_2
https://images.proteinatlas.org/46125/2200_F4_31
https://images.proteinatlas.org/56683/2017_G8_5_cr5fca2941c056b
https://images.proteinatlas.org/46125/2200_F4_36
https://images.proteinatlas.org/56683/2215_C4_11
https://images.proteinatlas.org/35812/1753_F4_18_cr57f3d95b3497c
https://images.proteinatlas.org/1231/2204_H5_36
https://images.proteinatlas.org/69649/1955_F12_3_cr5da6bcc1a8a82
https://images.proteinatlas.org/46125/2124_E4_36
https://images.proteinatlas.org/69649/1955_F12_21_cr5da6bcc1a90d9
https://images.proteinatlas.org/46125/2124_E4_48
https://images.proteinatlas.org/67225/2205_E3_36
https://images.proteinatlas.org/46125/2128_B9_44
https://images.proteinatlas.org/66812/1754_C7_13_cr57f3ecd0892d7
https://images.proteinatlas.org/75209/1788_D5_19_cr5968c9ff9f6b5
https://images.proteinatlas.org/35812/1753_F4_13_cr57f3d95204a53
https://images.proteinatlas.org/75209/1706_C4_3_cr57e26cb3128e1
https://images.proteinatlas.org/1231/2204_H5_1
https://images.proteinatlas.org/42720/1704_C11_18_cr57d8265f33e20
https://images.proteinatlas.org/51048/2161_H9_36
https://images.proteinatlas.org/67225/2205_E3_1
https://images.proteinatlas.org/51048/2161_H9_44
https://images.proteinatlas.org/66812/1754_C7_8_cr57f3ecc6df43b
https://images.proteinatlas.org/51048/2240_D6_57
https://images.proteinatlas.org/75209/1788_D5_4_cr5968c9ff9e495
https://images.proteinatlas.org/58283/2120_F12_48
https://images.proteinatlas.org/58283/2131_D3_88
https://images.proteinatlas.org/75209/1706_C4_13_cr57e26cbae94fb
https://images.proteinatlas.org/58283/2229_E10_6
https://images.proteinatlas.org/42720/1704_C11_22_cr57d82666cb4a8
https://images.proteinatlas.org/52450/2120_C11_24
https://images.proteinatlas.org/52450/2128_C7_1
https://images.proteinatlas.org/52450/2128_C7_64
https://images.proteinatlas.org/51048/2240_D6_29
https://images.proteinatlas.org/52450/2209_G6_1
https://images.proteinatlas.org/58283/2120_F12_25
https://images.proteinatlas.org/61437/1722_H2_2_cr57f4982d763fb
https://images.proteinatlas.org/58283/2131_D3_66
https://images.proteinatlas.org/76116/1702_C12_14_cr57ea9171c3956
https://images.proteinatlas.org/58283/2229_E10_16
https://images.proteinatlas.org/52474/1723_B3_3_cr57ea9bc0df5dd
https://images.proteinatlas.org/52474/2169_C11_42
https://images.proteinatlas.org/52450/2120_C11_31
https://images.proteinatlas.org/52474/2161_E10_24
https://images.proteinatlas.org/52474/2147_G9_63
https://images.proteinatlas.org/52450/2209_G6_31
https://images.proteinatlas.org/52474/2147_G9_84
https://images.proteinatlas.org/61437/1722_H2_7_cr57f498424dd90
https://images.proteinatlas.org/45936/2199_G12_41
https://images.proteinatlas.org/76116/1702_C12_18_cr57ea9179bce55
https://images.proteinatlas.org/43640/1874_B9_56_cr5b714b3a22ae7
https://images.proteinatlas.org/43640/1825_F6_54_cr5ac349f6d4297
https://images.proteinatlas.org/52474/1723_B3_28_cr57ea9bc8abfe9
https://images.proteinatlas.org/43640/2169_F10_56
https://images.proteinatlas.org/52474/2161_E10_37
https://images.proteinatlas.org/43640/2152_D8_36
https://images.proteinatlas.org/43640/2149_G5_21
https://images.proteinatlas.org/43640/2149_G5_63
https://images.proteinatlas.org/45936/2199_G12_1
https://images.proteinatlas.org/43640/1874_B9_31_cr5b714b3a22aca
https://images.proteinatlas.org/43640/2209_F4_26
https://images.proteinatlas.org/76116/1702_C12_18_cr57ea9179bce55
https://images.proteinatlas.org/43640/1825_F6_41_cr5ac349f6d258f
https://images.proteinatlas.org/76106/1721_D8_8_cr57eab832d46d7
https://images.proteinatlas.org/43640/2169_F10_70
https://images.proteinatlas.org/48106/1753_G3_8_cr57f3ed5ced8da
https://images.proteinatlas.org/43640/2152_D8_48
https://images.proteinatlas.org/58451/1702_A2_4_cr57ea949c20b81
https://images.proteinatlas.org/58451/1709_F7_7_cr58048bef2f5c2
https://images.proteinatlas.org/58451/1709_F7_13_cr58048bf818621
https://images.proteinatlas.org/43640/2209_F4_31
https://images.proteinatlas.org/60092/2160_F8_36
https://images.proteinatlas.org/76116/1702_C12_14_cr57ea9171c3956
https://images.proteinatlas.org/4871/1878_C10_23_cr5b7d73702bede
https://images.proteinatlas.org/76106/1721_D8_23_cr57eab83ae4416
https://images.proteinatlas.org/4871/2151_A4_12
https://images.proteinatlas.org/48106/1753_G3_19_cr57f3ed66510db
https://images.proteinatlas.org/4871/2149_F10_42
https://images.proteinatlas.org/43640/1874_B9_31_cr5b714b3a22aca
https://images.proteinatlas.org/58451/1702_A2_9_cr57ea94a378635
https://images.proteinatlas.org/43640/1874_B9_56_cr5b714b3a22ae7
https://images.proteinatlas.org/43640/1825_F6_54_cr5ac349f6d4297
https://images.proteinatlas.org/60092/2160_F8_48
https://images.proteinatlas.org/43640/2169_F10_56
https://images.proteinatlas.org/4871/1878_C10_27_cr5b7d73702be59
https://images.proteinatlas.org/43640/2152_D8_36
https://images.proteinatlas.org/4871/2151_A4_24
https://images.proteinatlas.org/43640/2149_G5_21
https://images.proteinatlas.org/4871/2149_F10_63
https://images.proteinatlas.org/43640/2209_F4_26
https://images.proteinatlas.org/38583/1789_D12_10_cr595f4ab28277e
https://images.proteinatlas.org/43640/1825_F6_41_cr5ac349f6d258f
https://images.proteinatlas.org/38583/1789_D12_14_cr595f4ab282b7f
https://images.proteinatlas.org/43105/2171_E9_70
https://images.proteinatlas.org/43640/2169_F10_70
https://images.proteinatlas.org/43105/2178_B12_24
https://images.proteinatlas.org/43640/2152_D8_48
https://images.proteinatlas.org/43105/2234_B10_168
https://images.proteinatlas.org/43640/2149_G5_63
https://images.proteinatlas.org/43105/2199_E11_21
https://images.proteinatlas.org/37859/1813_H1_1_cr59f19701c939b
https://images.proteinatlas.org/43640/2209_F4_31
https://images.proteinatlas.org/37859/1813_H1_16_cr59f19701c9e5f
https://images.proteinatlas.org/43105/2171_E9_57
https://images.proteinatlas.org/39954/2199_A5_11
https://images.proteinatlas.org/47232/1883_B8_27_cr5b7bd70254510
https://images.proteinatlas.org/45033/2171_G5_14
https://images.proteinatlas.org/43105/2234_B10_231
https://images.proteinatlas.org/43105/2178_B12_48
https://images.proteinatlas.org/45033/2171_G5_112
https://images.proteinatlas.org/43105/2199_E11_26
https://images.proteinatlas.org/45033/2206_H11_63
https://images.proteinatlas.org/28849/1984_E6_1_cr5e5cfa834ba1d
https://images.proteinatlas.org/39954/2199_A5_6
https://images.proteinatlas.org/28849/1984_E6_11_cr5e5cfa834bbc0
https://images.proteinatlas.org/47232/1883_B8_12_cr5b7bd702545a1
https://images.proteinatlas.org/78079/2177_F11_56
https://images.proteinatlas.org/78079/2165_F11_48
https://images.proteinatlas.org/78079/2149_F12_21
https://images.proteinatlas.org/45033/2232_B7_12
https://images.proteinatlas.org/45033/2232_B7_24
https://images.proteinatlas.org/78079/2149_F12_84
https://images.proteinatlas.org/43105/2171_E9_57
https://images.proteinatlas.org/45033/2206_H11_105
https://images.proteinatlas.org/78079/2177_F11_14
https://images.proteinatlas.org/43105/2171_E9_70
https://images.proteinatlas.org/43105/2234_B10_168
https://images.proteinatlas.org/78079/2165_F11_12
https://images.proteinatlas.org/43105/2234_B10_231
https://images.proteinatlas.org/43105/2199_E11_26
https://images.proteinatlas.org/634/2167_E7_56
https://images.proteinatlas.org/76910/1719_D3_8_cr5808d46fd2aa9
https://images.proteinatlas.org/76910/1719_D3_18_cr5804a6101fcfb
https://images.proteinatlas.org/634/2167_E7_70
https://images.proteinatlas.org/43105/2178_B12_24
https://images.proteinatlas.org/634/2129_E5_42
https://images.proteinatlas.org/14255/1637_E5_1_cr57b2e70726b55
https://images.proteinatlas.org/43105/2178_B12_48
https://images.proteinatlas.org/14255/1637_E5_10_cr57b2e70d44441
https://images.proteinatlas.org/43105/2199_E11_21
https://images.proteinatlas.org/72209/2205_B9_31
https://images.proteinatlas.org/77331/1732_E8_13_cr58061b26119af
https://images.proteinatlas.org/59251/2211_D3_1
https://images.proteinatlas.org/634/2120_A2_48
https://images.proteinatlas.org/59251/2211_D3_36
https://images.proteinatlas.org/634/2120_A2_24
https://images.proteinatlas.org/43105/2171_E9_70
https://images.proteinatlas.org/634/2129_E5_63
https://images.proteinatlas.org/43105/2178_B12_48
https://images.proteinatlas.org/72209/2205_B9_26
https://images.proteinatlas.org/43105/2234_B10_231
https://images.proteinatlas.org/43105/2199_E11_26
https://images.proteinatlas.org/77331/1732_E8_3_cr58061b1cc4bb9
https://images.proteinatlas.org/3193/2183_G8_70
https://images.proteinatlas.org/3193/2178_E7_25
https://images.proteinatlas.org/3193/2178_E7_48
https://images.proteinatlas.org/43105/2171_E9_57
https://images.proteinatlas.org/3193/2206_B11_22
https://images.proteinatlas.org/43105/2178_B12_24
https://images.proteinatlas.org/43105/2234_B10_168
https://images.proteinatlas.org/51700/1938_F2_20_cr5d668b6aa420d
https://images.proteinatlas.org/42570/2195_B11_16
https://images.proteinatlas.org/43105/2199_E11_21
https://images.proteinatlas.org/7390/1925_B8_16_cr5cd568559d2a6
https://images.proteinatlas.org/3193/2183_G8_84
https://images.proteinatlas.org/7390/1843_E2_19_cr5b07c7dd3ce0b
https://images.proteinatlas.org/42570/2195_B11_16
https://images.proteinatlas.org/56957/1702_C1_23_cr57ea8f55279ff
https://images.proteinatlas.org/3193/2206_B11_42
https://images.proteinatlas.org/56957/1702_C1_28_cr57ea8f5ceb7ca
https://images.proteinatlas.org/51700/1938_F2_25_cr5d668b6aa451c
https://images.proteinatlas.org/43105/2171_E9_70
https://images.proteinatlas.org/42570/2195_B11_6
https://images.proteinatlas.org/43105/2178_B12_48
https://images.proteinatlas.org/7390/1925_B8_29_cr5cd568559f340
https://images.proteinatlas.org/43105/2234_B10_231
https://images.proteinatlas.org/42570/2195_B11_6
https://images.proteinatlas.org/43105/2199_E11_26
https://images.proteinatlas.org/43105/2171_E9_57
https://images.proteinatlas.org/43105/2178_B12_24
https://images.proteinatlas.org/43105/2234_B10_168
https://images.proteinatlas.org/43105/2199_E11_21
https://images.proteinatlas.org/43105/2171_E9_57
https://images.proteinatlas.org/43105/2171_E9_70
https://images.proteinatlas.org/43105/2199_E11_26
https://images.proteinatlas.org/43105/2171_E9_57
https://images.proteinatlas.org/43105/2171_E9_70
https://images.proteinatlas.org/43105/2178_B12_24
https://images.proteinatlas.org/43105/2178_B12_48
https://images.proteinatlas.org/43105/2178_B12_24
https://images.proteinatlas.org/43105/2234_B10_168
https://images.proteinatlas.org/43105/2234_B10_231
https://images.proteinatlas.org/43105/2234_B10_231
https://images.proteinatlas.org/43105/2199_E11_26
https://images.proteinatlas.org/52059/si28_A1_4
https://images.proteinatlas.org/43105/2199_E11_21
https://images.proteinatlas.org/52059/si28_A2_1
https://images.proteinatlas.org/52059/si28_A3_1
https://images.proteinatlas.org/52059/si28_A3_2
https://images.proteinatlas.org/43105/2178_B12_48
https://images.proteinatlas.org/43105/2171_E9_57
https://images.proteinatlas.org/43105/2234_B10_168
https://images.proteinatlas.org/43105/2199_E11_21
https://images.proteinatlas.org/43105/2178_B12_24
https://images.proteinatlas.org/43105/2234_B10_231
https://images.proteinatlas.org/52059/si28_A1_3
https://images.proteinatlas.org/43105/2199_E11_21
https://images.proteinatlas.org/52059/si28_A2_2
https://images.proteinatlas.org/43105/2171_E9_57
https://images.proteinatlas.org/43105/2178_B12_24
https://images.proteinatlas.org/43105/2178_B12_48
https://images.proteinatlas.org/43105/2171_E9_70
https://images.proteinatlas.org/43105/2234_B10_168
https://images.proteinatlas.org/43105/2178_B12_48
https://images.proteinatlas.org/43105/2234_B10_168
https://images.proteinatlas.org/43105/2199_E11_21
https://images.proteinatlas.org/43105/2171_E9_70
https://images.proteinatlas.org/43105/2199_E11_26
https://images.proteinatlas.org/43105/2178_B12_24
https://images.proteinatlas.org/43105/2171_E9_70
https://images.proteinatlas.org/43105/2234_B10_168
https://images.proteinatlas.org/43105/2199_E11_21
https://images.proteinatlas.org/43105/2199_E11_26
https://images.proteinatlas.org/53745/2186_B10_36
https://images.proteinatlas.org/43105/2234_B10_231
https://images.proteinatlas.org/43105/2199_E11_26
https://images.proteinatlas.org/53745/2186_B10_72
https://images.proteinatlas.org/43105/2171_E9_57
https://images.proteinatlas.org/71876/2168_F10_14
https://images.proteinatlas.org/43105/2178_B12_48
https://images.proteinatlas.org/71876/2121_D11_36
https://images.proteinatlas.org/71876/2134_G10_21
https://images.proteinatlas.org/43105/2234_B10_231
https://images.proteinatlas.org/71876/2134_G10_84
https://images.proteinatlas.org/43105/2171_E9_70
